{"id":612,"ref":"Trạm thu phí","highways":[{"ways":[{"nodes":[[105.6694409,18.7242133]],"buffer_geometry":[[18.724213299904303,105.66963081540207],[18.724248389647816,105.66962716626955],[18.724282130919036,105.66961635902433],[18.724313227058648,105.66959880897909],[18.72434048305768,105.6695751905697],[18.724362851481295,105.66954641143754],[18.724379472721427,105.66951357754937],[18.724389708031374,105.66947795069562],[18.724393164072744,105.6694409],[18.724389708031374,105.66940384930437],[18.724379472721427,105.66936822245063],[18.724362851481295,105.66933538856246],[18.72434048305768,105.6693066094303],[18.724313227058648,105.6692829910209],[18.724282130919036,105.66926544097566],[18.724248389647816,105.66925463373045],[18.724213299904303,105.66925098459792],[18.724178210168077,105.66925463380778],[18.724144468917604,105.66926544111854],[18.724113372809036,105.66928299120761],[18.72408611684662,105.66930660963237],[18.724063748459628,105.66933538874916],[18.724047127250543,105.6693682225935],[18.724036891961333,105.66940384938172],[18.724033435927254,105.6694409],[18.724036891961333,105.66947795061827],[18.724047127250543,105.66951357740649],[18.724063748459628,105.66954641125083],[18.72408611684662,105.66957519036762],[18.724113372809036,105.66959880879239],[18.724144468917604,105.66961635888146],[18.724178210168077,105.66962716619221],[18.724213299904303,105.66963081540207]]}]}]}