{"id":970,"ref":"Trạm thu phí","highways":[{"ways":[{"nodes":[[104.0835269,22.362563]],"buffer_geometry":[[22.362562999883856,104.0837213907859],[22.36259808962815,104.08371765374804],[22.362631830901584,104.08370658614515],[22.36266292704451,104.08368861329438],[22.36269018304746,104.08366442587918],[22.362712551474985,104.08363495340728],[22.36272917271843,104.08360132849032],[22.362739408030606,104.0835648433181],[22.362742864072747,104.0835269],[22.362739408030606,104.08348895668188],[22.36272917271843,104.08345247150967],[22.362712551474985,104.0834188465927],[22.36269018304746,104.0833893741208],[22.36266292704451,104.0833651867056],[22.362631830901584,104.08334721385482],[22.36259808962815,104.08333614625194],[22.362562999883856,104.0833324092141],[22.362527910148405,104.08333614634807],[22.362494168900145,104.08334721403244],[22.362463072794895,104.08336518693767],[22.3624358168364,104.08338937437199],[22.36241344845332,104.08341884682477],[22.36239682724755,104.0834524716873],[22.36238659196056,104.083488956778],[22.362383135927256,104.0835269],[22.36238659196056,104.08356484322199],[22.36239682724755,104.0836013283127],[22.36241344845332,104.0836349531752],[22.3624358168364,104.083664425628],[22.362463072794895,104.08368861306231],[22.362494168900145,104.08370658596755],[22.362527910148405,104.08371765365192],[22.362562999883856,104.0837213907859]]}]}]}