{"id":692,"ref":"Trạm thu phí","highways":[{"ways":[{"nodes":[[106.7712217,10.9739408]],"buffer_geometry":[[10.973940799945254,106.7714049143551],[10.97397588968721,106.77140139396398],[10.974009630953988,106.77139096803218],[10.974040727086958,106.77137403722033],[10.974067983078156,106.77135125216866],[10.974090351493933,106.77132348849346],[10.974106972727423,106.7712918131377],[10.974117208032936,106.77125744336887],[10.974120664072741,106.7712217],[10.974117208032936,106.77118595663113],[10.974106972727423,106.7711515868623],[10.974090351493933,106.77111991150653],[10.974067983078156,106.77109214783134],[10.974040727086958,106.77106936277968],[10.974009630953988,106.77105243196783],[10.97397588968721,106.77104200603603],[10.973940799945254,106.77103848564491],[10.973905710207468,106.77104200607872],[10.973871968952553,106.7710524320467],[10.973840872837345,106.77106936288271],[10.973813616867096,106.77109214794287],[10.973791248472267,106.77111991160957],[10.973774627256537,106.77115158694117],[10.973764391962895,106.7711859566738],[10.973760935927254,106.7712217],[10.973764391962895,106.7712574433262],[10.973774627256537,106.77129181305884],[10.973791248472267,106.77132348839044],[10.973813616867096,106.77135125205714],[10.973840872837345,106.77137403711728],[10.973871968952553,106.77139096795331],[10.973905710207468,106.7714013939213],[10.973940799945254,106.7714049143551]]}]}]}