{"id":580,"ref":"Trạm thu phí","highways":[{"ways":[{"nodes":[[107.7876538,22.5502889]],"buffer_geometry":[[22.550288899882773,107.78784855434898],[22.550323989627106,107.78784481224736],[22.55035773090066,107.78783372964665],[22.550388827043765,107.78781573244032],[22.550416083046915,107.78779151224776],[22.55043845147465,107.78776199983632],[22.55045507271828,107.78772832935249],[22.550465308030564,107.78769179473724],[22.550468764072747,107.7876538],[22.550465308030564,107.78761580526276],[22.55045507271828,107.78757927064751],[22.55043845147465,107.78754560016368],[22.550416083046915,107.78751608775224],[22.550388827043765,107.78749186755968],[22.55035773090066,107.78747387035335],[22.550323989627106,107.78746278775264],[22.550288899882773,107.78745904565103],[22.550253810147368,107.7874627878498],[22.550220068899225,107.78747387053288],[22.550188972794153,107.78749186779423],[22.55016171683586,107.78751608800611],[22.550139348452987,107.78754560039823],[22.55012272724739,107.78757927082702],[22.550112491960522,107.78761580535992],[22.550109035927257,107.7876538],[22.550112491960522,107.78769179464008],[22.55012272724739,107.78772832917298],[22.550139348452987,107.78776199960177],[22.55016171683586,107.78779151199389],[22.550188972794153,107.78781573220577],[22.550220068899225,107.78783372946712],[22.550253810147368,107.7878448121502],[22.550288899882773,107.78784855434898]]}]}]}