{"id":656,"ref":"Trạm thu phí","highways":[{"ways":[{"nodes":[[103.5410874,23.1576291]],"buffer_geometry":[[23.157629099879248,103.54128302639303],[23.15766418962372,103.541279267537],[23.157697930897648,103.5412681353134],[23.157729027041324,103.5412500575225],[23.157756283045153,103.54122572888042],[23.15777865147356,103.5411960843221],[23.15779527271776,103.54116226307242],[23.157805508030428,103.54112556486628],[23.157808964072746,103.5410874],[23.157805508030428,103.54104923513373],[23.15779527271776,103.54101253692758],[23.15777865147356,103.54097871567791],[23.157756283045153,103.54094907111958],[23.157729027041324,103.54092474247749],[23.157697930897648,103.5409066646866],[23.15766418962372,103.540895532463],[23.157629099879248,103.54089177360697],[23.157594010143974,103.54089553256351],[23.157560268896216,103.54090666487232],[23.157529172791712,103.54092474272016],[23.157501916834093,103.54094907138224],[23.1574795484519,103.54097871592057],[23.157462927246872,103.54101253711333],[23.157452691960387,103.54104923523425],[23.157449235927253,103.5410874],[23.157452691960387,103.54112556476575],[23.157462927246872,103.54116226288667],[23.1574795484519,103.54119608407942],[23.157501916834093,103.54122572861776],[23.157529172791712,103.54125005727984],[23.157560268896216,103.54126813512767],[23.157594010143974,103.54127926743648],[23.157629099879248,103.54128302639303]]}]}]}