{"id":183,"ref":"Trạm thu phí","highways":[{"ways":[{"nodes":[[108.2675436,22.1333614]],"buffer_geometry":[[22.13336139988517,108.26773777277918],[22.133396489629416,108.26773404185111],[22.133430230902704,108.26772299234412],[22.13346132704542,108.26770504887995],[22.133488583048116,108.26768090101285],[22.133510951475387,108.2676514767307],[22.133527572718624,108.26761790679326],[22.133537808030653,108.26758148127746],[22.133541264072743,108.2675436],[22.133537808030653,108.26750571872253],[22.133527572718624,108.26746929320673],[22.133510951475387,108.2674357232693],[22.133488583048116,108.26740629898714],[22.13346132704542,108.26738215112005],[22.133430230902704,108.26736420765589],[22.133396489629416,108.26735315814888],[22.13336139988517,108.26734942722082],[22.133326310149673,108.26735315824375],[22.133292568901272,108.26736420783119],[22.133261472795805,108.2673821513491],[22.133234216837057,108.26740629923508],[22.133211848453723,108.26743572349835],[22.133195227247743,108.26746929338205],[22.13318499196061,108.26750571881742],[22.13318153592725,108.2675436],[22.13318499196061,108.26758148118257],[22.133195227247743,108.26761790661796],[22.133211848453723,108.26765147650165],[22.133234216837057,108.26768090076493],[22.133261472795805,108.2677050486509],[22.133292568901272,108.26772299216881],[22.133326310149673,108.26773404175624],[22.13336139988517,108.26773777277918]]}]}]}