{"id":258,"ref":"Trạm thu phí","highways":[{"ways":[{"nodes":[[107.5114593,22.3319856]],"buffer_geometry":[[22.331985599884028,107.51165374812103],[22.332020689628315,107.51165001190289],[22.332054430901728,107.5116389467278],[22.332085527044633,107.51162097781963],[22.332112783047542,107.51159679571035],[22.332135151475036,107.51156732970375],[22.332151772718458,107.51153371216301],[22.332162008030608,107.51149723499452],[22.332165464072744,107.5114593],[22.332162008030608,107.51142136500548],[22.332151772718458,107.51138488783698],[22.332135151475036,107.51135127029626],[22.332112783047542,107.51132180428966],[22.332085527044633,107.51129762218038],[22.332054430901728,107.5112796532722],[22.332020689628315,107.51126858809712],[22.331985599884028,107.51126485187898],[22.331950510148573,107.51126858819309],[22.331916768900292,107.5112796534495],[22.331885672795014,107.51129762241204],[22.331858416836482,107.51132180454042],[22.331836048453376,107.51135127052792],[22.331819427247574,107.51138488801428],[22.331809191960566,107.51142136510143],[22.33180573592725,107.5114593],[22.331809191960566,107.51149723489857],[22.331819427247574,107.51153371198572],[22.331836048453376,107.51156732947209],[22.331858416836482,107.5115967954596],[22.331885672795014,107.51162097758797],[22.331916768900292,107.51163894655049],[22.331950510148573,107.51165001180692],[22.331985599884028,107.51165374812103]]}]}]}