{"id":808,"ref":"Trạm thu phí","highways":[{"ways":[{"nodes":[[105.71238,9.374104]],"buffer_geometry":[[9.374103999953395,105.71256229850903],[9.374139089695042,105.71255879571237],[9.374172830960937,105.7125484218947],[9.374203927092585,105.71253157571427],[9.374231183082227,105.71250890455917],[9.374253551496446,105.71248127966878],[9.374270172728618,105.71244976265255],[9.37428040803325,105.7124155646929],[9.374283864072744,105.71238],[9.37428040803325,105.7123444353071],[9.374270172728618,105.71231023734744],[9.374253551496446,105.71227872033121],[9.374231183082227,105.71225109544082],[9.374203927092585,105.71222842428574],[9.374172830960937,105.7122115781053],[9.374139089695042,105.71220120428762],[9.374103999953395,105.71219770149096],[9.374068910215298,105.71220120432379],[9.374035168959503,105.7122115781721],[9.374004072842974,105.71222842437301],[9.373976816871167,105.7122510955353],[9.373954448474784,105.7122787204185],[9.373937827257732,105.71231023741424],[9.373927591963206,105.71234443534324],[9.373924135927256,105.71238],[9.373927591963206,105.71241556465675],[9.373937827257732,105.71244976258575],[9.373954448474784,105.7124812795815],[9.373976816871167,105.7125089044647],[9.374004072842974,105.71253157562698],[9.374035168959503,105.7125484218279],[9.374068910215298,105.71255879567622],[9.374103999953395,105.71256229850903]]}]}]}