{"id":23,"ref":"Trạm thu phí","highways":[{"ways":[{"nodes":[[104.0321825,13.6105008]],"buffer_geometry":[[13.610500799931645,104.03236756097563],[13.610535889674118,104.03236400510778],[13.610569630942372,104.03235347409738],[13.610600727077548,104.03233637264263],[13.610627983071351,104.03231335794113],[13.610650351489733,104.03228531443433],[13.610666972725431,104.03225331981908],[13.61067720803242,104.03221860363226],[13.610680664072744,104.0321825],[13.61067720803242,104.03214639636776],[13.610666972725431,104.03211168018093],[13.610650351489733,104.03207968556568],[13.610627983071351,104.03205164205889],[13.610600727077548,104.03202862735738],[13.610569630942372,104.03201152590263],[13.610535889674118,104.03200099489224],[13.610500799931645,104.0319974390244],[13.610465710194376,104.03200099494606],[13.610431968940937,104.0320115260021],[13.610400872827936,104.03202862748734],[13.610373616860292,104.03205164219955],[13.610351248468069,104.03207968569563],[13.610334627254545,104.0321116802804],[13.610324391962378,104.0321463964216],[13.610320935927255,104.0321825],[13.610324391962378,104.03221860357843],[13.610334627254545,104.03225331971962],[13.610351248468069,104.03228531430437],[13.610373616860292,104.03231335780048],[13.610400872827936,104.03233637251267],[13.610431968940937,104.03235347399792],[13.610465710194376,104.03236400505395],[13.610500799931645,104.03236756097563]]}]}]}