{"id":175,"ref":"Trạm thu phí","highways":[{"ways":[{"nodes":[[103.9409402,22.5438999]],"buffer_geometry":[[22.543899899882806,103.94113494533285],[22.54393498962714,103.94113120340444],[22.543968730900687,103.9411201213168],[22.543999827043788,103.94110212494363],[22.544027083046934,103.94107790587236],[22.54404945147466,103.94104839482718],[22.544066072718284,103.94101472590214],[22.544076308030565,103.94097819297825],[22.544079764072745,103.94094020000001],[22.544076308030565,103.94090220702176],[22.544066072718284,103.94086567409788],[22.54404945147466,103.94083200517284],[22.544027083046934,103.94080249412765],[22.543999827043788,103.94077827505639],[22.543968730900687,103.94076027868321],[22.54393498962714,103.94074919659558],[22.543899899882806,103.94074545466717],[22.543864810147397,103.94074919669268],[22.543831068899255,103.94076027886267],[22.543799972794176,103.94077827529084],[22.543772716835875,103.94080249438144],[22.543750348452996,103.94083200540729],[22.543733727247393,103.94086567427732],[22.54372349196052,103.94090220711887],[22.543720035927254,103.94094020000001],[22.54372349196052,103.94097819288115],[22.543733727247393,103.9410147257227],[22.543750348452996,103.94104839459273],[22.543772716835875,103.94107790561857],[22.543799972794176,103.94110212470918],[22.543831068899255,103.94112012113736],[22.543864810147397,103.94113120330734],[22.543899899882806,103.94113494533285]]}]}]}