{"id":18,"ref":"Trạm thu phí","highways":[{"ways":[{"nodes":[[107.762532,22.990093]],"buffer_geometry":[[22.990092999880222,107.76272738286458],[22.99012808962466,107.76272362868741],[22.990161830898487,107.76271251032159],[22.990192927042003,107.76269445503488],[22.99022018304564,107.7626701566786],[22.990242551473866,107.76264054902381],[22.990259172717906,107.76260676987724],[22.990269408030468,107.76257011735576],[22.990272864072747,107.76253200000001],[22.990269408030468,107.76249388264424],[22.990259172717906,107.76245723012276],[22.990242551473866,107.7624234509762],[22.99022018304564,107.76239384332142],[22.990192927042003,107.76236954496513],[22.990161830898487,107.76235148967841],[22.99012808962466,107.76234037131259],[22.990092999880222,107.76233661713542],[22.990057910144913,107.76234037141217],[22.990024168897047,107.76235148986241],[22.989993072792387,107.76236954520554],[22.989965816834584,107.76239384358165],[22.989943448452202,107.7624234512166],[22.989926827247018,107.76245723030677],[22.989916591960426,107.76249388274383],[22.989913135927257,107.76253200000001],[22.989916591960426,107.76257011725617],[22.989926827247018,107.76260676969324],[22.989943448452202,107.7626405487834],[22.989965816834584,107.76267015641835],[22.989993072792387,107.76269445479446],[22.990024168897047,107.76271251013759],[22.990057910144913,107.76272362858784],[22.990092999880222,107.76272738286458]]}]}]}