{"id":559,"ref":"Trạm thu phí","highways":[{"ways":[{"nodes":[[106.011753,20.2917485]],"buffer_geometry":[[20.291748499895615,106.01194476523635],[20.291783589639458,106.01194108056369],[20.29181733091162,106.0119301680556],[20.29184842705264,106.01191244706953],[20.291875683053338,106.01188859861031],[20.29189805147861,106.01185953915986],[20.291914672720157,106.01182638545755],[20.29192490803105,106.01179041158431],[20.291928364072746,106.01175300000001],[20.29192490803105,106.0117155884157],[20.291914672720157,106.01167961454246],[20.29189805147861,106.01164646084015],[20.291875683053338,106.0116174013897],[20.29184842705264,106.01159355293048],[20.29181733091162,106.01157583194441],[20.291783589639458,106.01156491943632],[20.291748499895615,106.01156123476366],[20.291713410159716,106.0115649195215],[20.29167966891018,106.0115758321018],[20.291648572803027,106.01159355313611],[20.291621316842278,106.01161740161228],[20.291598948456947,106.0116464610458],[20.29158232724927,106.01167961469986],[20.291572091961005,106.01171558850089],[20.291568635927256,106.01175300000001],[20.291572091961005,106.01179041149912],[20.29158232724927,106.01182638530015],[20.291598948456947,106.01185953895423],[20.291621316842278,106.01188859838773],[20.291648572803027,106.0119124468639],[20.29167966891018,106.01193016789821],[20.291713410159716,106.01194108047852],[20.291748499895615,106.01194476523635]]}]}]}