{"id":195,"ref":"Trạm thu phí","highways":[{"ways":[{"nodes":[[108.9118681,22.2868599]],"buffer_geometry":[[22.286859899884288,108.9120624852921],[22.286894989628568,108.91205875028108],[22.286928730901952,108.91204768868121],[22.28695982704481,108.91202972557899],[22.286987083047674,108.91200555128326],[22.287009451475114,108.91197609479757],[22.287026072718497,108.91194248811921],[22.287036308030622,108.9119060227371],[22.287039764072745,108.9118681],[22.287036308030622,108.91183017726293],[22.287026072718497,108.91179371188082],[22.287009451475114,108.91176010520246],[22.286987083047674,108.91173064871676],[22.28695982704481,108.91170647442104],[22.286928730901952,108.91168851131881],[22.286894989628568,108.91167744971895],[22.286859899884288,108.91167371470793],[22.286824810148826,108.91167744981468],[22.286791068900516,108.91168851149565],[22.286759972795195,108.91170647465209],[22.28673271683661,108.91173064896687],[22.286710348453454,108.91176010543353],[22.28669372724761,108.91179371205767],[22.286683491960577,108.91183017735864],[22.28668003592725,108.9118681],[22.286683491960577,108.91190602264139],[22.28669372724761,108.91194248794235],[22.286710348453454,108.9119760945665],[22.28673271683661,108.91200555103316],[22.286759972795195,108.91202972534792],[22.286791068900516,108.91204768850436],[22.286824810148826,108.91205875018535],[22.286859899884288,108.9120624852921]]}]}]}