{"id":82,"ref":"Trạm thu phí","highways":[{"ways":[{"nodes":[[102.3013125,12.1884657]],"buffer_geometry":[[12.18846569993902,102.30149651199447],[12.188500789681214,102.30149297627946],[12.188534530948669,102.30148250495954],[12.188565627082648,102.30146550043932],[12.18859288307504,102.3014426161915],[12.18861525149201,102.30141473164429],[12.188631872726514,102.30138291838576],[12.1886421080327,102.30134839898312],[12.188645564072743,102.3013125],[12.1886421080327,102.30127660101687],[12.188631872726514,102.30124208161423],[12.18861525149201,102.30121026835572],[12.18859288307504,102.30118238380851],[12.188565627082648,102.30115949956067],[12.188534530948669,102.30114249504045],[12.188500789681214,102.30113202372054],[12.18846569993902,102.30112848800553],[12.188430610201472,102.30113202376828],[12.188396868947233,102.30114249512869],[12.188365772833036,102.30115949967595],[12.18833851686398,102.30118238393328],[12.188316148470346,102.30121026847098],[12.188299527255625,102.30124208170247],[12.18828929196266,102.30127660106461],[12.188285835927255,102.3013125],[12.18828929196266,102.30134839893537],[12.188299527255625,102.30138291829752],[12.188316148470346,102.30141473152901],[12.18833851686398,102.30144261606671],[12.188365772833036,102.30146550032406],[12.188396868947233,102.3014825048713],[12.188430610201472,102.30149297623171],[12.18846569993902,102.30149651199447]]}]}]}