{"id":93,"ref":"Trạm thu phí","highways":[{"ways":[{"nodes":[[106.8021302,23.7275253]],"buffer_geometry":[[23.727525299875907,106.80232667196825],[23.727560389620503,106.80232289686633],[23.727594130894797,106.802311716526],[23.727625227039017,106.80229356059648],[23.72765248304348,106.8022691267966],[23.72767485147253,106.80223935410241],[23.727691472717265,106.802205386663],[23.727701708030295,106.8021685298314],[23.727705164072745,106.8021302],[23.727701708030295,106.80209187016858],[23.727691472717265,106.80205501333698],[23.72767485147253,106.80202104589758],[23.72765248304348,106.80199127320338],[23.727625227039017,106.8019668394035],[23.727594130894797,106.80194868347398],[23.727560389620503,106.80193750313366],[23.727525299875907,106.80193372803174],[23.727490210140765,106.8019375032374],[23.727456468893365,106.80194868366567],[23.727425372789405,106.80196683965397],[23.727398116832426,106.80199127347448],[23.727375748450864,106.80202104614804],[23.727359127246384,106.80205501352867],[23.727348891960258,106.8020918702723],[23.72734543592725,106.8021302],[23.727348891960258,106.80216852972768],[23.727359127246384,106.80220538647131],[23.727375748450864,106.80223935385195],[23.727398116832426,106.8022691265255],[23.727425372789405,106.80229356034602],[23.727456468893365,106.80231171633432],[23.727490210140765,106.80232289676259],[23.727525299875907,106.80232667196825]]}]}]}