{"id":431,"ref":"Trạm thu phí","highways":[{"ways":[{"nodes":[[102.8578931,23.9389919]],"buffer_geometry":[[23.938991899874665,102.85808989255618],[23.93902698961931,102.85808611129487],[23.939060730893736,102.85807491271176],[23.93909182703816,102.85805672715708],[23.93911908304286,102.85803225348809],[23.939141451472146,102.85800243221298],[23.93915807271709,102.85796840934783],[23.939168308030258,102.85793149237563],[23.939171764072746,102.8578931],[23.939168308030258,102.85785470762437],[23.93915807271709,102.85781779065218],[23.939141451472146,102.85778376778703],[23.93911908304286,102.8577539465119],[23.93909182703816,102.85772947284293],[23.939060730893736,102.85771128728824],[23.93902698961931,102.85770008870514],[23.938991899874665,102.85769630744383],[23.938956810139565,102.85770008881009],[23.938923068892304,102.85771128748218],[23.938891972788543,102.85772947309631],[23.9388647168318,102.85775394678618],[23.938842348450486,102.8577837680404],[23.938825727246204,102.85781779084611],[23.93881549196021,102.85785470772932],[23.938812035927256,102.8578931],[23.93881549196021,102.85793149227068],[23.938825727246204,102.85796840915388],[23.938842348450486,102.85800243195959],[23.9388647168318,102.85803225321382],[23.938891972788543,102.85805672690368],[23.938923068892304,102.85807491251782],[23.938956810139565,102.8580861111899],[23.938991899874665,102.85808989255618]]}]}]}