{"id":113,"ref":"Trạm thu phí","highways":[{"ways":[{"nodes":[[106.5965273,10.7950209]],"buffer_geometry":[[10.795020899946172,106.59671040437367],[10.79505598968809,106.59670688609545],[10.79508973095477,106.59669646642189],[10.795120827087594,106.59667954577321],[10.795148083078617,106.5966567743991],[10.795170451494217,106.59662902739018],[10.79518707272756,106.59659737104896],[10.795197308032973,106.5965630219122],[10.795200764072744,106.5965273],[10.795197308032973,106.59649157808782],[10.79518707272756,106.59645722895107],[10.795170451494217,106.59642557260985],[10.795148083078617,106.59639782560093],[10.795120827087594,106.59637505422681],[10.79508973095477,106.59635813357814],[10.79505598968809,106.59634771390458],[10.795020899946172,106.59634419562636],[10.794985810208349,106.59634771394651],[10.794952068953338,106.59635813365563],[10.794920972837978,106.59637505432806],[10.794893716867556,106.59639782571053],[10.794871348472553,106.5964255727111],[10.794854727256673,106.59645722902857],[10.794844491962929,106.59649157812976],[10.794841035927258,106.5965273],[10.794844491962929,106.59656302187027],[10.794854727256673,106.59659737097145],[10.794871348472553,106.59662902728891],[10.794893716867556,106.59665677428949],[10.794920972837978,106.59667954567196],[10.794952068953338,106.5966964663444],[10.794985810208349,106.5967068860535],[10.795020899946172,106.59671040437367]]}]}]}