{"id":735,"ref":"Trạm thu phí","highways":[{"ways":[{"nodes":[[106.5491571,10.6697264]],"buffer_geometry":[[10.66972639994681,106.5493401284962],[10.669761489688709,106.54933661167567],[10.669795230955316,106.54932619631977],[10.669826327088034,106.54930928268278],[10.669853583078934,106.54928652074494],[10.669875951494413,106.54925878523429],[10.669892572727655,106.54922714201142],[10.669902808033,106.54919280710897],[10.669906264072745,106.5491571],[10.669902808033,106.54912139289102],[10.669892572727655,106.54908705798857],[10.669875951494413,106.5490554147657],[10.669853583078934,106.54902767925505],[10.669826327088034,106.54900491731722],[10.669795230955316,106.54898800368022],[10.669761489688709,106.54897758832432],[10.66972639994681,106.54897407150379],[10.669691310208966,106.54897758836574],[10.669657568953882,106.54898800375676],[10.66962647283842,106.54900491741722],[10.669599216867876,106.5490276793633],[10.669576848472751,106.54905541486572],[10.669560227256767,106.54908705806513],[10.669549991962956,106.54912139293245],[10.669546535927255,106.5491571],[10.669549991962956,106.54919280706754],[10.669560227256767,106.54922714193486],[10.669576848472751,106.54925878513428],[10.669599216867876,106.54928652063668],[10.66962647283842,106.54930928258277],[10.669657568953882,106.54932619624323],[10.669691310208966,106.54933661163425],[10.66972639994681,106.5493401284962]]}]}]}