{"id":585,"ref":"Trạm thu phí","highways":[{"ways":[{"nodes":[[108.2681244,22.6991525]],"buffer_geometry":[[22.69915249988191,108.26831936534825],[22.699187589626277,108.26831561919272],[22.69922133089992,108.2683045245853],[22.699252427043167,108.26828650788077],[22.699279683046488,108.26826226144784],[22.699302051474383,108.26823271706222],[22.69931867271815,108.26819901009918],[22.69932890803053,108.26816243590156],[22.699332364072745,108.2681244],[22.69932890803053,108.26808636409847],[22.69931867271815,108.26804978990084],[22.699302051474383,108.26801608293779],[22.699279683046488,108.26798653855218],[22.699252427043167,108.26796229211925],[22.69922133089992,108.26794427541472],[22.699187589626277,108.2679331808073],[22.69915249988191,108.26792943465178],[22.699117410146535,108.26793318090527],[22.69908366889849,108.26794427559575],[22.69905257279355,108.26796229235578],[22.699025316835428,108.26798653880819],[22.699002948452716,108.26801608317433],[22.698986327247262,108.26804979008188],[22.698976091960485,108.26808636419644],[22.698972635927255,108.2681244],[22.698976091960485,108.26816243580359],[22.698986327247262,108.26819900991815],[22.699002948452716,108.2682327168257],[22.699025316835428,108.26826226119184],[22.69905257279355,108.26828650764425],[22.69908366889849,108.26830452440427],[22.699117410146535,108.26831561909475],[22.69915249988191,108.26831936534825]]}]}]}