{"id":502,"ref":"Trạm thu phí","highways":[{"ways":[{"nodes":[[108.7517278,15.1579233]],"buffer_geometry":[[15.157923299923521,108.75191414732349],[15.1579583896663,108.75191056674224],[15.157992130935439,108.75189996253413],[15.158023227071931,108.75188274221001],[15.158050483067292,108.75185956753533],[15.158072851487226,108.75183132909913],[15.158089472724242,108.75179911208939],[15.158099708032115,108.75176415458967],[15.158103164072747,108.7517278],[15.158099708032115,108.75169144541032],[15.158089472724242,108.7516564879106],[15.158072851487226,108.75162427090086],[15.158050483067292,108.75159603246466],[15.158023227071931,108.75157285778997],[15.157992130935439,108.75155563746586],[15.1579583896663,108.75154503325776],[15.157923299923521,108.7515414526765],[15.157888210186561,108.75154503331841],[15.157854468934003,108.75155563757792],[15.157823372822321,108.7515728579364],[15.15779611685623,108.75159603262314],[15.157773748465564,108.75162427104726],[15.15775712725336,108.75165648802266],[15.157746891962068,108.75169144547097],[15.157743435927257,108.7517278],[15.157746891962068,108.75176415452903],[15.15775712725336,108.75179911197733],[15.157773748465564,108.75183132895273],[15.15779611685623,108.75185956737685],[15.157823372822321,108.7518827420636],[15.157854468934003,108.75189996242207],[15.157888210186561,108.75191056668159],[15.157923299923521,108.75191414732349]]}]}]}