{"id":987,"ref":"Trạm thu phí","highways":[{"ways":[{"nodes":[[107.9546307,10.9175656]],"buffer_geometry":[[10.917565599945544,107.95481387949445],[10.917600689687488,107.95481035977305],[10.917634430954235,107.95479993582491],[10.917665527087156,107.95478300823447],[10.9176927830783,107.95476022751815],[10.917715151494024,107.95473246912566],[10.917731772727468,107.95470079979688],[10.91774200803295,107.95466643656779],[10.917745464072745,107.9546307],[10.91774200803295,107.95459496343221],[10.917731772727468,107.95456060020311],[10.917715151494024,107.95452893087435],[10.9176927830783,107.95450117248186],[10.917665527087156,107.95447839176553],[10.917634430954235,107.9544614641751],[10.917600689687488,107.95445104022696],[10.917565599945544,107.95444752050555],[10.917530510207747,107.9544510402694],[10.917496768952802,107.95446146425353],[10.917465672837546,107.95447839186801],[10.917438416867242,107.95450117259276],[10.917416048472358,107.95452893097682],[10.91739942725658,107.95456060028155],[10.917389191962906,107.95459496347466],[10.917385735927255,107.9546307],[10.917389191962906,107.95466643652533],[10.91739942725658,107.95470079971845],[10.917416048472358,107.95473246902318],[10.917438416867242,107.95476022740723],[10.917465672837546,107.95478300813198],[10.917496768952802,107.95479993574648],[10.917530510207747,107.9548103597306],[10.917565599945544,107.95481387949445]]}]}]}