{"id":397,"ref":"Trạm thu phí","highways":[{"ways":[{"nodes":[[106.9659011,20.9745781]],"buffer_geometry":[[20.97457809989177,106.96609372771188],[20.97461318963576,106.96609002646876],[20.974646930908335,106.96607906488235],[20.974678027049983,106.966061264196],[20.974705283051417,106.96603730847723],[20.974727651477426,106.96600811832985],[20.974744272719594,106.9659748155159],[20.9747545080309,106.9659386798467],[20.974757964072744,106.9659011],[20.9747545080309,106.96586352015329],[20.974744272719594,106.96582738448409],[20.974727651477426,106.96579408167014],[20.974705283051417,106.96576489152278],[20.974678027049983,106.96574093580399],[20.974646930908335,106.96572313511764],[20.97461318963576,106.96571217353123],[20.97457809989177,106.96570847228813],[20.97454301015602,106.96571217361995],[20.974509268906903,106.96572313528155],[20.974478172800367,106.96574093601818],[20.974450916840357,106.96576489175459],[20.974428548455762,106.96579408188431],[20.974411927248706,106.96582738464801],[20.974401691960857,106.96586352024201],[20.974398235927254,106.9659011],[20.974401691960857,106.96593867975798],[20.974411927248706,106.965974815352],[20.974428548455762,106.9660081181157],[20.974450916840357,106.9660373082454],[20.974478172800367,106.96606126398183],[20.974509268906903,106.96607906471844],[20.97454301015602,106.96609002638006],[20.97457809989177,106.96609372771188]]}]}]}