{"id":172,"ref":"Trạm thu phí","highways":[{"ways":[{"nodes":[[105.6060753,21.3572515]],"buffer_geometry":[[21.357251499889603,105.60626842649562],[21.357286589633677,105.60626471566952],[21.35732033090649,105.6062537257003],[21.357351427048485,105.60623587892195],[21.35737868305033,105.60621186117322],[21.35740105147676,105.6061825954417],[21.357417672719276,105.60614920639404],[21.35742790803082,105.60611297715559],[21.357431364072745,105.6060753],[21.35742790803082,105.60603762284443],[21.357417672719276,105.60600139360596],[21.35740105147676,105.60596800455832],[21.35737868305033,105.6059387388268],[21.357351427048485,105.60591472107805],[21.35732033090649,105.6058968742997],[21.357286589633677,105.60588588433048],[21.357251499889603,105.60588217350438],[21.35721641015394,105.6058858844212],[21.357182668905057,105.60589687446733],[21.357151572798873,105.60591472129708],[21.357124316839275,105.60593873906386],[21.357101948455092,105.60596800477734],[21.357085327248388,105.6060013937736],[21.357075091960777,105.60603762293515],[21.357071635927255,105.6060753],[21.357075091960777,105.60611297706487],[21.357085327248388,105.6061492062264],[21.357101948455092,105.60618259522266],[21.357124316839275,105.60621186093614],[21.357151572798873,105.60623587870293],[21.357182668905057,105.60625372553268],[21.35721641015394,105.6062647155788],[21.357251499889603,105.60626842649562]]}]}]}