{"id":504,"ref":"Trạm thu phí","highways":[{"ways":[{"nodes":[[108.59308,15.4422358]],"buffer_geometry":[[15.442235799922013,108.59326660046395],[15.442270889664854,108.59326301501933],[15.44230463093415,108.59325239640661],[15.44233572707089,108.59323515269017],[15.442362983066536,108.59321194653434],[15.442385351486761,108.593183669738],[15.44240197272402,108.59315140896325],[15.442412208032056,108.59311640397556],[15.442415664072746,108.59308],[15.442412208032056,108.59304359602444],[15.44240197272402,108.59300859103676],[15.442385351486761,108.59297633026202],[15.442362983066536,108.59294805346566],[15.44233572707089,108.59292484730985],[15.44230463093415,108.5929076035934],[15.442270889664854,108.59289698498067],[15.442235799922013,108.59289339953605],[15.442200710185114,108.59289698504261],[15.442166968932717,108.59290760370781],[15.442135872821277,108.59292484745934],[15.442108616855476,108.59294805362748],[15.442086248465095,108.59297633041152],[15.442069627253137,108.59300859115119],[15.44205939196201,108.59304359608636],[15.442055935927256,108.59308],[15.44205939196201,108.59311640391364],[15.442069627253137,108.59315140884883],[15.442086248465095,108.5931836695885],[15.442108616855476,108.59321194637253],[15.442135872821277,108.59323515254067],[15.442166968932717,108.5932523962922],[15.442200710185114,108.5932630149574],[15.442235799922013,108.59326660046395]]}]}]}