{"id":179,"ref":"Trạm thu phí","highways":[{"ways":[{"nodes":[[104.4552624,23.6686211]],"buffer_geometry":[[23.668621099876255,104.45545878333009],[23.668656189620837,104.45545500993116],[23.668689930895095,104.45544383463472],[23.668721027039258,104.45542568689615],[23.66874828304366,104.45540126411952],[23.668770651472638,104.45537150485728],[23.66878727271732,104.45533755274235],[23.668797508030313,104.4553007125388],[23.668800964072744,104.4552624],[23.668797508030313,104.45522408746119],[23.66878727271732,104.45518724725765],[23.668770651472638,104.45515329514272],[23.66874828304366,104.45512353588049],[23.668721027039258,104.45509911310386],[23.668689930895095,104.45508096536528],[23.668656189620837,104.45506979006883],[23.668621099876255,104.45506601666992],[23.668586010141098,104.45506979017225],[23.66855226889366,104.45508096555635],[23.668521172789642,104.45509911335351],[23.6684939168326,104.45512353615071],[23.66847154845097,104.45515329539238],[23.668454927246437,104.45518724744872],[23.668444691960275,104.4552240875646],[23.66844123592725,104.4552624],[23.668444691960275,104.4553007124354],[23.668454927246437,104.45533755255127],[23.66847154845097,104.45537150460763],[23.6684939168326,104.4554012638493],[23.668521172789642,104.45542568664649],[23.66855226889366,104.45544383444364],[23.668586010141098,104.45545500982776],[23.668621099876255,104.45545878333009]]}]}]}