{"id":232,"ref":"Trạm thu phí","highways":[{"ways":[{"nodes":[[106.6625634,23.3541751]],"buffer_geometry":[[23.3541750998781,106.66275931500316],[23.354210189622613,106.66275555060211],[23.35424393089667,106.66274440195541],[23.354275027040533,106.66272629749439],[23.35430228304458,106.66270193296005],[23.35432465147321,106.66267224466662],[23.35434127271759,106.66263837351974],[23.354351508030387,106.66260162117186],[23.354354964072744,106.6625634],[23.354351508030387,106.66252517882813],[23.35434127271759,106.66248842648024],[23.35432465147321,106.66245455533335],[23.35430228304458,106.66242486703995],[23.354275027040533,106.66240050250559],[23.35424393089667,106.66238239804457],[23.354210189622613,106.66237124939786],[23.3541750998781,106.66236748499684],[23.35414001014287,106.6623712494995],[23.354106268895233,106.66238239823235],[23.354075172790917,106.66240050275094],[23.35404791683352,106.66242486730549],[23.354025548451542,106.6624545555787],[23.354008927246706,106.66248842666802],[23.353998691960342,106.66252517892976],[23.353995235927254,106.6625634],[23.353998691960342,106.66260162107024],[23.354008927246706,106.66263837333196],[23.354025548451542,106.66267224442127],[23.35404791683352,106.66270193269449],[23.354075172790917,106.66272629724904],[23.354106268895233,106.66274440176764],[23.35414001014287,106.66275555050049],[23.3541750998781,106.66275931500316]]}]}]}