{"id":1018,"ref":"Trạm thu phí","highways":[{"ways":[{"nodes":[[105.5865241,18.8233484]],"buffer_geometry":[[18.823348399903765,105.5867141271311],[18.8233834896473,105.58671047585197],[18.823417230918576,105.58669966224895],[18.823448327058273,105.58668210187896],[18.823475583057412,105.58665846957469],[18.823497951481126,105.58662967351145],[18.823514572721347,105.58659682030668],[18.82352480803136,105.5865611724931],[18.823528264072745,105.5865241],[18.82352480803136,105.5864870275069],[18.823514572721347,105.58645137969333],[18.823497951481126,105.58641852648856],[18.823475583057412,105.58638973042531],[18.823448327058273,105.58636609812105],[18.823417230918576,105.58634853775106],[18.8233834896473,105.58633772414804],[18.823348399903765,105.58633407286891],[18.82331331016756,105.58633772422586],[18.823279568917137,105.58634853789485],[18.823248472808665,105.58636609830891],[18.823221216846353,105.58638973062867],[18.823198848459462,105.58641852667643],[18.823182227250467,105.58645137983713],[18.82317199196132,105.58648702758471],[18.823168535927252,105.5865241],[18.82317199196132,105.5865611724153],[18.823182227250467,105.58659682016288],[18.823198848459462,105.58662967332359],[18.823221216846353,105.58665846937134],[18.823248472808665,105.5866821016911],[18.823279568917137,105.58669966210516],[18.82331331016756,105.58671047577415],[18.823348399903765,105.5867141271311]]}]}]}