{"id":418,"ref":"Trạm thu phí","highways":[{"ways":[{"nodes":[[105.7868412,21.2179723]],"buffer_geometry":[[21.217972299890395,105.78703414366133],[21.21800738963444,105.78703043634796],[21.21804113090716,105.78701945678276],[21.21807222704903,105.78700162689991],[21.21809948305072,105.78697763188887],[21.218121851477004,105.78694839386351],[21.21813847271939,105.78691503642571],[21.21814870803085,105.78687884148601],[21.21815216407274,105.7868412],[21.21814870803085,105.78680355851398],[21.21813847271939,105.78676736357428],[21.218121851477004,105.78673400613648],[21.21809948305072,105.78670476811111],[21.21807222704903,105.78668077310009],[21.21804113090716,105.78666294321724],[21.21800738963444,105.78665196365202],[21.217972299890395,105.78664825633867],[21.217937210154698,105.78665196374202],[21.217903468905725,105.7866629433835],[21.21787237279942,105.78668077331734],[21.217845116839666,105.78670476834625],[21.217822748455333,105.78673400635374],[21.217806127248505,105.78676736374057],[21.21779589196081,105.78680355860398],[21.217792435927255,105.7868412],[21.21779589196081,105.78687884139602],[21.217806127248505,105.78691503625943],[21.217822748455333,105.78694839364626],[21.217845116839666,105.78697763165374],[21.21787237279942,105.78700162668265],[21.217903468905725,105.78701945661649],[21.217937210154698,105.78703043625798],[21.217972299890395,105.78703414366133]]}]}]}