{"id":931,"ref":"Trạm thu phí","highways":[{"ways":[{"nodes":[[106.9825805,20.8584239]],"buffer_geometry":[[20.858423899892426,106.98277297851985],[20.858458989636393,106.98276928014312],[20.8584927309089,106.98275832704635],[20.858523827050433,106.98274054014664],[20.858551083051744,106.98271660298174],[20.858573451477625,106.98268743544247],[20.858590072719686,106.98265415842204],[20.858600308030926,106.98261805074048],[20.858603764072743,106.9825805],[20.858600308030926,106.98254294925952],[20.858590072719686,106.98250684157796],[20.858573451477625,106.98247356455752],[20.858551083051744,106.98244439701826],[20.858523827050433,106.98242045985336],[20.8584927309089,106.98240267295365],[20.858458989636393,106.98239171985688],[20.858423899892426,106.98238802148015],[20.858388810156647,106.98239171994497],[20.85835506890746,106.98240267311645],[20.858323972800825,106.98242046006607],[20.85829671684068,106.98244439724849],[20.858274348455964,106.98247356477022],[20.858257727248798,106.98250684174077],[20.858247491960878,106.98254294934763],[20.858244035927253,106.9825805],[20.858247491960878,106.98261805065236],[20.858257727248798,106.98265415825924],[20.858274348455964,106.98268743522978],[20.85829671684068,106.98271660275151],[20.858323972800825,106.98274053993393],[20.85835506890746,106.98275832688354],[20.858388810156647,106.98276928005502],[20.858423899892426,106.98277297851985]]}]}]}