{"id":122,"ref":"Trạm thu phí","highways":[{"ways":[{"nodes":[[105.9385946,20.6479864]],"buffer_geometry":[[20.647986399893615,105.93878681082488],[20.648021489637536,105.93878311759129],[20.648055230909915,105.93877217972742],[20.648086327051264,105.93875441756508],[20.64811358305234,105.93873051369138],[20.648135951477997,105.9387013867178],[20.648152572719866,105.93866815597859],[20.648162808030975,105.93863209851523],[20.648166264072746,105.9385946],[20.648162808030975,105.93855710148478],[20.648152572719866,105.93852104402141],[20.648135951477997,105.93848781328221],[20.64811358305234,105.93845868630862],[20.648086327051264,105.93843478243492],[20.648055230909915,105.93841702027258],[20.648021489637536,105.93840608240872],[20.647986399893615,105.93840238917512],[20.647951310157797,105.93840608249573],[20.64791756890848,105.93841702043336],[20.64788647280165,105.938434782645],[20.64785921684128,105.938458686536],[20.647836848456333,105.93848781349227],[20.64782022724898,105.93852104418218],[20.647809991960933,105.93855710157179],[20.64780653592726,105.9385946],[20.647809991960933,105.93863209842822],[20.64782022724898,105.93866815581782],[20.647836848456333,105.93870138650773],[20.64785921684128,105.93873051346401],[20.64788647280165,105.938754417355],[20.64791756890848,105.93877217956664],[20.647951310157797,105.93878311750427],[20.647986399893615,105.93878681082488]]}]}]}