{"id":703,"ref":"Trạm thu phí","highways":[{"ways":[{"nodes":[[106.2974669,10.0199058]],"buffer_geometry":[[10.01990579995012,106.29764954996611],[10.019940889691888,106.29764604041762],[10.01997463095814,106.29763564660114],[10.020005727090322,106.2976187679433],[10.02003298308059,106.29759605308028],[10.020055351495436,106.29756837493105],[10.020071972728136,106.29753679715178],[10.020082208033125,106.29750253326009],[10.020085664072745,106.2974669],[10.020082208033125,106.29743126673992],[10.020071972728136,106.29739700284823],[10.020055351495436,106.29736542506896],[10.02003298308059,106.29733774691972],[10.020005727090322,106.29731503205669],[10.01997463095814,106.29729815339887],[10.019940889691888,106.29728775958239],[10.01990579995012,106.29728425003388],[10.01987071021215,106.29728775962116],[10.019836968956708,106.2972981534705],[10.019805872840708,106.2973150321503],[10.01977861686953,106.29733774702103],[10.01975624847377,106.29736542516255],[10.019739627257254,106.29739700291987],[10.019729391963082,106.29743126677867],[10.019725935927255,106.2974669],[10.019729391963082,106.29750253322133],[10.019739627257254,106.29753679708014],[10.01975624847377,106.29756837483744],[10.01977861686953,106.29759605297897],[10.019805872840708,106.29761876784971],[10.019836968956708,106.2976356465295],[10.01987071021215,106.29764604037885],[10.01990579995012,106.29764954996611]]}]}]}