{"id":469,"ref":"Trạm thu phí","highways":[{"ways":[{"nodes":[[106.7142781,10.9008242]],"buffer_geometry":[[10.900824199945632,106.7144612691788],[10.900859289687572,106.71445774965558],[10.90089303095431,106.71444732629443],[10.900924127087219,106.71443039965723],[10.900951383078345,106.7144076202238],[10.900973751494051,106.71437986339451],[10.900990372727483,106.7143481958492],[10.901000608032955,106.71431383455527],[10.901004064072744,106.71427810000002],[10.901000608032955,106.71424236544475],[10.900990372727483,106.71420800415082],[10.900973751494051,106.7141763366055],[10.900951383078345,106.71414857977622],[10.900924127087219,106.71412580034279],[10.90089303095431,106.71410887370558],[10.900859289687572,106.71409845034444],[10.900824199945632,106.71409493082122],[10.900789110207832,106.71409845038681],[10.900755368952876,106.71410887378389],[10.900724272837607,106.71412580044509],[10.900697016867287,106.71414857988695],[10.900674648472387,106.71417633670782],[10.900658027256595,106.71420800422912],[10.90064779196291,106.71424236548712],[10.900644335927256,106.71427810000002],[10.90064779196291,106.7143138345129],[10.900658027256595,106.7143481957709],[10.900674648472387,106.7143798632922],[10.900697016867287,106.71440762011306],[10.900724272837607,106.71443039955493],[10.900755368952876,106.71444732621613],[10.900789110207832,106.7144577496132],[10.900824199945632,106.7144612691788]]}]}]}