{"id":741,"ref":"Trạm thu phí","highways":[{"ways":[{"nodes":[[103.5715096,22.8652654]],"buffer_geometry":[[22.86526539988094,103.57170480289442],[22.865300489625348,103.57170105217499],[22.86533423089909,103.5716899440502],[22.865365327042497,103.5716719053943],[22.865392583046,103.57164762941956],[22.86541495147408,103.57161804903691],[22.865431572718002,103.571584301005],[22.86544180803049,103.57154768224498],[22.865445264072736,103.5715096],[22.86544180803049,103.57147151775501],[22.865431572718002,103.571434898995],[22.86541495147408,103.57140115096308],[22.865392583046,103.57137157058044],[22.865365327042497,103.57134729460569],[22.86533423089909,103.57132925594979],[22.865300489625348,103.57131814782501],[22.86526539988094,103.57131439710557],[22.865230310145606,103.5713181479239],[22.86519656889766,103.57132925613251],[22.86516547279288,103.57134729484441],[22.86513821683494,103.57137157083885],[22.865115848452415,103.57140115120183],[22.865099227247118,103.5714348991777],[22.865088991960448,103.57147151785392],[22.86508553592725,103.5715096],[22.865088991960448,103.57154768214608],[22.865099227247118,103.57158430082228],[22.865115848452415,103.57161804879816],[22.86513821683494,103.57164762916113],[22.86516547279288,103.57167190515557],[22.86519656889766,103.57168994386747],[22.865230310145606,103.5717010520761],[22.86526539988094,103.57170480289442]]}]}]}