{"id":361,"ref":"Trạm thu phí","highways":[{"ways":[{"nodes":[[107.0490862,22.80582]],"buffer_geometry":[[22.80581999988129,107.04928131763086],[22.805855089625684,107.04927756854958],[22.805888830899388,107.04926646527665],[22.805919927042734,107.04924843449986],[22.805947183046175,107.04922416912869],[22.805969551474192,107.04919460166661],[22.805986172718058,107.04916086837576],[22.805996408030506,107.04912426561071],[22.805999864072742,107.0490862],[22.805996408030506,107.04904813438928],[22.805986172718058,107.04901153162425],[22.805969551474192,107.0489777983334],[22.805947183046175,107.04894823087132],[22.805919927042734,107.04892396550015],[22.805888830899388,107.04890593472336],[22.805855089625684,107.04889483145043],[22.80581999988129,107.04889108236915],[22.80578491014594,107.04889483154899],[22.80575116889796,107.04890593490548],[22.805720072793125,107.0489239657381],[22.80569281683512,107.04894823112888],[22.805670448452528,107.04897779857134],[22.80565382724717,107.04901153180637],[22.80564359196046,107.04904813448785],[22.805640135927256,107.0490862],[22.80564359196046,107.04912426551216],[22.80565382724717,107.04916086819364],[22.805670448452528,107.04919460142867],[22.80569281683512,107.04922416887113],[22.805720072793125,107.0492484342619],[22.80575116889796,107.04926646509453],[22.80578491014594,107.049277568451],[22.80581999988129,107.04928131763086]]}]}]}