{"id":527,"ref":"Trạm thu phí","highways":[{"ways":[{"nodes":[[103.9183473,23.744487]],"buffer_geometry":[[23.744486999875804,103.91854379754531],[23.744522089620407,103.918540021952],[23.74455583089471,103.91852884015623],[23.744586927038945,103.91851068186317],[23.74461418304343,103.91848624488244],[23.744636551472496,103.91845646831237],[23.744653172717253,103.91842249645103],[23.744663408030295,103.9183856348213],[23.74466686407274,103.9183473],[23.744663408030295,103.91830896517868],[23.744653172717253,103.91827210354896],[23.744636551472496,103.91823813168762],[23.74461418304343,103.91820835511754],[23.744586927038945,103.91818391813683],[23.74455583089471,103.91816575984376],[23.744522089620407,103.91815457804799],[23.744486999875804,103.91815080245469],[23.74445191014067,103.91815457815183],[23.744418168893276,103.91816576003562],[23.744387072789333,103.91818391838753],[23.74435981683237,103.9182083553889],[23.744337448450832,103.91823813193831],[23.74432082724637,103.91827210374083],[23.74431059196025,103.91830896528252],[23.74430713592725,103.9183473],[23.74431059196025,103.91838563471747],[23.74432082724637,103.91842249625915],[23.744337448450832,103.91845646806169],[23.74435981683237,103.9184862446111],[23.744387072789333,103.91851068161247],[23.744418168893276,103.91852883996437],[23.74445191014067,103.91854002184816],[23.744486999875804,103.91854379754531]]}]}]}