{"id":416,"ref":"Trạm thu phí","highways":[{"ways":[{"nodes":[[109.0766966,22.3312906]],"buffer_geometry":[[22.33129059988403,109.07689104715216],[22.33132568962832,109.07688731095263],[22.331359430901728,109.07687624583268],[22.331390527044633,109.07685827701404],[22.33141778304754,109.07683409502523],[22.331440151475036,109.07680462916547],[22.331456772718457,109.07677101179225],[22.331467008030607,109.07673453480552],[22.331470464072744,109.0766966],[22.331467008030607,109.0766586651945],[22.331456772718457,109.07662218820776],[22.331440151475036,109.07658857083456],[22.33141778304754,109.07655910497478],[22.331390527044633,109.07653492298599],[22.331359430901728,109.07651695416735],[22.33132568962832,109.0765058890474],[22.33129059988403,109.07650215284787],[22.331255510148576,109.07650588914333],[22.3312217689003,109.07651695434464],[22.33119067279502,109.07653492321762],[22.331163416836485,109.07655910522551],[22.33114104845337,109.07658857106621],[22.33112442724757,109.07662218838506],[22.331114191960566,109.07665866529047],[22.33111073592725,109.0766966],[22.331114191960566,109.07673453470956],[22.33112442724757,109.07677101161495],[22.33114104845337,109.07680462893381],[22.331163416836485,109.07683409477451],[22.33119067279502,109.07685827678239],[22.3312217689003,109.07687624565538],[22.331255510148576,109.07688731085668],[22.33129059988403,109.07689104715216]]}]}]}