{"id":706,"ref":"Trạm thu phí","highways":[{"ways":[{"nodes":[[106.5832998,11.7228117]],"buffer_geometry":[[11.722811699941417,106.58348349559634],[11.722846789683517,106.58347996595987],[11.722880530950711,106.58346951264399],[11.722911627084303,106.58345253736155],[11.722938883076235,106.58342969246168],[11.72296125149275,106.58340185586054],[11.722977872726862,106.58337009730363],[11.722988108032792,106.58333563725596],[11.722991564072743,106.5832998],[11.722988108032792,106.58326396274407],[11.722977872726862,106.5832295026964],[11.72296125149275,106.58319774413947],[11.722938883076235,106.58316990753833],[11.722911627084303,106.58314706263846],[11.722880530950711,106.58313008735604],[11.722846789683517,106.58311963404016],[11.722811699941417,106.58311610440369],[11.722776610203775,106.58311963408595],[11.722742868949279,106.58313008744065],[11.722711772834693,106.58314706274902],[11.722684516865177,106.583169907658],[11.722662148471082,106.58319774425003],[11.722645527255976,106.583229502781],[11.722635291962748,106.58326396278987],[11.722631835927254,106.5832998],[11.722635291962748,106.58333563721015],[11.722645527255976,106.58337009721903],[11.722662148471082,106.58340185575],[11.722684516865177,106.58342969234202],[11.722711772834693,106.583452537251],[11.722742868949279,106.58346951255936],[11.722776610203775,106.58347996591408],[11.722811699941417,106.58348349559634]]}]}]}