{"id":177,"ref":"Trạm thu phí","highways":[{"ways":[{"nodes":[[107.91661,22.5706861]],"buffer_geometry":[[22.570686099882646,107.91680478315526],[22.570721189626987,107.91680104050018],[22.570754930900552,107.91678995626029],[22.570786027043674,107.91677195639198],[22.570813283046853,107.91674773261703],[22.570835651474603,107.91671821584038],[22.570852272718255,107.9166845403763],[22.570862508030554,107.91664800035711],[22.57086596407274,107.91661],[22.570862508030554,107.9165719996429],[22.570852272718255,107.91653545962373],[22.570835651474603,107.91650178415965],[22.570813283046853,107.916472267383],[22.570786027043674,107.91644804360803],[22.570754930900552,107.91643004373974],[22.570721189626987,107.91641895949984],[22.570686099882646,107.91641521684477],[22.570651010147248,107.91641895959711],[22.570617268899117,107.91643004391946],[22.570586172794062,107.91644804384285],[22.570558916835793,107.91647226763716],[22.570536548452942,107.91650178439447],[22.570519927247364,107.91653545980346],[22.57050969196051,107.91657199974016],[22.570506235927247,107.91661],[22.57050969196051,107.91664800025985],[22.570519927247364,107.91668454019656],[22.570536548452942,107.91671821560554],[22.570558916835793,107.91674773236286],[22.570586172794062,107.91677195615718],[22.570617268899117,107.91678995608055],[22.570651010147248,107.9168010404029],[22.570686099882646,107.91680478315526]]}]}]}