{"id":869,"ref":"Trạm thu phí","highways":[{"ways":[{"nodes":[[109.0607046,13.9468293]],"buffer_geometry":[[13.946829299929888,109.060889927564],[13.94686438967243,109.06088636657448],[13.946898130940871,109.06087582039429],[13.946929227076334,109.06085869430453],[13.946956483070474,109.06083564644949],[13.946978851489192,109.06080756254467],[13.946995472725174,109.06077552183939],[13.947005708032354,109.06074075564177],[13.947009164072744,109.0607046],[13.947005708032354,109.06066844435821],[13.946995472725174,109.0606336781606],[13.946978851489192,109.06060163745532],[13.946956483070474,109.0605735535505],[13.946929227076334,109.06055050569546],[13.946898130940871,109.0605333796057],[13.94686438967243,109.06052283342551],[13.946829299929888,109.06051927243598],[13.946794210192685,109.0605228334808],[13.94676046893944,109.06053337970788],[13.946729372826722,109.06055050582894],[13.946702116859413,109.06057355369498],[13.946679748467526,109.0606016375888],[13.94666312725429,109.06063367826277],[13.94665289196231,109.06066844441351],[13.946649435927254,109.0607046],[13.94665289196231,109.06074075558648],[13.94666312725429,109.06077552173721],[13.946679748467526,109.06080756241118],[13.946702116859413,109.06083564630501],[13.946729372826722,109.06085869417105],[13.94676046893944,109.06087582029211],[13.946794210192685,109.06088636651918],[13.946829299929888,109.060889927564]]}]}]}