{"id":407,"ref":"Trạm thu phí","highways":[{"ways":[{"nodes":[[105.8610788,20.907401]],"buffer_geometry":[[20.907400999892154,105.86127134130288],[20.907436089636132,105.86126764171992],[20.907469830908664,105.86125668505053],[20.907500927050247,105.86123889234912],[20.907528183051607,105.86121494737637],[20.907550551477545,105.86118577032316],[20.907567172719652,105.86115248244829],[20.907577408030924,105.86111636298897],[20.907580864072745,105.8610788],[20.907577408030924,105.86104123701104],[20.907567172719652,105.86100511755171],[20.907550551477545,105.86097182967684],[20.907528183051607,105.86094265262363],[20.907500927050247,105.86091870765088],[20.907469830908664,105.86090091494947],[20.907436089636132,105.86088995828008],[20.907400999892154,105.86088625869712],[20.907365910156393,105.86088995836845],[20.90733216890723,105.86090091511275],[20.907301072800635,105.86091870786422],[20.907273816840547,105.86094265285452],[20.90725144845588,105.86097182989015],[20.907234827248764,105.86100511771497],[20.907224591960876,105.8610412370994],[20.90722113592726,105.8610788],[20.907224591960876,105.8611163629006],[20.907234827248764,105.86115248228504],[20.90725144845588,105.86118577010986],[20.907273816840547,105.86121494714548],[20.907301072800635,105.86123889213579],[20.90733216890723,105.86125668488725],[20.907365910156393,105.86126764163156],[20.907400999892154,105.86127134130288]]}]}]}