{"id":169,"ref":"Trạm thu phí","highways":[{"ways":[{"nodes":[[106.82463,10.576383]],"buffer_geometry":[[10.576382999947285,106.8248129725775],[10.576418089689163,106.82480945683126],[10.576451830955722,106.8247990446573],[10.576482927088362,106.82478213618762],[10.576510183079172,106.82475938120396],[10.57653255149456,106.82473165416707],[10.576549172727722,106.82470002061191],[10.576559408033017,106.82466569619959],[10.576562864072743,106.82463],[10.576559408033017,106.82459430380041],[10.576549172727722,106.82455997938808],[10.57653255149456,106.82452834583293],[10.576510183079172,106.82450061879604],[10.576482927088362,106.82447786381238],[10.576451830955722,106.8244609553427],[10.576418089689163,106.82445054316872],[10.576382999947285,106.82444702742248],[10.576347910209423,106.82445054320978],[10.576314168954287,106.82446095541853],[10.576283072838748,106.82447786391145],[10.57625581686811,106.82450061890329],[10.576233448472896,106.82452834593201],[10.576216827256836,106.82455997946393],[10.576206591962972,106.82459430384145],[10.576203135927253,106.82463],[10.576206591962972,106.82466569615855],[10.576216827256836,106.82470002053607],[10.576233448472896,106.82473165406797],[10.57625581686811,106.82475938109671],[10.576283072838748,106.82478213608854],[10.576314168954287,106.82479904458145],[10.576347910209423,106.8248094567902],[10.576382999947285,106.8248129725775]]}]}]}