{"id":358,"ref":"Trạm thu phí","highways":[{"ways":[{"nodes":[[104.9338787,23.7505832]],"buffer_geometry":[[23.750583199875777,104.93407520674381],[23.75061828962038,104.93407143097376],[23.750652030894685,104.93406024865456],[23.750683127038926,104.93404208951148],[23.75071038304342,104.93401765138681],[23.75073275147249,104.93398787342284],[23.75074937271725,104.93395389997117],[23.750759608030297,104.93391703661587],[23.75076306407275,104.9338787],[23.750759608030297,104.93384036338414],[23.75074937271725,104.93380350002883],[23.75073275147249,104.93376952657717],[23.75071038304342,104.93373974861319],[23.750683127038926,104.93371531048852],[23.750652030894685,104.93369715134544],[23.75061828962038,104.93368596902624],[23.750583199875777,104.93368219325619],[23.750548110140635,104.93368596913011],[23.750514368893253,104.93369715153737],[23.750483272789314,104.9337153107393],[23.75045601683236,104.93373974888463],[23.750433648450826,104.93376952682794],[23.750417027246364,104.93380350022078],[23.750406791960256,104.93384036348802],[23.750403335927256,104.9338787],[23.750406791960256,104.93391703651199],[23.750417027246364,104.93395389977923],[23.750433648450826,104.93398787317206],[23.75045601683236,104.93401765111537],[23.750483272789314,104.93404208926069],[23.750514368893253,104.93406024846263],[23.750548110140635,104.93407143086989],[23.750583199875777,104.93407520674381]]}]}]}