{"id":892,"ref":"Trạm thu phí","highways":[{"ways":[{"nodes":[[106.5894256,17.5111899]],"buffer_geometry":[[17.51118989991093,106.58961420433633],[17.511224989654192,106.58961058039263],[17.511258730924688,106.58959984775213],[17.511289827063226,106.58958241886069],[17.511317083060995,106.58955896349858],[17.511339451483344,106.58953038304138],[17.5113560727224,106.58949777582083],[17.511366308031633,106.58946239491645],[17.51136976407275,106.5894256],[17.511366308031633,106.58938880508354],[17.5113560727224,106.58935342417918],[17.511339451483344,106.58932081695863],[17.511317083060995,106.58929223650142],[17.511289827063226,106.58926878113931],[17.511258730924688,106.58925135224789],[17.511224989654192,106.58924061960738],[17.51118989991093,106.58923699566368],[17.511154810174446,106.58924061967886],[17.51112106892326,106.58925135237997],[17.511089972813615,106.5892687813119],[17.51106271684994,106.58929223668822],[17.511040348461677,106.58932081713122],[17.511023727251516,106.58935342431127],[17.511013491961595,106.58938880515504],[17.51101003592726,106.5894256],[17.511013491961595,106.58946239484497],[17.511023727251516,106.58949777568873],[17.511040348461677,106.58953038286879],[17.51106271684994,106.58955896331177],[17.511089972813615,106.58958241868811],[17.51112106892326,106.58959984762002],[17.511154810174446,106.58961058032114],[17.51118989991093,106.58961420433633]]}]}]}