{"id":293,"ref":"Trạm thu phí","highways":[{"ways":[{"nodes":[[105.9391562,20.6457474]],"buffer_geometry":[[20.645747399893626,105.93934840799461],[20.64578248963755,105.93934471481539],[20.64581623090992,105.9393337771126],[20.645847327051264,105.93931601521179],[20.64587458305234,105.93929211169007],[20.645896951478,105.93926298514539],[20.645913572719863,105.93922975489549],[20.645923808030975,105.93919369796308],[20.645927264072746,105.9391562],[20.645923808030975,105.93911870203694],[20.645913572719863,105.93908264510452],[20.645896951478,105.93904941485462],[20.64587458305234,105.93902028830995],[20.645847327051264,105.93899638478823],[20.64581623090992,105.93897862288742],[20.64578248963755,105.93896768518462],[20.645747399893626,105.9389639920054],[20.64571231015781,105.9389676852716],[20.645678568908487,105.93897862304817],[20.645647472801652,105.93899638499826],[20.645620216841284,105.9390202885373],[20.645597848456333,105.93904941506467],[20.64558122724898,105.93908264526529],[20.64557099196093,105.93911870212395],[20.645567535927253,105.9391562],[20.64557099196093,105.93919369787606],[20.64558122724898,105.93922975473473],[20.645597848456333,105.93926298493534],[20.645620216841284,105.93929211146272],[20.645647472801652,105.93931601500174],[20.645678568908487,105.93933377695184],[20.64571231015781,105.93934471472839],[20.645747399893626,105.93934840799461]]}]}]}