{"id":714,"ref":"Trạm thu phí","highways":[{"ways":[{"nodes":[[106.9253921,10.8605483]],"buffer_geometry":[[10.860548299945835,106.92557524443053],[10.860583389687768,106.92557172538277],[10.860617130954484,106.92556130342987],[10.860648227087358,106.92554437907961],[10.860675483078445,106.92552160272392],[10.860697851494113,106.92549384964491],[10.86071447272751,106.9254621863783],[10.86072470803296,106.92542782972704],[10.860728164072743,106.9253921],[10.86072470803296,106.92535637027297],[10.86071447272751,106.9253220136217],[10.860697851494113,106.92529035035508],[10.860675483078445,106.92526259727607],[10.860648227087358,106.9252398209204],[10.860617130954484,106.92522289657012],[10.860583389687768,106.92521247461723],[10.860548299945835,106.92520895556946],[10.860513210208024,106.92521247465945],[10.860479468953049,106.92522289664812],[10.860448372837745,106.9252398210223],[10.860421116867387,106.92526259738638],[10.860398748472447,106.925290350457],[10.860382127256623,106.9253220136997],[10.860371891962917,106.92535637031517],[10.860368435927255,106.9253921],[10.860371891962917,106.92542782968482],[10.860382127256623,106.92546218630031],[10.860398748472447,106.92549384954299],[10.860421116867387,106.92552160261361],[10.860448372837745,106.9255443789777],[10.860479468953049,106.92556130335187],[10.860513210208024,106.92557172534056],[10.860548299945835,106.92557524443053]]}]}]}