{"id":639,"ref":"Trạm thu phí","highways":[{"ways":[{"nodes":[[105.713024,10.0787375]],"buffer_geometry":[[10.07873749994982,105.7132066832051],[10.078772589691601,105.71320317301803],[10.078806330957885,105.71319277731017],[10.078837427090114,105.7131758955808],[10.07886468308044,105.71315317658409],[10.078887051495343,105.71312549339791],[10.078903672728094,105.713093909872],[10.078913908033112,105.71305963974481],[10.078917364072744,105.713024],[10.078913908033112,105.7129883602552],[10.078903672728094,105.71295409012801],[10.078887051495343,105.71292250660208],[10.07886468308044,105.71289482341591],[10.078837427090114,105.71287210441919],[10.078806330957885,105.71285522268984],[10.078772589691601,105.71284482698196],[10.07873749994982,105.71284131679491],[10.078702410211859,105.71284482702097],[10.078668668956452,105.71285522276192],[10.078637572840503,105.71287210451337],[10.07861031686938,105.71289482351784],[10.078587948473679,105.71292250669627],[10.078571327257208,105.71295409020007],[10.07856109196307,105.7129883602942],[10.078557635927256,105.713024],[10.07856109196307,105.7130596397058],[10.078571327257208,105.71309390979992],[10.078587948473679,105.71312549330374],[10.07861031686938,105.71315317648217],[10.078637572840503,105.71317589548663],[10.078668668956452,105.71319277723808],[10.078702410211859,105.71320317297904],[10.07873749994982,105.7132066832051]]}]}]}