{"id":624,"ref":"Trạm thu phí","highways":[{"ways":[{"nodes":[[106.1091317,18.2117841]],"buffer_geometry":[[18.211784099907113,106.10932104898109],[18.211819189650523,106.10931741073094],[18.21185293092143,106.10930663571727],[18.21188402706059,106.10928913801425],[18.211911283059084,106.10926559004633],[18.211933651482163,106.1092368967479],[18.211950272721843,106.10920416078716],[18.211960508031485,106.10916864019113],[18.211963964072744,106.1091317],[18.211960508031485,106.1090947598089],[18.211950272721843,106.10905923921287],[18.211933651482163,106.10902650325212],[18.211911283059084,106.10899780995369],[18.21188402706059,106.10897426198578],[18.21185293092143,106.10895676428275],[18.211819189650523,106.10894598926909],[18.211784099907113,106.10894235101894],[18.211749010170777,106.10894598934392],[18.211715268920003,106.10895676442104],[18.211684172810976,106.10897426216646],[18.21165691684803,106.10899781014926],[18.2116345484605,106.1090265034328],[18.211617927250952,106.10905923935117],[18.211607691961444,106.10909475988375],[18.211604235927254,106.1091317],[18.211607691961444,106.10916864011628],[18.211617927250952,106.10920416064886],[18.2116345484605,106.10923689656721],[18.21165691684803,106.10926558985076],[18.211684172810976,106.10928913783357],[18.211715268920003,106.10930663557899],[18.211749010170777,106.10931741065609],[18.211784099907113,106.10932104898109]]}]}]}