{"id":157,"ref":"Trạm thu phí","highways":[{"ways":[{"nodes":[[106.3156776,10.4310876]],"buffer_geometry":[[10.431087599948025,106.31586048656963],[10.431122689689877,106.3158569724757],[10.431156430956355,106.31584656519583],[10.431187527088873,106.31582966467397],[10.431214783079541,106.31580692038644],[10.431237151494788,106.31577920638293],[10.43125377272783,106.31574758769757],[10.431264008033043,106.31571327942],[10.431267464072745,106.3156776],[10.431264008033043,106.31564192058002],[10.43125377272783,106.31560761230244],[10.431237151494788,106.31557599361709],[10.431214783079541,106.31554827961358],[10.431187527088873,106.31552553532605],[10.431156430956355,106.31550863480419],[10.431122689689877,106.31549822752432],[10.431087599948025,106.31549471343038],[10.431052510210133,106.31549822756476],[10.43101876895492,106.31550863487892],[10.430987672839262,106.31552553542369],[10.430960416868484,106.31554827971928],[10.430938048473125,106.31557599371473],[10.430921427256944,106.31560761237718],[10.430911191963,106.31564192062048],[10.430907735927253,106.3156776],[10.430911191963,106.31571327937954],[10.430921427256944,106.31574758762284],[10.430938048473125,106.31577920628528],[10.430960416868484,106.31580692028074],[10.430987672839262,106.31582966457633],[10.43101876895492,106.31584656512109],[10.431052510210133,106.31585697243526],[10.431087599948025,106.31586048656963]]}]}]}