{"id":483,"ref":"Trạm thu phí","highways":[{"ways":[{"nodes":[[108.8810689,11.3736401]],"buffer_geometry":[[11.37364009994321,108.88125236699643],[11.373675189685242,108.8812488417517],[11.373708930952244,108.88123840144385],[11.373740027085544,108.88122144728591],[11.373767283077132,108.88119863081522],[11.3737896514933,108.88117082885547],[11.373806272727126,108.88113910982088],[11.37381650803286,108.88110469265759],[11.373819964072744,108.8810689],[11.37381650803286,108.88103310734242],[11.373806272727126,108.88099869017911],[11.3737896514933,108.88096697114452],[11.373767283077132,108.88093916918478],[11.373740027085544,108.8809163527141],[11.373708930952244,108.88089939855615],[11.373675189685242,108.88088895824829],[11.37364009994321,108.88088543300357],[11.3736050102055,108.88088895829263],[11.373571268950808,108.88089939863806],[11.373540172835929,108.88091635282112],[11.373512916866073,108.88093916930063],[11.373490548471636,108.88096697125157],[11.373473927256237,108.88099869026105],[11.373463691962817,108.88103310738676],[11.373460235927254,108.8810689],[11.373463691962817,108.88110469261325],[11.373473927256237,108.88113910973895],[11.373490548471636,108.88117082874844],[11.373512916866073,108.88119863069937],[11.373540172835929,108.88122144717887],[11.373571268950808,108.88123840136194],[11.3736050102055,108.88124884170736],[11.37364009994321,108.88125236699643]]}]}]}