{"id":29,"ref":"Trạm thu phí","highways":[{"ways":[{"nodes":[[108.0847055,16.2283713]],"buffer_geometry":[[16.22837129991782,108.08489282808164],[16.228406389660826,108.08488922865783],[16.228440130930576,108.084878568641],[16.228471227067995,108.08486125768647],[16.22849848306444,108.08483796104241],[16.228520851485467,108.08480957398503],[16.228537472723406,108.08477718741376],[16.228547708031893,108.08474204592852],[16.22855116407274,108.0847055],[16.228547708031893,108.08466895407147],[16.228537472723406,108.08463381258623],[16.228520851485467,108.08460142601497],[16.22849848306444,108.0845730389576],[16.228471227067995,108.08454974231353],[16.228440130930576,108.08453243135901],[16.228406389660826,108.08452177134218],[16.22837129991782,108.08451817191836],[16.22833621018108,108.08452177140768],[16.22830246892914,108.08453243148003],[16.22827137281838,108.08454974247167],[16.228244116853382,108.08457303912876],[16.228221748463802,108.0846014261731],[16.22820512725252,108.08463381270725],[16.22819489196185,108.08466895413699],[16.22819143592725,108.0847055],[16.22819489196185,108.08474204586302],[16.22820512725252,108.08477718729274],[16.228221748463802,108.0848095738269],[16.228244116853382,108.08483796087124],[16.22827137281838,108.08486125752833],[16.22830246892914,108.08487856851997],[16.22833621018108,108.08488922859232],[16.22837129991782,108.08489282808164]]}]}]}