{"id":75,"ref":"Trạm thu phí","highways":[{"ways":[{"nodes":[[103.1651622,23.5594704]],"buffer_geometry":[[23.559470399876897,103.16535841984077],[23.559505489621454,103.16535464958295],[23.55953923089564,103.16534348358972],[23.5595703270397,103.165325350959],[23.559597583043978,103.16530094851431],[23.559619951472833,103.16527121402673],[23.559636572717412,103.16523729017712],[23.559646808030337,103.1652004806433],[23.559650264072744,103.1651622],[23.559646808030337,103.16512391935669],[23.559636572717412,103.16508710982286],[23.559619951472833,103.16505318597325],[23.559597583043978,103.16502345148568],[23.5595703270397,103.16499904904099],[23.55953923089564,103.16498091641026],[23.559505489621454,103.16496975041704],[23.559470399876897,103.16496598015922],[23.559435310141712,103.16496975051983],[23.559401568894206,103.16498091660019],[23.559370472790082,103.16499904928914],[23.559343216832918,103.16502345175428],[23.559320848451172,103.1650531862214],[23.55930422724653,103.16508711001279],[23.5592939919603,103.16512391945946],[23.559290535927254,103.1651622],[23.5592939919603,103.16520048054052],[23.55930422724653,103.1652372899872],[23.559320848451172,103.1652712137786],[23.559343216832918,103.16530094824572],[23.559370472790082,103.16532535071086],[23.559401568894206,103.1653434833998],[23.559435310141712,103.16535464948016],[23.559470399876897,103.16535841984077]]}]}]}