{"id":67,"ref":"Trạm thu phí","highways":[{"ways":[{"nodes":[[102.7696604,23.6449676]],"buffer_geometry":[[23.644967599876395,102.76985674781753],[23.645002689620974,102.76985297510092],[23.645036430895217,102.76984180182528],[23.645067527039355,102.76982365736838],[23.645094783043728,102.76979923900818],[23.64511715147268,102.7697694851274],[23.645133772717344,102.76973553915217],[23.64514400803032,102.7696987056106],[23.645147464072746,102.7696604],[23.64514400803032,102.7696220943894],[23.645133772717344,102.76958526084785],[23.64511715147268,102.76955131487261],[23.645094783043728,102.76952156099183],[23.645067527039355,102.76949714263162],[23.645036430895217,102.76947899817472],[23.645002689620974,102.7694678248991],[23.644967599876395,102.76946405218249],[23.64493251014123,102.76946782500237],[23.64489876889378,102.76947899836554],[23.644867672789744,102.76949714288095],[23.64484041683267,102.7695215612617],[23.644818048451018,102.76955131512193],[23.644801427246456,102.76958526103866],[23.644791191960273,102.76962209449269],[23.644787735927256,102.7696604],[23.644791191960273,102.76969870550731],[23.644801427246456,102.76973553896134],[23.644818048451018,102.76976948487808],[23.64484041683267,102.76979923873832],[23.644867672789744,102.76982365711905],[23.64489876889378,102.76984180163446],[23.64493251014123,102.76985297499763],[23.644967599876395,102.76985674781753]]}]}]}