{"id":311,"ref":"Trạm thu phí","highways":[{"ways":[{"nodes":[[109.519972,22.2671521]],"buffer_geometry":[[22.267152099884402,109.52016635790328],[22.267187189628675,109.52016262341846],[22.267220930902052,109.52015156337714],[22.267252027044886,109.52013360280588],[22.26727928304773,109.5201094319163],[22.267301651475155,109.52007997958101],[22.267318272718516,109.52004637763785],[22.267328508030626,109.52000991739374],[22.267331964072746,109.519972],[22.267328508030626,109.51993408260626],[22.267318272718516,109.51989762236214],[22.267301651475155,109.51986402041899],[22.26727928304773,109.51983456808371],[22.267252027044886,109.5198103971941],[22.267220930902052,109.51979243662285],[22.267187189628675,109.51978137658153],[22.267152099884402,109.51977764209671],[22.267117010148937,109.51978137667714],[22.267083268900613,109.5197924367995],[22.267052172795278,109.51981039742492],[22.26702491683667,109.51983456833354],[22.26700254845349,109.51986402064979],[22.266985927247628,109.51989762253879],[22.26697569196058,109.51993408270187],[22.266972235927255,109.519972],[22.26697569196058,109.52000991729813],[22.266985927247628,109.5200463774612],[22.26700254845349,109.5200799793502],[22.26702491683667,109.52010943166647],[22.267052172795278,109.52013360257507],[22.267083268900613,109.52015156320049],[22.267117010148937,109.52016262332285],[22.267152099884402,109.52016635790328]]}]}]}