{"id":237,"ref":"Trạm thu phí","highways":[{"ways":[{"nodes":[[106.725268,11.2218992]],"buffer_geometry":[[11.221899199943987,106.72545136995132],[11.221934289685992,106.72544784657096],[11.221968030952908,106.72543741178526],[11.221999127086082,106.7254204665951],[11.222026383077523,106.72539766219315],[11.222048751493542,106.72536987493935],[11.22206537272724,106.72533817268275],[11.22207560803289,106.72530377372472],[11.222079064072744,106.725268],[11.22207560803289,106.7252322262753],[11.22206537272724,106.72519782731726],[11.222048751493542,106.72516612506067],[11.222026383077523,106.72513833780687],[11.221999127086082,106.72511553340492],[11.221968030952908,106.72509858821475],[11.221934289685992,106.72508815342906],[11.221899199943987,106.7250846300487],[11.22186411020625,106.72508815347275],[11.221830368951474,106.7250985882955],[11.221799272836469,106.72511553351043],[11.221772016866463,106.72513833792108],[11.221749648471878,106.72516612516618],[11.221733027256354,106.72519782739802],[11.221722791962847,106.72523222631901],[11.221719335927254,106.725268],[11.221722791962847,106.725303773681],[11.221733027256354,106.725338172602],[11.221749648471878,106.72536987483383],[11.221772016866463,106.72539766207893],[11.221799272836469,106.72542046648957],[11.221830368951474,106.72543741170452],[11.22186411020625,106.72544784652726],[11.221899199943987,106.72545136995132]]}]}]}