{"id":765,"ref":"Trạm thu phí","highways":[{"ways":[{"nodes":[[106.7749224,11.027578]],"buffer_geometry":[[11.027577999944983,106.7751056476997],[11.027613089686948,106.77510212666797],[11.027646830953758,106.77509169883876],[11.02767792708677,106.77507476494561],[11.027705183078021,106.77505197574715],[11.027727551493852,106.775024207019],[11.027744172727386,106.77499252589833],[11.02775440803293,106.7749581498742],[11.027757864072747,106.7749224],[11.02775440803293,106.77488665012581],[11.027744172727386,106.77485227410168],[11.027727551493852,106.774820592981],[11.027705183078021,106.77479282425286],[11.02767792708677,106.77477003505439],[11.027646830953758,106.77475310116124],[11.027613089686948,106.77474267333203],[11.027577999944983,106.7747391523003],[11.027542910207208,106.77474267337492],[11.027509168952323,106.7747531012405],[11.027478072837159,106.77477003515796],[11.027450816866963,106.77479282436495],[11.027428448472186,106.77482059308457],[11.0274118272565,106.77485227418094],[11.027401591962887,106.77488665016871],[11.027398135927255,106.7749224],[11.027401591962887,106.77495814983129],[11.0274118272565,106.77499252581906],[11.027428448472186,106.77502420691543],[11.027450816866963,106.77505197563505],[11.027478072837159,106.77507476484205],[11.027509168952323,106.7750916987595],[11.027542910207208,106.77510212662507],[11.027577999944983,106.7751056476997]]}]}]}