{"id":128,"ref":"Trạm thu phí","highways":[{"ways":[{"nodes":[[103.8192172,13.286506]],"buffer_geometry":[[13.286505999933333,103.81940201090136],[13.286541089675742,103.81939845983793],[13.286574830943811,103.81938794305758],[13.286605927078716,103.81937086471179],[13.286633183072196,103.81934788111009],[13.286655551490256,103.81931987549882],[13.286672172725678,103.81928792411851],[13.286682408032487,103.81925325484447],[13.286685864072743,103.8192172],[13.286682408032487,103.81918114515553],[13.286672172725678,103.81914647588148],[13.286655551490256,103.81911452450117],[13.286633183072196,103.8190865188899],[13.286605927078716,103.81906353528821],[13.286574830943811,103.81904645694242],[13.286541089675742,103.81903594016207],[13.286505999933333,103.81903238909864],[13.286470910196,103.8190359402145],[13.286437168942378,103.81904645703928],[13.286406072829104,103.81906353541478],[13.286378816861134,103.81908651902691],[13.286356448468588,103.81911452462775],[13.286339827254793,103.81914647597837],[13.28632959196244,103.81918114520795],[13.286326135927252,103.8192172],[13.28632959196244,103.81925325479203],[13.286339827254793,103.81928792402162],[13.286356448468588,103.81931987537224],[13.286378816861134,103.81934788097308],[13.286406072829104,103.81937086458521],[13.286437168942378,103.81938794296072],[13.286470910196,103.81939845978549],[13.286505999933333,103.81940201090136]]}]}]}