{"id":335,"ref":"Trạm thu phí","highways":[{"ways":[{"nodes":[[104.3172243,23.5936661]],"buffer_geometry":[[23.593666099876696,104.31742057095425],[23.59370118962126,104.31741679971441],[23.59373493089547,104.31740563081262],[23.593766027039557,104.31738749345855],[23.593793283043876,104.31736308465726],[23.59381565147277,104.3173333424241],[23.593832272717385,104.3172994097376],[23.59384250803033,104.31726259061516],[23.59384596407274,104.3172243],[23.59384250803033,104.31718600938486],[23.593832272717385,104.31714919026243],[23.59381565147277,104.31711525757592],[23.593793283043876,104.31708551534275],[23.593766027039557,104.31706110654146],[23.59373493089547,104.31704296918741],[23.59370118962126,104.3170318002856],[23.593666099876696,104.31702802904576],[23.593631010141518,104.3170318003886],[23.593597268894037,104.3170429693777],[23.593566172789945,104.31706110679008],[23.593538916832816,104.31708551561185],[23.59351654845111,104.31711525782453],[23.593499927246498,104.31714919045271],[23.593489691960286,104.31718600948783],[23.59348623592725,104.3172243],[23.593489691960286,104.31726259051219],[23.593499927246498,104.31729940954732],[23.59351654845111,104.31733334217549],[23.593538916832816,104.31736308438816],[23.593566172789945,104.31738749320994],[23.593597268894037,104.31740563062232],[23.593631010141518,104.31741679961142],[23.593666099876696,104.31742057095425]]}]}]}