{"id":745,"ref":"Trạm thu phí","highways":[{"ways":[{"nodes":[[105.7718494,21.6358823]],"buffer_geometry":[[21.635882299888014,105.77204289673833],[21.635917389632148,105.77203917879886],[21.635951130905134,105.77202816776132],[21.635982227047386,105.7720102867693],[21.636009483049534,105.77198622297627],[21.636031851476265,105.7719569011393],[21.636048472719043,105.77192344808115],[21.63605870803076,105.77188714938708],[21.636062164072744,105.7718494],[21.63605870803076,105.77181165061292],[21.636048472719043,105.77177535191883],[21.636031851476265,105.7717418988607],[21.636009483049534,105.77171257702372],[21.635982227047386,105.7716885132307],[21.635951130905134,105.77167063223867],[21.635917389632148,105.77165962120114],[21.635882299888014,105.77165590326167],[21.63584721015241,105.77165962129335],[21.635813468903695,105.77167063240904],[21.635782372797774,105.7716885134533],[21.635755116838475,105.77171257726465],[21.6357327484546,105.7717418990833],[21.635716127248152,105.77177535208921],[21.635705891960715,105.77181165070512],[21.63570243592725,105.7718494],[21.635705891960715,105.77188714929488],[21.635716127248152,105.7719234479108],[21.6357327484546,105.7719569009167],[21.635755116838475,105.77198622273534],[21.635782372797774,105.7720102865467],[21.635813468903695,105.77202816759096],[21.63584721015241,105.77203917870665],[21.635882299888014,105.77204289673833]]}]}]}