{"id":334,"ref":"Trạm thu phí","highways":[{"ways":[{"nodes":[[104.3172519,23.5935345]],"buffer_geometry":[[23.5935344998767,104.31744817075736],[23.593569589621268,104.31744439952129],[23.593603330895476,104.3174332306307],[23.593634427039568,104.31741509329484],[23.593661683043884,104.31739068451803],[23.593684051472778,104.3173609423147],[23.59370067271739,104.31732700966225],[23.59371090803033,104.31729019057674],[23.593714364072746,104.3172519],[23.59371090803033,104.31721360942325],[23.59370067271739,104.31717679033775],[23.593684051472778,104.3171428576853],[23.593661683043884,104.31711311548197],[23.593634427039568,104.31708870670516],[23.593603330895476,104.3170705693693],[23.593569589621268,104.31705940047871],[23.5935344998767,104.31705562924265],[23.593499410141522,104.3170594005817],[23.593465668894044,104.31707056955959],[23.593434572789953,104.31708870695378],[23.59340731683282,104.31711311575107],[23.59338494845111,104.31714285793392],[23.593368327246505,104.31717679052804],[23.59335809196029,104.31721360952623],[23.59335463592726,104.3172519],[23.59335809196029,104.31729019047377],[23.593368327246505,104.31732700947197],[23.59338494845111,104.31736094206609],[23.59340731683282,104.31739068424893],[23.593434572789953,104.31741509304622],[23.593465668894044,104.31743323044041],[23.593499410141522,104.3174443994183],[23.5935344998767,104.31744817075736]]}]}]}