{"id":184,"ref":"Trạm thu phí","highways":[{"ways":[{"nodes":[[108.2676963,22.1333156]],"buffer_geometry":[[22.133315599885172,108.26789047271606],[22.133350689629417,108.2678867417892],[22.133384430902705,108.2678756922858],[22.133415527045422,108.26785774882747],[22.133442783048118,108.26783360096822],[22.133465151475388,108.26780417669563],[22.133481772718625,108.2677706067691],[22.133492008030654,108.26773418126514],[22.133495464072745,108.2676963],[22.133492008030654,108.26765841873485],[22.133481772718625,108.26762199323089],[22.133465151475388,108.26758842330437],[22.133442783048118,108.26755899903179],[22.133415527045422,108.26753485117254],[22.133384430902705,108.26751690771421],[22.133350689629417,108.2675058582108],[22.133315599885172,108.26750212728395],[22.133280510149675,108.26750585830567],[22.133246768901273,108.26751690788952],[22.13321567279581,108.26753485140159],[22.133188416837058,108.26755899927971],[22.133166048453727,108.26758842353343],[22.133149427247744,108.26762199340621],[22.133139191960613,108.26765841882974],[22.133135735927254,108.2676963],[22.133139191960613,108.26773418117027],[22.133149427247744,108.2677706065938],[22.133166048453727,108.26780417646658],[22.133188416837058,108.26783360072028],[22.13321567279581,108.26785774859842],[22.133246768901273,108.26787569211048],[22.133280510149675,108.26788674169433],[22.133315599885172,108.26789047271606]]}]}]}