{"id":45,"ref":"Trạm thu phí","highways":[{"ways":[{"nodes":[[104.8473082,11.3353654]],"buffer_geometry":[[11.335365399943408,104.847491642387],[11.335400489685433,104.84748811761506],[11.335434230952412,104.84747767870756],[11.335465327085682,104.84746072682373],[11.335492583077233,104.84743791341353],[11.335514951493366,104.84741011518301],[11.335531572727156,104.84737840040312],[11.335541808032868,104.84734398785645],[11.335545264072746,104.8473082],[11.335541808032868,104.84727241214355],[11.335531572727156,104.8472379995969],[11.335514951493366,104.84720628481699],[11.335492583077233,104.84717848658647],[11.335465327085682,104.84715567317629],[11.335434230952412,104.84713872129245],[11.335400489685433,104.84712828238494],[11.335365399943408,104.847124757613],[11.335330310205691,104.84712828242911],[11.335296568950978,104.84713872137408],[11.335265472836069,104.84715567328293],[11.335238216866175,104.84717848670192],[11.335215848471702,104.84720628492364],[11.33519922725627,104.84723799967853],[11.335188991962827,104.84727241218775],[11.335185535927256,104.8473082],[11.335188991962827,104.84734398781227],[11.33519922725627,104.84737840032149],[11.335215848471702,104.84741011507637],[11.335238216866175,104.8474379132981],[11.335265472836069,104.84746072671707],[11.335296568950978,104.84747767862594],[11.335330310205691,104.84748811757089],[11.335365399943408,104.847491642387]]}]}]}