{"id":79,"ref":"Trạm thu phí","highways":[{"ways":[{"nodes":[[105.9164289,20.665234]],"buffer_geometry":[[20.66523399989352,105.9166211326398],[20.665269089637444,105.91661743898709],[20.665302830909834,105.91660649988187],[20.665333927051197,105.91658873570364],[20.665361183052294,105.91656482911698],[20.665383551477966,105.91653569883763],[20.66540017271985,105.91650246432688],[20.665410408030972,105.91646640277115],[20.665413864072747,105.9164289],[20.665410408030972,105.91639139722885],[20.66540017271985,105.91635533567312],[20.665383551477966,105.91632210116238],[20.665361183052294,105.91629297088302],[20.665333927051197,105.91626906429637],[20.665302830909834,105.91625130011815],[20.665269089637444,105.91624036101292],[20.66523399989352,105.91623666736021],[20.665198910157702,105.91624036110002],[20.6651651689084,105.91625130027909],[20.665134072801578,105.91626906450665],[20.66510681684123,105.91629297111064],[20.665084448456305,105.91632210137266],[20.665067827248965,105.91635533583406],[20.665057591960927,105.91639139731595],[20.665054135927257,105.9164289],[20.665057591960927,105.91646640268407],[20.665067827248965,105.91650246416596],[20.665084448456305,105.91653569862736],[20.66510681684123,105.91656482888938],[20.665134072801578,105.91658873549335],[20.6651651689084,105.91660649972093],[20.665198910157702,105.91661743889999],[20.66523399989352,105.9166211326398]]}]}]}