{"id":838,"ref":"Trạm thu phí","highways":[{"ways":[{"nodes":[[109.4810879,22.1911204]],"buffer_geometry":[[22.191120399884838,109.48128215252622],[22.191155489629097,109.48127842006599],[22.19118923090242,109.48126736602106],[22.19122032704519,109.48124941518758],[22.19124758304795,109.48122525740293],[22.191269951475284,109.48119582103617],[22.191286572718575,109.48116223731144],[22.19129680803064,109.4811257968355],[22.191300264072744,109.48108790000002],[22.19129680803064,109.48105000316453],[22.191286572718575,109.48101356268859],[22.191269951475284,109.48097997896386],[22.19124758304795,109.4809505425971],[22.19122032704519,109.48092638481245],[22.19118923090242,109.48090843397897],[22.191155489629097,109.48089737993404],[22.191120399884838,109.4808936474738],[22.191085310149354,109.48089738002922],[22.191051568900985,109.48090843415486],[22.191020472795575,109.48092638504227],[22.190993216836887,109.48095054284583],[22.190970848453617,109.48097997919366],[22.19095422724769,109.48101356286449],[22.190943991960598,109.48105000325971],[22.190940535927254,109.48108790000002],[22.190943991960598,109.48112579674032],[22.19095422724769,109.48116223713554],[22.190970848453617,109.48119582080636],[22.190993216836887,109.4812252571542],[22.191020472795575,109.48124941495776],[22.191051568900985,109.48126736584517],[22.191085310149354,109.4812784199708],[22.191120399884838,109.48128215252622]]}]}]}