{"id":296,"ref":"Trạm thu phí","highways":[{"ways":[{"nodes":[[105.6810781,21.2382866]],"buffer_geometry":[[21.238286599890277,105.68127107023568],[21.238321689634326,105.68126736241176],[21.23835543090706,105.68125638133436],[21.23838652704895,105.6812385489958],[21.238413783050664,105.68121455067994],[21.238436151476964,105.68118530862755],[21.238452772719373,105.68115194659536],[21.238463008030845,105.68111574667046],[21.23846646407274,105.6810781],[21.238463008030845,105.68104045332952],[21.238452772719373,105.68100425340462],[21.238436151476964,105.68097089137243],[21.238413783050664,105.68094164932005],[21.23838652704895,105.68091765100418],[21.23835543090706,105.68089981866561],[21.238321689634326,105.68088883758821],[21.238286599890277,105.68088512976429],[21.238251510154587,105.68088883767831],[21.238217768905628,105.68089981883209],[21.238186672799337,105.68091765122169],[21.238159416839608,105.68094164955548],[21.238137048455297,105.68097089158994],[21.238120427248482,105.68100425357109],[21.238110191960804,105.68104045341961],[21.23810673592725,105.6810781],[21.238110191960804,105.68111574658036],[21.238120427248482,105.6811519464289],[21.238137048455297,105.68118530841005],[21.238159416839608,105.6812145504445],[21.238186672799337,105.68123854877828],[21.238217768905628,105.6812563811679],[21.238251510154587,105.68126736232166],[21.238286599890277,105.68127107023568]]}]}]}