{"id":651,"ref":"Trạm thu phí","highways":[{"ways":[{"nodes":[[104.2037022,11.2577622]],"buffer_geometry":[[11.257762199943803,104.20388559276198],[11.257797289685817,104.2038820689434],[11.257831030952751,104.2038716328597],[11.257862127085955,104.20385468556164],[11.257889383077432,104.20383187832292],[11.257911751493486,104.20380408761244],[11.257928372727214,104.20377238141214],[11.257938608032884,104.20373797817491],[11.257942064072743,104.2037022],[11.257938608032884,104.20366642182509],[11.257928372727214,104.20363201858785],[11.257911751493486,104.20360031238756],[11.257889383077432,104.20357252167707],[11.257862127085955,104.20354971443837],[11.257831030952751,104.20353276714029],[11.257797289685817,104.2035223310566],[11.257762199943803,104.20351880723803],[11.257727110206073,104.20352233110046],[11.257693368951315,104.20353276722132],[11.257662272836342,104.20354971454424],[11.257635016866372,104.20357252179168],[11.257612648471822,104.20360031249344],[11.257596027256326,104.2036320186689],[11.257585791962843,104.20366642186893],[11.257582335927255,104.2037022],[11.257585791962843,104.20373797813106],[11.257596027256326,104.2037723813311],[11.257612648471822,104.20380408750655],[11.257635016866372,104.2038318782083],[11.257662272836342,104.20385468545575],[11.257693368951315,104.20387163277867],[11.257727110206073,104.20388206889955],[11.257762199943803,104.20388559276198]]}]}]}