{"id":766,"ref":"Trạm thu phí","highways":[{"ways":[{"nodes":[[106.7748522,11.0275676]],"buffer_geometry":[[11.027567599944982,106.77503544769321],[11.027602689686947,106.77503192666161],[11.027636430953757,106.77502149883277],[11.02766752708677,106.77500456494022],[11.02769478307802,106.77498177574256],[11.02771715149385,106.7749540070154],[11.027733772727386,106.77492232589584],[11.02774400803293,106.77488794987292],[11.027747464072746,106.7748522],[11.02774400803293,106.77481645012708],[11.027733772727386,106.77478207410415],[11.02771715149385,106.7747503929846],[11.02769478307802,106.77472262425744],[11.02766752708677,106.77469983505978],[11.027636430953757,106.77468290116722],[11.027602689686947,106.77467247333838],[11.027567599944982,106.77466895230678],[11.027532510207207,106.77467247338127],[11.027498768952322,106.77468290124649],[11.027467672837156,106.77469983516335],[11.027440416866963,106.77472262436955],[11.027418048472185,106.77475039308817],[11.0274014272565,106.7747820741834],[11.027391191962886,106.77481645016996],[11.027387735927254,106.7748522],[11.027391191962886,106.77488794983002],[11.0274014272565,106.77492232581658],[11.027418048472185,106.77495400691183],[11.027440416866963,106.77498177563045],[11.027467672837156,106.77500456483664],[11.027498768952322,106.7750214987535],[11.027532510207207,106.77503192661871],[11.027567599944982,106.77503544769321]]}]}]}