{"id":129,"ref":"Trạm thu phí","highways":[{"ways":[{"nodes":[[109.2989955,23.9096065]],"buffer_geometry":[[23.909606499874837,109.2991922477843],[23.909641589619476,109.29918846738319],[23.909675330893883,109.29917727134779],[23.909706427038277,109.29915908993043],[23.909733683042948,109.29913462182937],[23.909756051472193,109.29910480733886],[23.90977267271711,109.29907079221422],[23.909782908030262,109.29903388364099],[23.909786364072744,109.2989955],[23.909782908030262,109.29895711635902],[23.90977267271711,109.29892020778578],[23.909756051472193,109.29888619266114],[23.909733683042948,109.29885637817064],[23.909706427038277,109.29883191006958],[23.909675330893883,109.29881372865222],[23.909641589619476,109.29880253261682],[23.909606499874837,109.29879875221572],[23.90957141013973,109.29880253272161],[23.909537668892447,109.29881372884584],[23.90950657278866,109.29883191032256],[23.909479316831884,109.29885637844446],[23.909456948450533,109.29888619291413],[23.909440327246227,109.2989202079794],[23.909430091960214,109.2989571164638],[23.909426635927254,109.2989955],[23.909430091960214,109.29903388353621],[23.909440327246227,109.2990707920206],[23.909456948450533,109.29910480708588],[23.909479316831884,109.29913462155555],[23.90950657278866,109.29915908967745],[23.909537668892447,109.29917727115416],[23.90957141013973,109.2991884672784],[23.909606499874837,109.2991922477843]]}]}]}