{"id":224,"ref":"Trạm thu phí","highways":[{"ways":[{"nodes":[[109.6676551,23.517876]],"buffer_geometry":[[23.51787599987714,109.66785125779826],[23.51791108962169,109.66784748873243],[23.51794483089585,109.6678363262697],[23.51797592703987,109.66781819937225],[23.5180031830441,109.66779380464332],[23.518025551472913,109.66776407955747],[23.51804217271745,109.66773016643427],[23.51805240803035,109.66769336853932],[23.518055864072746,109.6676551],[23.51805240803035,109.6676168314607],[23.51804217271745,109.66758003356576],[23.518025551472913,109.66754612044254],[23.5180031830441,109.6675163953567],[23.51797592703987,109.66749200062777],[23.51794483089585,109.66747387373032],[23.51791108962169,109.66746271126759],[23.51787599987714,109.66745894220176],[23.51784091014195,109.66746271137013],[23.517807168894414,109.66747387391982],[23.517776072790255,109.66749200087534],[23.51774881683304,109.66751639562467],[23.51772644845125,109.66754612069012],[23.517709827246563,109.66758003375523],[23.517699591960305,109.66761683156327],[23.517696135927252,109.6676551],[23.517699591960305,109.66769336843676],[23.517709827246563,109.66773016624478],[23.51772644845125,109.6677640793099],[23.51774881683304,109.66779380437535],[23.517776072790255,109.66781819912468],[23.517807168894414,109.6678363260802],[23.51784091014195,109.66784748862989],[23.51787599987714,109.66785125779826]]}]}]}