{"id":666,"ref":"Trạm thu phí","highways":[{"ways":[{"nodes":[[109.1331989,22.3227481]],"buffer_geometry":[[22.32274809988408,109.13339333524644],[22.322783189628367,109.13338959927565],[22.322816930901773,109.13337853483318],[22.322848027044667,109.13336056711474],[22.322875283047573,109.13333638660656],[22.322897651475053,109.13330692255094],[22.322914272718467,109.13327330723608],[22.32292450803061,109.13323683248278],[22.322927964072747,109.1331989],[22.32292450803061,109.13316096751721],[22.322914272718467,109.13312449276391],[22.322897651475053,109.13309087744905],[22.322875283047573,109.13306141339343],[22.322848027044667,109.13303723288526],[22.322816930901773,109.13301926516681],[22.322783189628367,109.13300820072435],[22.32274809988408,109.13300446475355],[22.32271301014863,109.13300820082026],[22.322679268900337,109.13301926534402],[22.322648172795052,109.13303723311678],[22.32262091683651,109.13306141364404],[22.32259854845339,109.1330908776806],[22.32258192724758,109.13312449294112],[22.32257169196057,109.13316096761311],[22.322568235927257,109.1331989],[22.32257169196057,109.13323683238688],[22.32258192724758,109.13327330705887],[22.32259854845339,109.13330692231939],[22.32262091683651,109.13333638635595],[22.322648172795052,109.13336056688321],[22.322679268900337,109.13337853465598],[22.32271301014863,109.13338959917975],[22.32274809988408,109.13339333524644]]}]}]}