{"id":125,"ref":"Trạm thu phí","highways":[{"ways":[{"nodes":[[105.9483805,20.5380265]],"buffer_geometry":[[20.538026499894233,105.94857257227187],[20.53806158963813,105.94856888170025],[20.538095330910437,105.94855795172062],[20.538126427051687,105.94854020236178],[20.538153683052645,105.94851631571886],[20.538176051478185,105.94848720974119],[20.538192672719955,105.94845400295613],[20.538202908031,105.94841797148459],[20.538206364072746,105.9483805],[20.538202908031,105.94834302851541],[20.538192672719955,105.94830699704386],[20.538176051478185,105.9482737902588],[20.538153683052645,105.94824468428112],[20.538126427051687,105.94822079763821],[20.538095330910437,105.94820304827938],[20.53806158963813,105.94819211829974],[20.538026499894233,105.94818842772811],[20.537991410158394,105.94819211838619],[20.537957668909005,105.9482030484391],[20.53792657280207,105.94822079784691],[20.53789931684159,105.948244684507],[20.53787694845652,105.9482737904675],[20.537860327249067,105.94830699720359],[20.537850091960955,105.94834302860185],[20.537846635927256,105.9483805],[20.537850091960955,105.94841797139814],[20.537860327249067,105.9484540027964],[20.53787694845652,105.9484872095325],[20.53789931684159,105.94851631549298],[20.53792657280207,105.94854020215308],[20.537957668909005,105.94855795156089],[20.537991410158394,105.94856888161381],[20.538026499894233,105.94857257227187]]}]}]}