{"id":653,"ref":"Trạm thu phí","highways":[{"ways":[{"nodes":[[103.3819512,23.2041928]],"buffer_geometry":[[23.204192799878975,103.38214689448266],[23.204227889623454,103.38214313431843],[23.204261630897413,103.38213199822026],[23.20429272704114,103.38211391413728],[23.204319983045014,103.3820895770274],[23.20434235147348,103.38205992215099],[23.204358972717717,103.38202608912944],[23.204369208030418,103.38198937815004],[23.204372664072743,103.3819512],[23.204369208030418,103.38191302184998],[23.204358972717717,103.38187631087058],[23.20434235147348,103.38184247784903],[23.204319983045014,103.38181282297262],[23.20429272704114,103.38178848586273],[23.204261630897413,103.38177040177976],[23.204227889623454,103.38175926568158],[23.204192799878975,103.38175550551736],[23.20415771014371,103.38175926578236],[23.204123968895978,103.38177040196598],[23.204092872791524,103.38178848610605],[23.204065616833958,103.38181282323596],[23.20404324845181,103.38184247809234],[23.204026627246833,103.3818763110568],[23.204016391960376,103.38191302195077],[23.204012935927256,103.3819512],[23.204016391960376,103.38198937804925],[23.204026627246833,103.3820260889432],[23.20404324845181,103.38205992190767],[23.204065616833958,103.38208957676405],[23.204092872791524,103.38211391389397],[23.204123968895978,103.38213199803404],[23.20415771014371,103.38214313421764],[23.204192799878975,103.38214689448266]]}]}]}