{"id":31,"ref":"Trạm thu phí","highways":[{"ways":[{"nodes":[[106.4508467,17.8902362]],"buffer_geometry":[[17.89023619990887,106.4510357029778],[17.89027128965221,106.45103207137522],[17.890305030922928,106.4510213160505],[17.8903361270618,106.45100385032114],[17.890363383059963,106.45098034538304],[17.8903857514827,106.4509517045169],[17.890402372722097,106.45091902837599],[17.890412608031557,106.45088357268845],[17.890416064072745,106.4508467],[17.890412608031557,106.45080982731156],[17.890402372722097,106.45077437162401],[17.8903857514827,106.45074169548312],[17.890363383059963,106.45071305461697],[17.8903361270618,106.45068954967886],[17.890305030922928,106.45067208394951],[17.89027128965221,106.45066132862478],[17.89023619990887,106.45065769702221],[17.89020111017247,106.45066132869808],[17.890167368921496,106.45067208408496],[17.89013627281219,106.45068954985581],[17.8901090168489,106.4507130548085],[17.89008664846104,106.45074169566007],[17.890070027251213,106.45077437175945],[17.890059791961512,106.45080982738484],[17.890056335927255,106.4508467],[17.890059791961512,106.45088357261515],[17.890070027251213,106.45091902824055],[17.89008664846104,106.45095170433994],[17.8901090168489,106.45098034519151],[17.89013627281219,106.4510038501442],[17.890167368921496,106.45102131591506],[17.89020111017247,106.45103207130194],[17.89023619990887,106.4510357029778]]}]}]}