{"id":108,"ref":"Trạm thu phí","highways":[{"ways":[{"nodes":[[106.7596401,10.8239097]],"buffer_geometry":[[10.823909699946022,106.7598232220017],[10.823944789687948,106.7598197033848],[10.823978530954644,106.75980928270818],[10.82400962708749,106.75979236043052],[10.82403688307854,106.75976958686414],[10.824059251494171,106.75974183718392],[10.824075872727539,106.759710177795],[10.824086108032967,106.75967582535131],[10.824089564072743,106.7596401],[10.824086108032967,106.75960437464869],[10.824075872727539,106.759570022205],[10.824059251494171,106.75953836281609],[10.82403688307854,106.75951061313586],[10.82400962708749,106.75948783956947],[10.823978530954644,106.75947091729182],[10.823944789687948,106.75946049661519],[10.823909699946022,106.7594569779983],[10.823874610208208,106.75946049665725],[10.823840868953209,106.75947091736954],[10.823809772837876,106.75948783967102],[10.823782516867482,106.75951061324577],[10.823760148472505,106.75953836291762],[10.82374352725665,106.7595700222827],[10.823733291962926,106.75960437469075],[10.823729835927255,106.7596401],[10.823733291962926,106.75967582530924],[10.82374352725665,106.7597101777173],[10.823760148472505,106.75974183708239],[10.823782516867482,106.75976958675423],[10.823809772837876,106.75979236032897],[10.823840868953209,106.75980928263046],[10.823874610208208,106.75981970334274],[10.823909699946022,106.7598232220017]]}]}]}