{"id":381,"ref":"Trạm thu phí","highways":[{"ways":[{"nodes":[[106.7455559,22.9518751]],"buffer_geometry":[[22.951875099880443,106.74575122763021],[22.951910189624865,106.74574747451425],[22.95194393089867,106.7457363592915],[22.95197502704215,106.74571830910891],[22.952002283045747,106.7456940176217],[22.95202465147393,106.74566441833699],[22.952041272717935,106.74563064873978],[22.952051508030472,106.74559400657996],[22.952054964072747,106.7455559],[22.952051508030472,106.74551779342003],[22.952041272717935,106.74548115126024],[22.95202465147393,106.74544738166301],[22.952002283045747,106.7454177823783],[22.95197502704215,106.74539349089109],[22.95194393089867,106.7453754407085],[22.951910189624865,106.74536432548575],[22.951875099880443,106.74536057236979],[22.951840010145126,106.74536432558511],[22.951806268897236,106.74537544089212],[22.95177517279254,106.745393491131],[22.95174791683469,106.74541778263797],[22.951725548452266,106.74544738190293],[22.951708927247047,106.74548115144385],[22.95169869196043,106.74551779351941],[22.951695235927254,106.7455559],[22.95169869196043,106.74559400648059],[22.951708927247047,106.74563064855616],[22.951725548452266,106.74566441809708],[22.95174791683469,106.74569401736204],[22.95177517279254,106.74571830886902],[22.951806268897236,106.74573635910788],[22.951840010145126,106.74574747441488],[22.951875099880443,106.74575122763021]]}]}]}