{"id":711,"ref":"Trạm thu phí","highways":[{"ways":[{"nodes":[[105.740451,9.9728657]],"buffer_geometry":[[9.972865699950356,105.7406336235364],[9.972900789692119,105.74063011449564],[9.972934530958344,105.74061972218307],[9.972965627090487,105.74060284596757],[9.972992883080707,105.7405801343914],[9.973015251495509,105.74055246024723],[9.973031872728173,105.74052088703738],[9.973042108033134,105.7404866281038],[9.973045564072743,105.740451],[9.973042108033134,105.74041537189618],[9.973031872728173,105.74038111296261],[9.973015251495509,105.74034953975274],[9.972992883080707,105.74032186560859],[9.972965627090487,105.7402991540324],[9.972934530958344,105.7402822778169],[9.972900789692119,105.74027188550434],[9.972865699950356,105.74026837646359],[9.972830610212377,105.74027188554291],[9.972796868956909,105.74028227788818],[9.972765772840873,105.74029915412554],[9.972738516869649,105.7403218657094],[9.972716148473845,105.74034953984588],[9.972699527257287,105.74038111303389],[9.97268929196309,105.74041537193474],[9.972685835927255,105.740451],[9.97268929196309,105.74048662806523],[9.972699527257287,105.7405208869661],[9.972716148473845,105.74055246015409],[9.972738516869649,105.74058013429058],[9.972765772840873,105.74060284587443],[9.972796868956909,105.74061972211179],[9.972830610212377,105.74063011445706],[9.972865699950356,105.7406336235364]]}]}]}