{"id":985,"ref":"Trạm thu phí","highways":[{"ways":[{"nodes":[[108.8221464,23.2023557]],"buffer_geometry":[[23.202355699878982,108.82234209179292],[23.20239078962346,108.82233833168037],[23.20242453089742,108.82232719573526],[23.20245562704114,108.82230911190082],[23.202482883045022,108.82228477512545],[23.202505251473475,108.82225512065664],[23.202521872717718,108.8222212881001],[23.202532108030415,108.82218457762528],[23.202535564072743,108.8221464],[23.202532108030415,108.82210822237471],[23.202521872717718,108.82207151189989],[23.202505251473475,108.82203767934335],[23.202482883045022,108.82200802487452],[23.20245562704114,108.82198368809915],[23.20242453089742,108.82196560426472],[23.20239078962346,108.8219544683196],[23.202355699878982,108.82195070820707],[23.20232061014372,108.82195446842037],[23.20228686889599,108.82196560445092],[23.202255772791528,108.82198368834244],[23.20222851683396,108.82200802513786],[23.202206148451815,108.82203767958664],[23.20218952724683,108.8220715120861],[23.202179291960377,108.82210822247548],[23.202175835927253,108.8221464],[23.202179291960377,108.82218457752451],[23.20218952724683,108.82222128791389],[23.202206148451815,108.82225512041335],[23.20222851683396,108.82228477486213],[23.202255772791528,108.82230911165755],[23.20228686889599,108.82232719554905],[23.20232061014372,108.8223383315796],[23.202355699878982,108.82234209179292]]}]}]}