{"id":887,"ref":"Trạm thu phí","highways":[{"ways":[{"nodes":[[103.00661,21.4016859]],"buffer_geometry":[[21.40168589988935,103.0068031851387],[21.401720989633436,103.0067994731859],[21.401754730906273,103.00678847987966],[21.40178582704831,103.00677062768217],[21.401813083050207,103.00674660264043],[21.40183545147668,103.0067173280223],[21.40185207271924,103.00668392883598],[21.401862308030807,103.00664768859639],[21.401865764072745,103.00661],[21.401862308030807,103.0065723114036],[21.40185207271924,103.006536071164],[21.40183545147668,103.00650267197769],[21.401813083050207,103.00647339735956],[21.40178582704831,103.00644937231783],[21.401754730906273,103.00643152012033],[21.401720989633436,103.0064205268141],[21.40168589988935,103.0064168148613],[21.40165081015369,103.00642052690505],[21.40161706890484,103.0064315202884],[21.401585972798696,103.00644937253743],[21.401558716839148,103.00647339759725],[21.401536348455014,103.00650267219727],[21.40151972724835,103.00653607133208],[21.401509491960766,103.00657231149455],[21.401506035927255,103.00661],[21.401509491960766,103.00664768850544],[21.40151972724835,103.00668392866791],[21.401536348455014,103.00671732780272],[21.401558716839148,103.00674660240274],[21.401585972798696,103.00677062746257],[21.40161706890484,103.00678847971159],[21.40165081015369,103.00679947309494],[21.40168589988935,103.0068031851387]]}]}]}