{"id":259,"ref":"Trạm thu phí","highways":[{"ways":[{"nodes":[[107.3469084,22.4564468]],"buffer_geometry":[[22.456446799883313,107.34710302224633],[22.456481889627625,107.34709928268276],[22.456515630901116,107.34708820759923],[22.456546727044135,107.34707022260035],[22.456573983047186,107.34704601883642],[22.456596351474815,107.3470165264434],[22.456612972718354,107.34698287879851],[22.45662320803058,107.34694636896504],[22.456626664072747,107.3469084],[22.45662320803058,107.34687043103499],[22.456612972718354,107.3468339212015],[22.456596351474815,107.34680027355661],[22.456573983047186,107.3467707811636],[22.456546727044135,107.34674657739966],[22.456515630901116,107.34672859240078],[22.456481889627625,107.34671751731726],[22.456446799883313,107.34671377775368],[22.456411710147886,107.3467175174139],[22.456377968899684,107.34672859257934],[22.456346872794523,107.34674657763296],[22.45631961683613,107.34677078141613],[22.456297248453147,107.34680027378991],[22.456280627247466,107.34683392138005],[22.45627039196054,107.34687043113162],[22.456266935927253,107.3469084],[22.45627039196054,107.34694636886839],[22.456280627247466,107.34698287861997],[22.456297248453147,107.3470165262101],[22.45631961683613,107.3470460185839],[22.456346872794523,107.34707022236705],[22.456377968899684,107.34708820742068],[22.456411710147886,107.34709928258611],[22.456446799883313,107.34710302224633]]}]}]}