{"id":154,"ref":"Trạm thu phí","highways":[{"ways":[{"nodes":[[108.854365,22.7831331]],"buffer_geometry":[[22.783133099881425,108.85456008516563],[22.78316818962581,108.8545563367081],[22.783201930899505,108.85454523528257],[22.78323302704283,108.85452720750585],[22.783260283046246,108.85450294617215],[22.78328265147423,108.85447338362975],[22.78329927271808,108.85443965595174],[22.783309508030513,108.854403059277],[22.783312964072746,108.854365],[22.783309508030513,108.854326940723],[22.78329927271808,108.85429034404827],[22.78328265147423,108.85425661637026],[22.783260283046246,108.85422705382787],[22.78323302704283,108.85420279249415],[22.783201930899505,108.85418476471744],[22.78316818962581,108.85417366329192],[22.783133099881425,108.85416991483437],[22.783098010146066,108.85417366339034],[22.783064268898073,108.85418476489932],[22.78303317279322,108.85420279273178],[22.783005916835183,108.85422705408509],[22.78298354845257,108.8542566166079],[22.782966927247195,108.85429034423017],[22.782956691960464,108.85432694082144],[22.782953235927256,108.854365],[22.782956691960464,108.85440305917858],[22.782966927247195,108.85443965576985],[22.78298354845257,108.85447338339212],[22.783005916835183,108.85450294591493],[22.78303317279322,108.85452720726822],[22.783064268898073,108.85454523510069],[22.783098010146066,108.85455633660966],[22.783133099881425,108.85456008516563]]}]}]}