{"id":307,"ref":"Trạm thu phí","highways":[{"ways":[{"nodes":[[108.0751628,21.6496848]],"buffer_geometry":[[21.649684799887936,108.07535631523496],[21.64971988963208,108.07535259694012],[21.649753630905067,108.07534158485007],[21.649784727047333,108.07532370214876],[21.649811983049496,108.07529963605548],[21.649834351476244,108.07527031141557],[21.649850972719033,108.07523685515959],[21.64986120803076,108.07520055299565],[21.649864664072744,108.0751628],[21.64986120803076,108.07512504700436],[21.649850972719033,108.07508874484043],[21.649834351476244,108.07505528858445],[21.649811983049496,108.07502596394454],[21.649784727047333,108.07500189785125],[21.649753630905067,108.07498401514995],[21.64971988963208,108.0749730030599],[21.649684799887936,108.07496928476506],[21.649649710152335,108.07497300315218],[21.649615968903632,108.07498401532045],[21.649584872797718,108.075001898074],[21.64955761683844,108.07502596418568],[21.649535248454576,108.07505528880722],[21.649518627248145,108.07508874501094],[21.649508391960715,108.07512504709665],[21.649504935927254,108.0751628],[21.649508391960715,108.07520055290337],[21.649518627248145,108.07523685498907],[21.649535248454576,108.0752703111928],[21.64955761683844,108.07529963581433],[21.649584872797718,108.075323701926],[21.649615968903632,108.07534158467955],[21.649649710152335,108.07535259684784],[21.649684799887936,108.07535631523496]]}]}]}