{"id":729,"ref":"Trạm thu phí","highways":[{"ways":[{"nodes":[[106.5596492,10.6618098]],"buffer_geometry":[[10.66180979994685,106.55983222373345],[10.661844889688744,106.55982870700444],[10.66187863095535,106.55981829191954],[10.661909727088062,106.55980137872267],[10.661936983078954,106.55977861737712],[10.661959351494426,106.55975088258822],[10.661975972727658,106.55971924018877],[10.661986208033,106.5596849061798],[10.661989664072745,106.5596492],[10.661986208033,106.5596134938202],[10.661975972727658,106.55957915981122],[10.661959351494426,106.55954751741177],[10.661936983078954,106.55951978262286],[10.661909727088062,106.55949702127732],[10.66187863095535,106.55948010808045],[10.661844889688744,106.55946969299555],[10.66180979994685,106.55946617626653],[10.661774710209004,106.55946969303695],[10.661740968953916,106.55948010815693],[10.661709872838449,106.55949702137725],[10.661682616867894,106.55951978273103],[10.661660248472764,106.5595475175117],[10.661643627256773,106.5595791598877],[10.661633391962956,106.55961349386159],[10.661629935927253,106.5596492],[10.661633391962956,106.5596849061384],[10.661643627256773,106.55971924011229],[10.661660248472764,106.55975088248829],[10.661682616867894,106.55977861726896],[10.661709872838449,106.55980137862274],[10.661740968953916,106.55981829184306],[10.661774710209004,106.55982870696305],[10.66180979994685,106.55983222373345]]}]}]}