{"id":705,"ref":"Trạm thu phí","highways":[{"ways":[{"nodes":[[106.3162415,10.4306654]],"buffer_geometry":[[10.430665399948028,106.31642438632153],[10.430700489689878,106.31642087223237],[10.430734230956357,106.31641046496661],[10.430765327088876,106.31639356446769],[10.430792583079542,106.31637082021098],[10.43081495149479,106.31634310624509],[10.430831572727831,106.31631148760263],[10.430841808033042,106.31627717937158],[10.430845264072744,106.3162415],[10.430841808033042,106.31620582062843],[10.430831572727831,106.31617151239737],[10.43081495149479,106.31613989375491],[10.430792583079542,106.31611217978902],[10.430765327088876,106.31608943553232],[10.430734230956357,106.3160725350334],[10.430700489689878,106.31606212776764],[10.430665399948028,106.31605861367848],[10.430630310210137,106.31606212780808],[10.430596568954922,106.31607253510813],[10.430565472839262,106.31608943562996],[10.430538216868484,106.3161121798947],[10.430515848473126,106.31613989385255],[10.430499227256945,106.31617151247211],[10.430488991963003,106.31620582066887],[10.430485535927254,106.3162415],[10.430488991963003,106.31627717933114],[10.430499227256945,106.31631148752788],[10.430515848473126,106.31634310614744],[10.430538216868484,106.3163708201053],[10.430565472839262,106.31639356437005],[10.430596568954922,106.31641046489187],[10.430630310210137,106.31642087219193],[10.430665399948028,106.31642438632153]]}]}]}