{"id":713,"ref":"Trạm thu phí","highways":[{"ways":[{"nodes":[[105.4858827,10.3174888]],"buffer_geometry":[[10.317488799948604,105.4860655201995],[10.317523889690433,105.48606200738062],[10.317557630956848,105.48605160387739],[10.317588727089275,105.48603470948865],[10.317615983079833,105.48601197345505],[10.317638351494969,105.4859842695091],[10.317654972727917,105.48595266229839],[10.317665208033066,105.48591836647158],[10.317668664072745,105.4858827],[10.317665208033066,105.48584703352842],[10.317654972727917,105.48581273770161],[10.317638351494969,105.4857811304909],[10.317615983079833,105.48575342654496],[10.317588727089275,105.48573069051135],[10.317557630956848,105.48571379612262],[10.317523889690433,105.48570339261938],[10.317488799948604,105.4856998798005],[10.317453710210692,105.48570339265937],[10.317419968955415,105.48571379619649],[10.317388872839661,105.48573069060787],[10.317361616868773,105.48575342664944],[10.317339248473303,105.48578113058743],[10.31732262725703,105.48581273777549],[10.317312391963023,105.4858470335684],[10.317308935927255,105.4858827],[10.317312391963023,105.48591836643159],[10.31732262725703,105.48595266222452],[10.317339248473303,105.48598426941257],[10.317361616868773,105.48601197335056],[10.317388872839661,105.48603470939213],[10.317419968955415,105.4860516038035],[10.317453710210692,105.48606200734064],[10.317488799948604,105.4860655201995]]}]}]}