{"id":365,"ref":"Trạm thu phí","highways":[{"ways":[{"nodes":[[107.4258721,22.3989373]],"buffer_geometry":[[22.398937299883645,107.42606664163583],[22.398972389627946,107.426062903621],[22.3990061309014,107.42605183312455],[22.399037227044364,107.42603385557479],[22.39906448304735,107.42600966183576],[22.39908685147492,107.42598018165822],[22.3991034727184,107.42594654794993],[22.399113708030594,107.42591005323855],[22.39911716407274,107.4258721],[22.399113708030594,107.42583414676146],[22.3991034727184,107.4257976520501],[22.39908685147492,107.4257640183418],[22.39906448304735,107.42573453816425],[22.399037227044364,107.42571034442523],[22.3990061309014,107.42569236687547],[22.398972389627946,107.42568129637901],[22.398937299883645,107.42567755836419],[22.398902210148204,107.42568129647533],[22.398868468899966,107.42569236705344],[22.398837372794752,107.42571034465777],[22.39881011683629,107.42573453841595],[22.398787748453252,107.42576401857434],[22.398771127247514,107.42579765222806],[22.398760891960553,107.42583414685778],[22.398757435927255,107.4258721],[22.398760891960553,107.42591005314223],[22.398771127247514,107.42594654777196],[22.398787748453252,107.42598018142567],[22.39881011683629,107.42600966158406],[22.398837372794752,107.42603385534224],[22.398868468899966,107.42605183294657],[22.398902210148204,107.42606290352468],[22.398937299883645,107.42606664163583]]}]}]}