{"id":151,"ref":"Trạm thu phí","highways":[{"ways":[{"nodes":[[106.7757823,10.6652861]],"buffer_geometry":[[10.665286099946831,106.7759653258244],[10.665321189688726,106.7759618090552],[10.665354930955335,106.77595139385134],[10.665386027088049,106.77593448046123],[10.665413283078946,106.77591171885568],[10.665435651494422,106.77588398374989],[10.665452272727656,106.77585234098896],[10.665462508032999,106.77581800658773],[10.665465964072744,106.7757823],[10.665462508032999,106.77574659341228],[10.665452272727656,106.77571225901106],[10.665435651494422,106.77568061625011],[10.665413283078946,106.77565288114434],[10.665386027088049,106.77563011953877],[10.665354930955335,106.77561320614868],[10.665321189688726,106.7756027909448],[10.665286099946831,106.7755992741756],[10.665251010208985,106.77560279098621],[10.6652172689539,106.77561320622519],[10.665186172838435,106.77563011963873],[10.665158916867885,106.77565288125255],[10.665136548472756,106.77568061635007],[10.66511992725677,106.77571225908757],[10.665109691962954,106.77574659345369],[10.665106235927254,106.7757823],[10.665109691962954,106.77581800654632],[10.66511992725677,106.77585234091245],[10.665136548472756,106.77588398364993],[10.665158916867885,106.77591171874747],[10.665186172838435,106.77593448036127],[10.6652172689539,106.77595139377483],[10.665251010208985,106.7759618090138],[10.665286099946831,106.7759653258244]]}]}]}