{"id":434,"ref":"Trạm thu phí","highways":[{"ways":[{"nodes":[[108.3353571,15.7103823]],"buffer_geometry":[[15.710382299920587,108.33554394406315],[15.710417389663482,108.33554035393843],[15.710451130932935,108.33552972146404],[15.710482227069903,108.33551245523695],[15.71050948306582,108.33548921878656],[15.710531851486317,108.3354609050759],[15.710548472723813,108.33542860218573],[15.710558708031996,108.33539355150002],[15.710562164072744,108.3353571],[15.710558708031996,108.33532064849999],[15.710548472723813,108.33528559781428],[15.710531851486317,108.3352532949241],[15.71050948306582,108.33522498121343],[15.710482227069903,108.33520174476304],[15.710451130932935,108.33518447853596],[15.710417389663482,108.33517384606158],[15.710382299920587,108.33517025593686],[15.710347210183738,108.3351738461247],[15.710313468931501,108.33518447865262],[15.710282372820291,108.33520174491547],[15.710255116854764,108.33522498137843],[15.710232748464655,108.33525329507653],[15.710216127252925,108.33528559793093],[15.710205891961955,108.33532064856313],[15.710202435927254,108.3353571],[15.710205891961955,108.33539355143688],[15.710216127252925,108.33542860206907],[15.710232748464655,108.33546090492348],[15.710255116854764,108.33548921862157],[15.710282372820291,108.33551245508453],[15.710313468931501,108.33552972134738],[15.710347210183738,108.3355403538753],[15.710382299920587,108.33554394406315]]}]}]}