{"id":332,"ref":"Trạm thu phí","highways":[{"ways":[{"nodes":[[104.1620683,23.4270468]],"buffer_geometry":[[23.42704679987767,104.16226432281188],[23.4270818896222,104.16226055633953],[23.4271156308963,104.16224940155807],[23.427146727040235,104.16223128713457],[23.427173983044362,104.16220690919288],[23.42719635147307,104.16217720456244],[23.427212972717527,104.16214331477674],[23.427223208030366,104.16210654220451],[23.42722666407274,104.1620683],[23.427223208030366,104.16203005779548],[23.427212972717527,104.16199328522325],[23.42719635147307,104.16195939543756],[23.427173983044362,104.16192969080713],[23.427146727040235,104.16190531286543],[23.4271156308963,104.16188719844192],[23.4270818896222,104.16187604366047],[23.42704679987767,104.16187227718812],[23.42701171014246,104.16187604376249],[23.426977968894867,104.16188719863047],[23.42694687279062,104.16190531311176],[23.426919616833302,104.16192969107377],[23.426897248451404,104.1619593956839],[23.42688062724664,104.1619932854118],[23.426870391960325,104.16203005789752],[23.42686693592725,104.1620683],[23.426870391960325,104.16210654210246],[23.42688062724664,104.1621433145882],[23.426897248451404,104.16217720431611],[23.426919616833302,104.16220690892624],[23.42694687279062,104.16223128688823],[23.426977968894867,104.16224940136954],[23.42701171014246,104.1622605562375],[23.42704679987767,104.16226432281188]]}]}]}