{"id":909,"ref":"Trạm thu phí","highways":[{"ways":[{"nodes":[[107.4761934,21.3087795]],"buffer_geometry":[[21.30877949988988,107.47638646269682],[21.30881458963394,107.47638275309646],[21.308848330906724,107.47637176675767],[21.308879427048673,107.47635392587488],[21.30890668305047,107.47632991606031],[21.30892905147684,107.47630065999665],[21.308945672719315,107.47626728197905],[21.308955908030832,107.47623106470893],[21.30895936407274,107.4761934],[21.308955908030832,107.47615573529107],[21.308945672719315,107.47611951802094],[21.30892905147684,107.47608614000333],[21.30890668305047,107.47605688393968],[21.308879427048673,107.47603287412511],[21.308848330906724,107.47601503324233],[21.30881458963394,107.47600404690353],[21.30877949988988,107.47600033730318],[21.3087444101542,107.476004046994],[21.308710668905288,107.4760150334095],[21.30867957279906,107.47603287434353],[21.30865231683941,107.47605688417609],[21.308629948455177,107.47608614022174],[21.30861332724843,107.4761195181881],[21.308603091960784,107.47615573538154],[21.308599635927255,107.4761934],[21.308603091960784,107.47623106461846],[21.30861332724843,107.4762672818119],[21.308629948455177,107.47630065977825],[21.30865231683941,107.47632991582391],[21.30867957279906,107.47635392565645],[21.308710668905288,107.47637176659049],[21.3087444101542,107.47638275300599],[21.30877949988988,107.47638646269682]]}]}]}