{"id":60,"ref":"Trạm thu phí","highways":[{"ways":[{"nodes":[[106.5573832,10.6819479]],"buffer_geometry":[[10.681947899946747,106.55756623585616],[10.681982989688647,106.55756271889425],[10.682016730955263,106.55755230311955],[10.68204782708799,106.55753538880242],[10.682075083078903,106.55751262594929],[10.682097451494396,106.55748488932333],[10.682114072727645,106.55745324482801],[10.682124308032998,106.55741890854486],[10.682127764072748,106.5573832],[10.682124308032998,106.55734749145515],[10.682114072727645,106.557313155172],[10.682097451494396,106.55728151067667],[10.682075083078903,106.55725377405072],[10.68204782708799,106.55723101119759],[10.682016730955263,106.55721409688046],[10.681982989688647,106.55720368110576],[10.681947899946747,106.55720016414385],[10.681912810208907,106.55720368114723],[10.681879068953831,106.5572140969571],[10.68184797283838,106.5572310112977],[10.681820716867845,106.5572537741591],[10.681798348472732,106.55728151077682],[10.681781727256759,106.55731315524864],[10.681771491962953,106.55734749149661],[10.681768035927256,106.5573832],[10.681771491962953,106.5574189085034],[10.681781727256759,106.55745324475137],[10.681798348472732,106.55748488922319],[10.681820716867845,106.55751262584091],[10.68184797283838,106.5575353887023],[10.681879068953831,106.55755230304291],[10.681912810208907,106.55756271885278],[10.681947899946747,106.55756623585616]]}]}]}