{"id":138,"ref":"Trạm thu phí","highways":[{"ways":[{"nodes":[[105.0578171,23.7324267]],"buffer_geometry":[[23.732426699875884,105.05801357935675],[23.73246178962048,105.0580098041129],[23.732495530894774,105.05799862335215],[23.732526627039,105.05798046673985],[23.73255388304347,105.05795603202111],[23.732576251472523,105.05792625820729],[23.73259287271727,105.0578922894905],[23.732603108030297,105.05785543127287],[23.732606564072746,105.0578171],[23.732603108030297,105.05777876872712],[23.73259287271727,105.05774191050949],[23.732576251472523,105.05770794179271],[23.73255388304347,105.05767816797888],[23.732526627039,105.05765373326014],[23.732495530894774,105.05763557664785],[23.73246178962048,105.0576243958871],[23.732426699875884,105.05762062064323],[23.732391610140734,105.05762439599086],[23.73235786889334,105.0576355768396],[23.732326772789385,105.05765373351066],[23.732299516832413,105.05767816825005],[23.73227714845086,105.05770794204325],[23.732260527246382,105.05774191070124],[23.73225029196026,105.0577787688309],[23.732246835927256,105.0578171],[23.73225029196026,105.05785543116909],[23.732260527246382,105.05789228929875],[23.73227714845086,105.05792625795675],[23.732299516832413,105.05795603174994],[23.732326772789385,105.05798046648933],[23.73235786889334,105.05799862316039],[23.732391610140734,105.05800980400913],[23.732426699875884,105.05801357935675]]}]}]}