{"id":884,"ref":"Trạm thu phí","highways":[{"ways":[{"nodes":[[105.647083,21.1593972]],"buffer_geometry":[[21.159397199890723,105.64727586721236],[21.159432289634758,105.6472721613678],[21.159466030907446,105.64726118615285],[21.15949712704926,105.64724336333454],[21.15952438305089,105.64721937783091],[21.1595467514771,105.64719015139036],[21.15956337271944,105.64715680716968],[21.159573608030865,105.64712062657141],[21.159577064072742,105.647083],[21.159573608030865,105.6470453734286],[21.15956337271944,105.64700919283032],[21.1595467514771,105.64697584860964],[21.15952438305089,105.6469466221691],[21.15949712704926,105.64692263666545],[21.159466030907446,105.64690481384716],[21.159432289634758,105.64689383863221],[21.159397199890723,105.64689013278763],[21.159362110155016,105.64689383872188],[21.15932836890601,105.64690481401286],[21.15929727279964,105.64692263688197],[21.159270016839834,105.64694662240345],[21.159247648455437,105.64697584882614],[21.159231027248552,105.64700919299604],[21.15922079196082,105.64704537351827],[21.159217335927252,105.647083],[21.15922079196082,105.64712062648172],[21.159231027248552,105.64715680700397],[21.159247648455437,105.64719015117385],[21.159270016839834,105.64721937759654],[21.15929727279964,105.64724336311804],[21.15932836890601,105.64726118598713],[21.159362110155016,105.64727216127811],[21.159397199890723,105.64727586721236]]}]}]}