{"id":926,"ref":"Trạm thu phí","highways":[{"ways":[{"nodes":[[103.9070398,22.4167523]],"buffer_geometry":[[22.41675229988354,103.90723436657885],[22.416787389627842,103.90723062808479],[22.41682113090131,103.90721955616897],[22.416852227044295,103.90720157631426],[22.416879483047296,103.90717737947327],[22.416901851474883,103.90714789551593],[22.416918472718386,103.90711425749531],[22.41692870803059,103.90707775810473],[22.416932164072744,103.9070398],[22.41692870803059,103.90700184189528],[22.416918472718386,103.9069653425047],[22.416901851474883,103.90693170448407],[22.416879483047296,103.90690222052673],[22.416852227044295,103.90687802368574],[22.41682113090131,103.90686004383103],[22.416787389627842,103.90684897191521],[22.41675229988354,103.90684523342117],[22.416717210148104,103.90684897201163],[22.41668346889988,103.90686004400918],[22.41665237279468,103.90687802391852],[22.41662511683624,103.9069022207787],[22.41660274845322,103.90693170471685],[22.4165861272475,103.90696534268287],[22.416575891960544,103.9070018419917],[22.416572435927254,103.9070398],[22.416575891960544,103.90707775800831],[22.4165861272475,103.90711425731715],[22.41660274845322,103.90714789528316],[22.41662511683624,103.90717737922131],[22.41665237279468,103.90720157608149],[22.41668346889988,103.90721955599082],[22.416717210148104,103.90723062798837],[22.41675229988354,103.90723436657885]]}]}]}