{"id":247,"ref":"Trạm thu phí","highways":[{"ways":[{"nodes":[[103.5541731,10.6170586]],"buffer_geometry":[[10.617058599947079,103.5543560968809],[10.617093689688964,103.55435258066775],[10.617127430955545,103.55434216711085],[10.617158527088218,103.55432525639536],[10.617185783079067,103.55430249838926],[10.617208151494497,103.55427476766951],[10.617224772727692,103.55424312991258],[10.617235008033008,103.55420880094104],[10.617238464072743,103.5541731],[10.617235008033008,103.55413739905897],[10.617224772727692,103.55410307008744],[10.617208151494497,103.55407143233049],[10.617185783079067,103.55404370161075],[10.617158527088218,103.55402094360466],[10.617127430955545,103.55400403288917],[10.617093689688964,103.55399361933226],[10.617058599947079,103.55399010311912],[10.61702351020922,103.55399361937347],[10.616989768954111,103.55400403296531],[10.616958672838607,103.55402094370413],[10.61693141686801,103.55404370171843],[10.616909048472833,103.55407143242998],[10.616892427256806,103.55410307016358],[10.616882191962963,103.5541373991002],[10.616878735927255,103.5541731],[10.616882191962963,103.55420880089981],[10.616892427256806,103.55424312983644],[10.616909048472833,103.55427476757004],[10.61693141686801,103.55430249828159],[10.616958672838607,103.55432525629588],[10.616989768954111,103.5543421670347],[10.61702351020922,103.55435258062654],[10.617058599947079,103.5543560968809]]}]}]}