{"id":1043,"ref":"Trạm thu phí","highways":[{"ways":[{"nodes":[[109.935671,21.8548088]],"buffer_geometry":[[21.854808799886772,109.93586479186422],[21.854843889630953,109.93586106825457],[21.854877630904067,109.93585004042318],[21.854908727046524,109.93583213215892],[21.854935983048914,109.93580803166331],[21.854958351475887,109.93577866510387],[21.854974972718864,109.93574516102203],[21.85498520803072,109.93570880696387],[21.854988664072746,109.935671],[21.85498520803072,109.93563319303613],[21.854974972718864,109.93559683897797],[21.854958351475887,109.93556333489613],[21.854935983048914,109.93553396833669],[21.854908727046524,109.93550986784108],[21.854877630904067,109.93549195957682],[21.854843889630953,109.93548093174543],[21.854808799886772,109.9354772081358],[21.85477371015121,109.93548093183881],[21.854739968902635,109.93549195974936],[21.854708872796913,109.9355098680665],[21.854681616837855,109.93553396858069],[21.85465924845422,109.93556333512156],[21.854642627247976,109.9355968391505],[21.85463239196067,109.93563319312949],[21.854628935927256,109.935671],[21.85463239196067,109.93570880687051],[21.854642627247976,109.93574516084949],[21.85465924845422,109.93577866487844],[21.854681616837855,109.93580803141933],[21.854708872796913,109.9358321319335],[21.854739968902635,109.93585004025064],[21.85477371015121,109.93586106816119],[21.854808799886772,109.93586479186422]]}]}]}