{"id":415,"ref":"Trạm thu phí","highways":[{"ways":[{"nodes":[[109.0765679,22.331241]],"buffer_geometry":[[22.33124099988403,109.076762347083],[22.331276089628318,109.0767586108848],[22.331309830901734,109.0767475457688],[22.331340927044636,109.07672957695654],[22.331368183047545,109.07670539497634],[22.331390551475035,109.07667592912705],[22.331407172718457,109.07664231176578],[22.33141740803061,109.07660583479202],[22.331420864072744,109.0765679],[22.33141740803061,109.076529965208],[22.331407172718457,109.07649348823422],[22.331390551475035,109.07645987087295],[22.331368183047545,109.07643040502367],[22.331340927044636,109.07640622304346],[22.331309830901734,109.07638825423122],[22.331276089628318,109.0763771891152],[22.33124099988403,109.076373452917],[22.33120591014858,109.07637718921116],[22.3311721689003,109.07638825440851],[22.331141072795017,109.07640622327511],[22.331113816836485,109.0764304052744],[22.331091448453375,109.07645987110462],[22.33107482724757,109.07649348841151],[22.331064591960565,109.07652996530395],[22.331061135927254,109.0765679],[22.331064591960565,109.07660583469607],[22.33107482724757,109.07664231158849],[22.331091448453375,109.07667592889538],[22.331113816836485,109.07670539472561],[22.331141072795017,109.07672957672489],[22.3311721689003,109.07674754559149],[22.33120591014858,109.07675861078884],[22.33124099988403,109.076762347083]]}]}]}