{"id":402,"ref":"Trạm thu phí","highways":[{"ways":[{"nodes":[[105.7894483,15.0967576]],"buffer_geometry":[[15.096757599923839,105.78963459355295],[15.096792689666612,105.78963101400475],[15.096826430935707,105.7896204128564],[15.09685752707215,105.78960319750112],[15.09688478306745,105.78958002951346],[15.096907151487322,105.7895517992255],[15.096923772724285,105.78951959151206],[15.096934008032122,105.78948464409943],[15.096937464072742,105.7894483],[15.096934008032122,105.78941195590059],[15.096923772724285,105.78937700848796],[15.096907151487322,105.78934480077451],[15.09688478306745,105.78931657048655],[15.09685752707215,105.78929340249888],[15.096826430935707,105.78927618714363],[15.096792689666612,105.78926558599525],[15.096757599923839,105.78926200644706],[15.096722510186869,105.78926558605563],[15.096688768934275,105.78927618725518],[15.096657672822541,105.78929340264465],[15.096630416856389,105.7893165706443],[15.096608048465658,105.78934480092026],[15.096591427253403,105.78937700859952],[15.09658119196208,105.78941195596096],[15.096577735927251,105.7894483],[15.09658119196208,105.78948464403906],[15.096591427253403,105.78951959140049],[15.096608048465658,105.78955179907975],[15.096630416856389,105.7895800293557],[15.096657672822541,105.78960319735538],[15.096688768934275,105.78962041274484],[15.096722510186869,105.78963101394437],[15.096757599923839,105.78963459355295]]}]}]}