{"id":783,"ref":"Trạm thu phí","highways":[{"ways":[{"nodes":[[105.7968177,21.2150757]],"buffer_geometry":[[21.21507569989041,105.79701063987469],[21.21511078963445,105.79700693263408],[21.215144530907175,105.79699595328435],[21.215175627049042,105.7969781237514],[21.215202883050733,105.7969541292113],[21.215225251477,105.79692489175974],[21.215241872719393,105.79689153497661],[21.21525210803085,105.79685534074727],[21.21525556407274,105.7968177],[21.21525210803085,105.79678005925274],[21.215241872719393,105.7967438650234],[21.215225251477,105.79671050824027],[21.215202883050733,105.7966812707887],[21.215175627049042,105.7966572762486],[21.215144530907175,105.79663944671564],[21.21511078963445,105.79662846736593],[21.21507569989041,105.79662476012533],[21.215040610154713,105.7966284674559],[21.21500686890574,105.7966394468819],[21.214975772799427,105.79665727646581],[21.214948516839673,105.7966812710238],[21.214926148455337,105.79671050845748],[21.214909527248505,105.79674386518964],[21.21489929196081,105.79678005934271],[21.214895835927255,105.7968177],[21.21489929196081,105.79685534065729],[21.214909527248505,105.79689153481037],[21.214926148455337,105.79692489154253],[21.214948516839673,105.7969541289762],[21.214975772799427,105.7969781235342],[21.21500686890574,105.7969959531181],[21.215040610154713,105.79700693254411],[21.21507569989041,105.79701063987469]]}]}]}