{"id":541,"ref":"Trạm thu phí","highways":[{"ways":[{"nodes":[[104.348913,23.6627845]],"buffer_geometry":[[23.662784499876288,104.3491093745629],[23.66281958962087,104.34910560133243],[23.66285333089512,104.34909442653488],[23.662884427039277,104.34907627960646],[23.66291168304367,104.34905185792014],[23.662934051472647,104.34902209998646],[23.662950672717322,104.34898814938725],[23.662960908030314,104.34895131082841],[23.662964364072742,104.348913],[23.662960908030314,104.3488746891716],[23.662950672717322,104.34883785061274],[23.662934051472647,104.34880390001354],[23.66291168304367,104.34877414207985],[23.662884427039277,104.34874972039354],[23.66285333089512,104.34873157346512],[23.66281958962087,104.34872039866757],[23.662784499876288,104.34871662543709],[23.662749410141128,104.34872039877095],[23.66271566889369,104.34873157365614],[23.66268457278967,104.3487497206431],[23.662657316832615,104.34877414234998],[23.662634948450982,104.3488039002631],[23.662618327246438,104.34883785080375],[23.66260809196027,104.34887468927498],[23.662604635927256,104.348913],[23.66260809196027,104.34895131072503],[23.662618327246438,104.34898814919624],[23.662634948450982,104.34902209973689],[23.662657316832615,104.34905185765001],[23.66268457278967,104.34907627935691],[23.66271566889369,104.34909442634387],[23.662749410141128,104.34910560122906],[23.662784499876288,104.3491093745629]]}]}]}