{"id":1045,"ref":"Trạm thu phí","highways":[{"ways":[{"nodes":[[105.654141,18.5364425]],"buffer_geometry":[[18.536442499905338,105.65433070569209],[18.536477589648815,105.65432706058861],[18.536511330919915,105.65431626527672],[18.53654242705936,105.65429873461049],[18.536569683058193,105.65427514228115],[18.536592051481612,105.6542463949278],[18.536608672721574,105.65421359729598],[18.536618908031418,105.65417800978277],[18.53662236407274,105.654141],[18.536618908031418,105.65410399021722],[18.536608672721574,105.65406840270401],[18.536592051481612,105.6540356050722],[18.536569683058193,105.65400685771884],[18.53654242705936,105.6539832653895],[18.536511330919915,105.65396573472327],[18.536477589648815,105.65395493941136],[18.536442499905338,105.6539512943079],[18.53640741016907,105.65395493948779],[18.536373668918483,105.65396573486447],[18.536342572809748,105.65398326557398],[18.536315316847134,105.65400685791853],[18.536292948459945,105.65403560525668],[18.536276327250693,105.6540684028452],[18.536266091961377,105.65410399029365],[18.53626263592725,105.654141],[18.536266091961377,105.65417800970634],[18.536276327250693,105.6542135971548],[18.536292948459945,105.65424639474331],[18.536315316847134,105.65427514208146],[18.536342572809748,105.654298734426],[18.536373668918483,105.65431626513552],[18.53640741016907,105.65432706051219],[18.536442499905338,105.65433070569209]]}]}]}