{"id":996,"ref":"Trạm thu phí","highways":[{"ways":[{"nodes":[[109.0965962,11.8808265]],"buffer_geometry":[[11.880826499940605,109.09678000148006],[11.880861589682738,109.09677646980938],[11.88089533095002,109.09676601046839],[11.880926427083745,109.09674902540144],[11.880953683075832,109.09672616733364],[11.8809760514925,109.09669831468717],[11.880992672726745,109.09666653782418],[11.881002908032762,109.09663205791315],[11.881006364072745,109.0965962],[11.881002908032762,109.09656034208683],[11.880992672726745,109.0965258621758],[11.8809760514925,109.09649408531281],[11.880953683075832,109.09646623266634],[11.880926427083745,109.09644337459855],[11.88089533095002,109.0964263895316],[11.880861589682738,109.0964159301906],[11.880826499940605,109.09641239851992],[11.880791410202995,109.09641593023704],[11.880757668948585,109.09642638961742],[11.880726572834131,109.09644337471069],[11.880699316864773,109.09646623278773],[11.880676948470834,109.09649408542495],[11.880660327255859,109.09652586226164],[11.88065009196272,109.09656034213329],[11.880646635927254,109.0965962],[11.88065009196272,109.09663205786669],[11.880660327255859,109.09666653773834],[11.880676948470834,109.09669831457504],[11.880699316864773,109.09672616721224],[11.880726572834131,109.0967490252893],[11.880757668948585,109.09676601038255],[11.880791410202995,109.09677646976293],[11.880826499940605,109.09678000148006]]}]}]}