{"id":35,"ref":"Trạm thu phí","highways":[{"ways":[{"nodes":[[106.7649713,10.7598681]],"buffer_geometry":[[10.75986809994635,106.76515438299066],[10.759903189688263,106.76515086512323],[10.759936930954925,106.76514044666645],[10.759968027087716,106.76512352799372],[10.759995283078705,106.76510075927884],[10.760017651494273,106.76507301551024],[10.760034272727587,106.76504136286589],[10.76004450803298,106.76500701774052],[10.760047964072745,106.7649713],[10.76004450803298,106.7649355822595],[10.760034272727587,106.76490123713413],[10.760017651494273,106.76486958448977],[10.759995283078705,106.76484184072118],[10.759968027087716,106.76481907200629],[10.759936930954925,106.76480215333356],[10.759903189688263,106.76479173487678],[10.75986809994635,106.76478821700935],[10.759833010208522,106.76479173491857],[10.759799268953492,106.7648021534108],[10.759768172838106,106.76481907210719],[10.759740916867646,106.7648418408304],[10.759718548472609,106.76486958459067],[10.759701927256701,106.76490123721135],[10.759691691962937,106.7649355823013],[10.759688235927255,106.7649713],[10.759691691962937,106.76500701769871],[10.759701927256701,106.76504136278866],[10.759718548472609,106.76507301540934],[10.759740916867646,106.76510075916961],[10.759768172838106,106.76512352789283],[10.759799268953492,106.76514044658921],[10.759833010208522,106.76515086508144],[10.75986809994635,106.76515438299066]]}]}]}