{"id":799,"ref":"Trạm thu phí","highways":[{"ways":[{"nodes":[[103.2652097,23.7730275]],"buffer_geometry":[[23.773027499875646,103.26540624063634],[23.773062589620253,103.26540246421513],[23.77309633089457,103.2653912799673],[23.773127427038837,103.26537311769223],[23.773154683043355,103.26534867535263],[23.77317705147245,103.26531889225267],[23.773193672717237,103.2652849129414],[23.773203908030293,103.26524804322803],[23.773207364072746,103.2652097],[23.773203908030293,103.26517135677197],[23.773193672717237,103.2651344870586],[23.77317705147245,103.26510050774732],[23.773154683043355,103.26507072464737],[23.773127427038837,103.26504628230775],[23.77309633089457,103.2650281200327],[23.773062589620253,103.26501693578487],[23.773027499875646,103.26501315936365],[23.77299241014051,103.26501693588888],[23.77295866889314,103.26502812022487],[23.77292757278922,103.26504628255884],[23.772900316832295,103.26507072491914],[23.772877948450784,103.26510050799841],[23.77286132724635,103.26513448725078],[23.772851091960252,103.26517135687597],[23.772847635927256,103.2652097],[23.772851091960252,103.26524804312402],[23.77286132724635,103.26528491274922],[23.772877948450784,103.26531889200159],[23.772900316832295,103.26534867508086],[23.77292757278922,103.26537311744116],[23.77295866889314,103.26539127977513],[23.77299241014051,103.26540246411112],[23.773027499875646,103.26540624063634]]}]}]}