{"id":761,"ref":"Trạm thu phí","highways":[{"ways":[{"nodes":[[105.219385,23.7480389]],"buffer_geometry":[[23.74803889987579,105.21958150290436],[23.74807398962039,105.21957772720809],[23.748107730894695,105.21956654510737],[23.748138827038936,105.21954838631908],[23.748166083043426,105.21952394867189],[23.748188451472494,105.21949417128974],[23.748205072717255,105.21946019850188],[23.748215308030296,105.21942333586682],[23.748218764072742,105.219385],[23.748215308030296,105.2193466641332],[23.748205072717255,105.21930980149814],[23.748188451472494,105.21927582871027],[23.748166083043426,105.21924605132811],[23.748138827038936,105.21922161368093],[23.748107730894695,105.21920345489264],[23.74807398962039,105.21919227279191],[23.74803889987579,105.21918849709564],[23.74800381014065,105.21919227289578],[23.747970068893263,105.21920345508454],[23.74793897278932,105.21922161393168],[23.747911716832366,105.2192460515995],[23.747889348450826,105.21927582896102],[23.747872727246367,105.21930980169004],[23.747862491960255,105.21934666423704],[23.747859035927256,105.219385],[23.747862491960255,105.21942333576297],[23.747872727246367,105.21946019830996],[23.747889348450826,105.219494171039],[23.747911716832366,105.21952394840051],[23.74793897278932,105.21954838606834],[23.747970068893263,105.21956654491547],[23.74800381014065,105.21957772710422],[23.74803889987579,105.21958150290436]]}]}]}