{"id":115,"ref":"Trạm thu phí","highways":[{"ways":[{"nodes":[[102.4422617,18.9097486]],"buffer_geometry":[[18.90974859990329,102.44245182507913],[18.90978368964684,102.44244817191817],[18.909817430918167,102.44243735274152],[18.909848527057946,102.44241978332029],[18.909875783057174,102.44239613883497],[18.90989815148098,102.44236732792898],[18.90991477272128,102.44233445779015],[18.90992500803134,102.44229879160204],[18.909928464072745,102.4422617],[18.90992500803134,102.44222460839798],[18.90991477272128,102.44218894220987],[18.90989815148098,102.44215607207104],[18.909875783057174,102.44212726116506],[18.909848527057946,102.44210361667973],[18.909817430918167,102.4420860472585],[18.90978368964684,102.44207522808183],[18.90974859990329,102.44207157492087],[18.909713510167098,102.44207522816008],[18.909679768916735,102.44208604740307],[18.90964867280833,102.44210361686862],[18.909621416846115,102.4421272613695],[18.909599048459317,102.44215607225993],[18.909582427250395,102.44218894235443],[18.9095721919613,102.44222460847622],[18.90956873592726,102.4422617],[18.9095721919613,102.4422987915238],[18.909582427250395,102.44233445764559],[18.909599048459317,102.44236732774007],[18.909621416846115,102.4423961386305],[18.90964867280833,102.44241978313138],[18.909679768916735,102.44243735259695],[18.909713510167098,102.44244817183994],[18.90974859990329,102.44245182507913]]}]}]}