{"id":771,"ref":"Trạm thu phí","highways":[{"ways":[{"nodes":[[103.9254375,11.0883539]],"buffer_geometry":[[11.08835389994467,103.92562078569104],[11.088388989686647,103.92561726392944],[11.08842273095349,103.92560683393842],[11.088453827086553,103.92558989653455],[11.088481083077864,103.9255671026114],[11.088503451493754,103.92553932812616],[11.088520072727338,103.9255076404372],[11.088530308032915,103.92547325728606],[11.088533764072743,103.9254375],[11.088530308032915,103.92540174271394],[11.088520072727338,103.92536735956278],[11.088503451493754,103.92533567187382],[11.088481083077864,103.92530789738859],[11.088453827086553,103.92528510346544],[11.08842273095349,103.92526816606158],[11.088388989686647,103.92525773607055],[11.08835389994467,103.92525421430896],[11.088318810206907,103.9252577361137],[11.088285068952056,103.92526816614131],[11.08825397283694,103.92528510356964],[11.088226716866805,103.92530789750136],[11.088204348472088,103.92533567197802],[11.088187727256452,103.92536735964252],[11.088177491962874,103.92540174275709],[11.088174035927253,103.9254375],[11.088177491962874,103.9254732572429],[11.088187727256452,103.92550764035748],[11.088204348472088,103.92553932802198],[11.088226716866805,103.92556710249865],[11.08825397283694,103.92558989643037],[11.088285068952056,103.92560683385868],[11.088318810206907,103.9256172638863],[11.08835389994467,103.92562078569104]]}]}]}