{"id":556,"ref":"Trạm thu phí","highways":[{"ways":[{"nodes":[[107.4210441,21.1147349]],"buffer_geometry":[[21.114734899890976,107.42123690909766],[21.114769989635,107.42123320436963],[21.11480373090766,107.42122223246164],[21.114834827049435,107.42120441501365],[21.114862083051015,107.4211804367373],[21.11488445147718,107.4211512191033],[21.114901072719473,107.42111788492993],[21.114911308030873,107.42108171523367],[21.11491476407274,107.4210441],[21.114911308030873,107.42100648476634],[21.114901072719473,107.42097031507008],[21.11488445147718,107.42093698089671],[21.114862083051015,107.4209077632627],[21.114834827049435,107.42088378498636],[21.11480373090766,107.42086596753836],[21.114769989635,107.42085499563036],[21.114734899890976,107.42085129090233],[21.11469981015526,107.42085499571981],[21.114666068906228,107.42086596770363],[21.114634972799816,107.42088378520229],[21.11460771683996,107.42090776349643],[21.114585348455517,107.42093698111266],[21.11456872724859,107.42097031523535],[21.11455849196083,107.42100648485577],[21.114555035927253,107.4210441],[21.11455849196083,107.42108171514423],[21.11456872724859,107.42111788476466],[21.114585348455517,107.42115121888735],[21.11460771683996,107.42118043650356],[21.114634972799816,107.42120441479771],[21.114666068906228,107.42122223229637],[21.11469981015526,107.4212332042802],[21.114734899890976,107.42123690909766]]}]}]}