{"id":428,"ref":"Trạm thu phí","highways":[{"ways":[{"nodes":[[106.04903,20.6588427]],"buffer_geometry":[[20.658842699893555,106.04922222455342],[20.65887778963748,106.04921853105607],[20.65891153090986,106.049207592411],[20.658942627051218,106.04918982898],[20.658969883052308,106.04916592339899],[20.658992251477976,106.04913679434503],[20.659008872719856,106.04910356123233],[20.659019108030975,106.04906750119356],[20.659022564072746,106.04903],[20.659019108030975,106.04899249880644],[20.659008872719856,106.04895643876768],[20.658992251477976,106.04892320565497],[20.658969883052308,106.04889407660102],[20.658942627051218,106.04887017102],[20.65891153090986,106.04885240758901],[20.65887778963748,106.04884146894393],[20.658842699893555,106.04883777544659],[20.658807610157737,106.048841469031],[20.658773868908426,106.04885240774989],[20.658742772801602,106.0488701712302],[20.658715516841248,106.04889407682853],[20.658693148456315,106.04892320586517],[20.658676527248968,106.04895643892856],[20.65866629196093,106.04899249889351],[20.658662835927252,106.04903],[20.65866629196093,106.04906750110649],[20.658676527248968,106.04910356107145],[20.658693148456315,106.04913679413484],[20.658715516841248,106.04916592317147],[20.658742772801602,106.0491898287698],[20.658773868908426,106.04920759225011],[20.658807610157737,106.04921853096899],[20.658842699893555,106.04922222455342]]}]}]}