{"id":622,"ref":"Trạm thu phí","highways":[{"ways":[{"nodes":[[103.1474805,23.4519525]],"buffer_geometry":[[23.451952499877525,103.14767655975814],[23.45198758962206,103.14767279257595],[23.45202133089618,103.14766163569209],[23.452052427040137,103.14764351785443],[23.452079683044296,103.147619135318],[23.45210205147303,103.14758942508885],[23.45211867271751,103.14755552891559],[23.452128908030364,103.14751874941246],[23.452132364072746,103.14748050000001],[23.452128908030364,103.14744225058756],[23.45211867271751,103.14740547108443],[23.45210205147303,103.14737157491116],[23.452079683044296,103.14734186468202],[23.452052427040137,103.14731748214558],[23.45202133089618,103.14729936430793],[23.45198758962206,103.14728820742407],[23.451952499877525,103.14728444024188],[23.451917410142322,103.14728820752626],[23.451883668894748,103.14729936449672],[23.45185257279052,103.14731748239227],[23.451825316833233,103.14734186494903],[23.451802948451363,103.14737157515783],[23.451786327246623,103.14740547127322],[23.45177609196032,103.14744225068975],[23.451772635927256,103.14748050000001],[23.45177609196032,103.14751874931027],[23.451786327246623,103.1475555287268],[23.451802948451363,103.14758942484218],[23.451825316833233,103.14761913505099],[23.45185257279052,103.14764351760775],[23.451883668894748,103.1476616355033],[23.451917410142322,103.14767279247376],[23.451952499877525,103.14767655975814]]}]}]}