{"id":1024,"ref":"Trạm thu phí","highways":[{"ways":[{"nodes":[[105.9513544,20.5752023]],"buffer_geometry":[[20.575202299894027,105.95154651901306],[20.575237389637934,105.9515428275434],[20.575271130910263,105.95153189490402],[20.57530222705154,105.95151414122589],[20.575329483052545,105.95149024877013],[20.575351851478125,105.95146113570944],[20.575368472719926,105.95142792084339],[20.575378708030993,105.95139188060345],[20.575382164072746,105.9513544],[20.575378708030993,105.95131691939656],[20.575368472719926,105.95128087915663],[20.575351851478125,105.95124766429056],[20.575329483052545,105.95121855122987],[20.57530222705154,105.95119465877411],[20.575271130910263,105.95117690509599],[20.575237389637934,105.9511659724566],[20.575202299894027,105.95116228098695],[20.575167210158188,105.95116597254324],[20.57513346890883,105.95117690525608],[20.57510237280193,105.95119465898328],[20.575075116841482,105.95121855145626],[20.575052748456457,105.95124766449973],[20.57503612724904,105.9512808793167],[20.575025891960948,105.95131691948319],[20.575022435927256,105.9513544],[20.575025891960948,105.95139188051681],[20.57503612724904,105.9514279206833],[20.575052748456457,105.95146113550027],[20.575075116841482,105.95149024854373],[20.57510237280193,105.95151414101672],[20.57513346890883,105.95153189474394],[20.575167210158188,105.95154282745678],[20.575202299894027,105.95154651901306]]}]}]}