{"id":578,"ref":"Trạm thu phí","highways":[{"ways":[{"nodes":[[106.6206837,23.0066534]],"buffer_geometry":[[23.006653399880125,106.62087910683518],[23.006688489624562,106.62087535219747],[23.0067222308984,106.62086423246762],[23.00675332704193,106.6208461749658],[23.006780583045597,106.62082187362847],[23.006802951473837,106.62079226234127],[23.00681957271789,106.62075847905048],[23.00682980803046,106.62072182203222],[23.00683326407275,106.6206837],[23.00682980803046,106.62064557796776],[23.00681957271789,106.62060892094951],[23.006802951473837,106.62057513765872],[23.006780583045597,106.62054552637152],[23.00675332704193,106.62052122503418],[23.0067222308984,106.62050316753238],[23.006688489624562,106.62049204780253],[23.006653399880125,106.62048829316483],[23.00661831014482,106.6204920479022],[23.006584568896965,106.62050316771655],[23.006553472792323,106.62052122527483],[23.006526216834537,106.62054552663199],[23.00650384845217,106.62057513789937],[23.006487227247007,106.6206089211337],[23.00647699196042,106.62064557806742],[23.006473535927256,106.6206837],[23.00647699196042,106.62072182193256],[23.006487227247007,106.6207584788663],[23.00650384845217,106.62079226210064],[23.006526216834537,106.62082187336802],[23.006553472792323,106.62084617472517],[23.006584568896965,106.62086423228344],[23.00661831014482,106.6208753520978],[23.006653399880125,106.62087910683518]]}]}]}