{"id":341,"ref":"Trạm thu phí","highways":[{"ways":[{"nodes":[[103.6208636,23.4325396]],"buffer_geometry":[[23.432539599877636,103.62105963095578],[23.432574689622168,103.62105586432698],[23.432608430896273,103.62104470908208],[23.432639527040212,103.62102659390601],[23.432666783044343,103.62100221495152],[23.43268915147306,103.620972509087],[23.43270577271752,103.62093861789332],[23.432716008030365,103.62090184379332],[23.432719464072743,103.6208636],[23.432716008030365,103.6208253562067],[23.43270577271752,103.6207885821067],[23.43268915147306,103.62075469091302],[23.432666783044343,103.6207249850485],[23.432639527040212,103.620700606094],[23.432608430896273,103.62068249091793],[23.432574689622168,103.62067133567304],[23.432539599877636,103.62066756904423],[23.432504510142426,103.62067133577511],[23.43247076889484,103.62068249110652],[23.432439672790597,103.62070060634042],[23.432412416833287,103.6207249853152],[23.4323900484514,103.62075469115943],[23.432373427246635,103.6207885822953],[23.43236319196032,103.62082535630876],[23.432359735927253,103.6208636],[23.43236319196032,103.62090184369126],[23.432373427246635,103.62093861770471],[23.4323900484514,103.62097250884058],[23.432412416833287,103.62100221468481],[23.432439672790597,103.6210265936596],[23.43247076889484,103.62104470889349],[23.432504510142426,103.6210558642249],[23.432539599877636,103.62105963095578]]}]}]}