{"id":795,"ref":"Trạm thu phí","highways":[{"ways":[{"nodes":[[106.6945303,10.7285744]],"buffer_geometry":[[10.728574399946508,106.69471336401728],[10.728609489688417,106.69470984651434],[10.72864323095506,106.69469942913719],[10.728674327087825,106.69468251221777],[10.728701583078783,106.69465974586244],[10.72872395149432,106.69463200496904],[10.728740572727608,106.69460035560498],[10.728750808032986,106.69456601403891],[10.728754264072744,106.6945303],[10.728750808032986,106.69449458596108],[10.728740572727608,106.69446024439502],[10.72872395149432,106.69442859503096],[10.728701583078783,106.69440085413756],[10.728674327087825,106.69437808778223],[10.72864323095506,106.6943611708628],[10.728609489688417,106.69435075348565],[10.728574399946508,106.69434723598272],[10.728539310208674,106.69435075352733],[10.728505568953624,106.6943611709398],[10.728474472838212,106.69437808788282],[10.728447216867725,106.69440085424644],[10.728424848472656,106.69442859513155],[10.728408227256722,106.69446024447203],[10.728397991962941,106.69449458600275],[10.728394535927253,106.6945303],[10.728397991962941,106.69456601399725],[10.728408227256722,106.69460035552798],[10.728424848472656,106.69463200486844],[10.728447216867725,106.69465974575355],[10.728474472838212,106.69468251211717],[10.728505568953624,106.6946994290602],[10.728539310208674,106.69470984647266],[10.728574399946508,106.69471336401728]]}]}]}