{"id":413,"ref":"Trạm thu phí","highways":[{"ways":[{"nodes":[[107.1648491,21.0485133]],"buffer_geometry":[[21.048513299891354,107.16504182320982],[21.048548389635364,107.16503812013194],[21.04858213090798,107.16502715311131],[21.048613227049696,107.1650093436001],[21.04864048305121,107.16498537600498],[21.0486628514773,107.16495617138614],[21.04867947271953,107.16492285206175],[21.04868970803089,107.16488669847762],[21.048693164072745,107.1648491],[21.04868970803089,107.16481150152238],[21.04867947271953,107.16477534793825],[21.0486628514773,107.16474202861386],[21.04864048305121,107.16471282399502],[21.048613227049696,107.16468885639989],[21.04858213090798,107.16467104688869],[21.048548389635364,107.16466007986806],[21.048513299891354,107.16465637679018],[21.04847821015562,107.16466007995716],[21.04844446890655,107.16467104705332],[21.048413372800084,107.16468885661499],[21.048386116840145,107.16471282422785],[21.048363748455635,107.16474202882895],[21.048347127248647,107.16477534810288],[21.048336891960844,107.16481150161148],[21.04833343592726,107.1648491],[21.048336891960844,107.16488669838851],[21.048347127248647,107.16492285189712],[21.048363748455635,107.16495617117104],[21.048386116840145,107.16498537577215],[21.048413372800084,107.16500934338501],[21.04844446890655,107.16502715294668],[21.04847821015562,107.16503812004285],[21.048513299891354,107.16504182320982]]}]}]}