{"id":356,"ref":"Trạm thu phí","highways":[{"ways":[{"nodes":[[105.942718,23.3121906]],"buffer_geometry":[[23.312190599878345,105.94291385308756],[23.312225689622846,105.94291008987611],[23.312259430896876,105.94289894475266],[23.312290527040698,105.94288084601317],[23.3123177830447,105.94285648917881],[23.312340151473283,105.94282681026789],[23.312356772717628,105.94279294982546],[23.312367008030396,105.94275620909261],[23.312370464072746,105.942718],[23.312367008030396,105.94267979090738],[23.312356772717628,105.94264305017454],[23.312340151473283,105.94260918973211],[23.3123177830447,105.94257951082119],[23.312290527040698,105.94255515398682],[23.312259430896876,105.94253705524734],[23.312225689622846,105.94252591012389],[23.312190599878345,105.94252214691242],[23.312155510143107,105.94252591022529],[23.312121768895445,105.94253705543468],[23.31209067279109,105.9425551542316],[23.31206341683364,105.94257951108612],[23.31204104845162,105.94260918997688],[23.312024427246744,105.94264305036188],[23.31201419196035,105.94267979100877],[23.312010735927252,105.942718],[23.31201419196035,105.94275620899123],[23.312024427246744,105.94279294963812],[23.31204104845162,105.9428268100231],[23.31206341683364,105.94285648891388],[23.31209067279109,105.9428808457684],[23.312121768895445,105.94289894456531],[23.312155510143107,105.94291008977471],[23.312190599878345,105.94291385308756]]}]}]}