{"id":359,"ref":"Trạm thu phí","highways":[{"ways":[{"nodes":[[107.7813672,23.1309801]],"buffer_geometry":[[23.130980099879398,107.7815627875039],[23.13101518962386,107.78155902939504],[23.131048930897773,107.7815478993844],[23.131080027041428,107.7815298251872],[23.131107283045225,107.78150550138146],[23.131129651473604,107.78147586271628],[23.13114627271778,107.78144204819006],[23.131156508030433,107.78140535727931],[23.13115996407274,107.7813672],[23.131156508030433,107.7813290427207],[23.13114627271778,107.78129235180995],[23.131129651473604,107.78125853728373],[23.131107283045225,107.78122889861855],[23.131080027041428,107.7812045748128],[23.131048930897773,107.78118650061562],[23.13101518962386,107.78117537060497],[23.130980099879398,107.78117161249612],[23.13094501014412,107.78117537070534],[23.13091126889634,107.78118650080108],[23.130880172791812,107.78120457505513],[23.130852916834165,107.78122889888083],[23.130830548451936,107.78125853752606],[23.13081392724689,107.78129235199542],[23.130803691960388,107.78132904282108],[23.130800235927254,107.7813672],[23.130803691960388,107.78140535717894],[23.13081392724689,107.78144204800459],[23.130830548451936,107.78147586247395],[23.130852916834165,107.78150550111918],[23.130880172791812,107.78152982494488],[23.13091126889634,107.78154789919894],[23.13094501014412,107.78155902929467],[23.130980099879398,107.7815627875039]]}]}]}