{"id":136,"ref":"Trạm thu phí","highways":[{"ways":[{"nodes":[[105.2194377,23.7481329]],"buffer_geometry":[[23.748132899875788,105.2196342030462],[23.74816798962039,105.21963042734721],[23.748201730894696,105.21961924523842],[23.748232827038933,105.21960108643702],[23.748260083043423,105.2195766487722],[23.748282451472495,105.21954687136855],[23.748299072717252,105.21951289855615],[23.748309308030294,105.2194760358945],[23.748312764072747,105.2194377],[23.748309308030294,105.21939936410551],[23.748299072717252,105.21936250144387],[23.748282451472495,105.21932852863146],[23.748260083043423,105.21929875122781],[23.748232827038933,105.21927431356299],[23.748201730894696,105.21925615476158],[23.74816798962039,105.2192449726528],[23.748132899875788,105.2192411969538],[23.748097810140646,105.21924497275667],[23.748064068893264,105.2192561549535],[23.74803297278932,105.21927431381374],[23.748005716832367,105.21929875149921],[23.747983348450827,105.2193285288822],[23.747966727246364,105.21936250163577],[23.747956491960256,105.21939936420937],[23.747953035927257,105.2194377],[23.747956491960256,105.21947603579063],[23.747966727246364,105.21951289836424],[23.747983348450827,105.2195468711178],[23.748005716832367,105.21957664850079],[23.74803297278932,105.21960108618627],[23.748064068893264,105.21961924504652],[23.748097810140646,105.21963042724335],[23.748132899875788,105.2196342030462]]}]}]}