{"id":445,"ref":"Trạm thu phí","highways":[{"ways":[{"nodes":[[106.3022497,21.3891101]],"buffer_geometry":[[21.389110099889425,106.30244286852617],[21.389145189633506,106.30243915689255],[21.389178930906333,106.30242816453162],[21.389210027048357,106.30241031386927],[21.389237283050242,106.30238629089352],[21.389259651476703,106.30235701879282],[21.38927627271925,106.30232362247858],[21.389286508030814,106.30228738535543],[21.389289964072745,106.3022497],[21.389286508030814,106.30221201464458],[21.38927627271925,106.30217577752141],[21.389259651476703,106.30214238120719],[21.389237283050242,106.30211310910649],[21.389210027048357,106.30208908613072],[21.389178930906333,106.30207123546839],[21.389145189633506,106.30206024310746],[21.389110099889425,106.30205653147384],[21.389075010153768,106.30206024319834],[21.389041268904897,106.30207123563633],[21.38901017279875,106.30208908635016],[21.388982916839183,106.30211310934399],[21.388960548455035,106.30214238142662],[21.38894392724836,106.30217577768936],[21.388933691960773,106.30221201473547],[21.388930235927255,106.3022497],[21.388933691960773,106.30228738526453],[21.38894392724836,106.30232362231064],[21.388960548455035,106.30235701857337],[21.388982916839183,106.302386290656],[21.38901017279875,106.30241031364984],[21.389041268904897,106.30242816436368],[21.389075010153768,106.30243915680165],[21.389110099889425,106.30244286852617]]}]}]}