{"id":1014,"ref":"Trạm thu phí","highways":[{"ways":[{"nodes":[[106.6997767,10.8868162]],"buffer_geometry":[[10.8868161999457,106.69995986056031],[10.886851289687641,106.69995634120266],[10.88688503095437,106.69994591833192],[10.886916127087266,106.69992899249115],[10.886943383078378,106.69990621412954],[10.886965751494072,106.69987845860626],[10.886982372727491,106.69984679255099],[10.886992608032955,106.69981243287386],[10.886996064072745,106.6997767],[10.886992608032955,106.69974096712615],[10.886982372727491,106.69970660744903],[10.886965751494072,106.69967494139375],[10.886943383078378,106.69964718587048],[10.886916127087266,106.69962440750886],[10.88688503095437,106.69960748166808],[10.886851289687641,106.69959705879735],[10.8868161999457,106.6995935394397],[10.886781110207899,106.69959705883967],[10.886747368952935,106.69960748174628],[10.886716272837653,106.69962440761103],[10.88668901686732,106.69964718598108],[10.886666648472406,106.69967494149593],[10.886650027256602,106.69970660752722],[10.886639791962912,106.69974096716848],[10.886636335927253,106.6997767],[10.886639791962912,106.69981243283154],[10.886650027256602,106.6998467924728],[10.886666648472406,106.69987845850409],[10.88668901686732,106.69990621401894],[10.886716272837653,106.69992899238899],[10.886747368952935,106.69994591825373],[10.886781110207899,106.69995634116033],[10.8868161999457,106.69995986056031]]}]}]}