{"id":19,"ref":"Trạm thu phí","highways":[{"ways":[{"nodes":[[108.0061864,22.9202711]],"buffer_geometry":[[22.920271099880623,108.00638168204378],[22.92030618962504,108.00637792980366],[22.920339930898823,108.00636681717496],[22.92037102704228,108.00634877120497],[22.92039828304584,108.00632448538701],[22.920420651473986,108.0062948930103],[22.920437272717958,108.00626113129444],[22.92044750803048,108.0062244976864],[22.920450964072746,108.0061864],[22.92044750803048,108.00614830231362],[22.920437272717958,108.00611166870559],[22.920420651473986,108.00607790698972],[22.92039828304584,108.00604831461301],[22.92037102704228,108.00602402879505],[22.920339930898823,108.00600598282506],[22.92030618962504,108.00599487019636],[22.920271099880623,108.00599111795624],[22.920236010145302,108.00599487029555],[22.92020226889739,108.00600598300835],[22.920171172792664,108.00602402903452],[22.920143916834782,108.00604831487223],[22.92012154845232,108.00607790722918],[22.920104927247074,108.00611166888888],[22.920094691960436,108.00614830241281],[22.920091235927252,108.0061864],[22.920094691960436,108.00622449758721],[22.920104927247074,108.00626113111115],[22.92012154845232,108.00629489277084],[22.920143916834782,108.00632448512779],[22.920171172792664,108.0063487709655],[22.92020226889739,108.00636681699167],[22.920236010145302,108.00637792970447],[22.920271099880623,108.00638168204378]]}]}]}