{"id":531,"ref":"Trạm thu phí","highways":[{"ways":[{"nodes":[[106.7126311,20.7709429]],"buffer_geometry":[[20.77094289989292,106.71282346683067],[20.770977989636872,106.71281977059978],[20.77101173090932,106.71280882385855],[20.771042827050778,106.71279104727991],[20.77107008305199,106.71276712400496],[20.77109245147778,106.71273797339074],[20.77110907271976,106.71270471568002],[20.771119308030947,106.71266862895077],[20.771122764072743,106.7126311],[20.771119308030947,106.71259357104923],[20.77110907271976,106.71255748431999],[20.77109245147778,106.71252422660925],[20.77107008305199,106.71249507599504],[20.771042827050778,106.71247115272008],[20.77101173090932,106.71245337614144],[20.770977989636872,106.71244242940021],[20.77094289989292,106.71243873316932],[20.77090781015713,106.71244242948787],[20.770874068907887,106.71245337630339],[20.770842972801166,106.7124711529317],[20.77081571684093,106.71249507622407],[20.770793348456117,106.71252422682086],[20.770776727248876,106.71255748448195],[20.77076649196091,106.71259357113689],[20.770763035927253,106.7126311],[20.77076649196091,106.71266862886311],[20.770776727248876,106.71270471551804],[20.770793348456117,106.71273797317913],[20.77081571684093,106.71276712377592],[20.770842972801166,106.7127910470683],[20.770874068907887,106.7128088236966],[20.77090781015713,106.71281977051213],[20.77094289989292,106.71282346683067]]}]}]}