{"id":780,"ref":"Trạm thu phí","highways":[{"ways":[{"nodes":[[104.5879615,11.4784665]],"buffer_geometry":[[11.478466499942673,104.58814503484979],[11.478501589684727,104.58814150830149],[11.478535330951784,104.58813106413258],[11.478566427085175,104.58811410370443],[11.478593683076866,104.58809127879536],[11.478616051493137,104.58806346655331],[11.478632672727048,104.58803173578765],[11.47864290803284,104.58799730589534],[11.478646364072743,104.58796150000002],[11.47864290803284,104.58792569410468],[11.478632672727048,104.58789126421239],[11.478616051493137,104.58785953344672],[11.478593683076866,104.58783172120467],[11.478566427085175,104.5878088962956],[11.478535330951784,104.58779193586744],[11.478501589684727,104.58778149169854],[11.478466499942673,104.58777796515024],[11.478431410204985,104.58778149174331],[11.478397668950352,104.58779193595018],[11.47836657283556,104.58780889640369],[11.478339316865807,104.58783172132165],[11.478316948471473,104.5878595335548],[11.47830032725616,104.58789126429511],[11.4782900919628,104.58792569414945],[11.478286635927255,104.58796150000002],[11.4782900919628,104.58799730585058],[11.47830032725616,104.58803173570492],[11.478316948471473,104.58806346644522],[11.478339316865807,104.58809127867838],[11.47836657283556,104.58811410359634],[11.478397668950352,104.58813106404986],[11.478431410204985,104.58814150825673],[11.478466499942673,104.58814503484979]]}]}]}