{"id":65,"ref":"Trạm thu phí","highways":[{"ways":[{"nodes":[[107.931366,10.8752812]],"buffer_geometry":[[10.875281199945759,107.93154915347215],[10.875316289687696,107.93154563425068],[10.875350030954419,107.9315352117833],[10.875381127087307,107.93151828659752],[10.875408383078407,107.9314955091174],[10.875430751494088,107.93146775466823],[10.875447372727498,107.93143608983843],[10.875457608032956,107.931401731491],[10.875461064072741,107.931366],[10.875457608032956,107.931330268509],[10.875447372727498,107.93129591016157],[10.875430751494088,107.93126424533177],[10.875408383078407,107.93123649088261],[10.875381127087307,107.93121371340247],[10.875350030954419,107.9311967882167],[10.875316289687696,107.93118636574931],[10.875281199945759,107.93118284652785],[10.875246110207954,107.93118636579159],[10.875212368952985,107.93119678829481],[10.875181272837692,107.93121371350453],[10.875154016867347,107.93123649099307],[10.875131648472424,107.93126424543381],[10.87511502725661,107.93129591023967],[10.875104791962913,107.93133026855128],[10.875101335927253,107.931366],[10.875104791962913,107.93140173144872],[10.87511502725661,107.93143608976033],[10.875131648472424,107.93146775456619],[10.875154016867347,107.93149550900692],[10.875181272837692,107.93151828649546],[10.875212368952985,107.93153521170518],[10.875246110207954,107.9315456342084],[10.875281199945759,107.93154915347215]]}]}]}