{"id":238,"ref":"Trạm thu phí","highways":[{"ways":[{"nodes":[[103.6674408,10.5312834]],"buffer_geometry":[[10.531283399947515,103.66762374574616],[10.531318489689385,103.66762023051537],[10.531352230955918,103.66760981986818],[10.53138332708852,103.66759291387794],[10.531410583079287,103.66757016223107],[10.531432951494631,103.66754243926013],[10.531449572727755,103.66751081034383],[10.531459808033024,103.66747649096496],[10.531463264072745,103.66744080000001],[10.531459808033024,103.66740510903504],[10.531449572727755,103.66737078965618],[10.531432951494631,103.66733916073987],[10.531410583079287,103.66731143776893],[10.53138332708852,103.66728868612208],[10.531352230955918,103.66727178013183],[10.531318489689385,103.66726136948463],[10.531283399947515,103.66725785425385],[10.531248310209644,103.6672613695255],[10.531214568954484,103.66727178020733],[10.531183472838908,103.6672886862207],[10.531156216868228,103.6673114378757],[10.531133848472967,103.6673391608385],[10.53111722725687,103.66737078973168],[10.53110699196298,103.66740510907591],[10.531103535927253,103.66744080000001],[10.53110699196298,103.66747649092409],[10.53111722725687,103.66751081026833],[10.531133848472967,103.66754243916151],[10.531156216868228,103.6675701621243],[10.531183472838908,103.6675929137793],[10.531214568954484,103.66760981979267],[10.531248310209644,103.6676202304745],[10.531283399947515,103.66762374574616]]}]}]}