{"id":972,"ref":"Trạm thu phí","highways":[{"ways":[{"nodes":[[104.0808418,22.3650899]],"buffer_geometry":[[22.36508989988384,104.08103629431503],[22.365124989628132,104.08103255720937],[22.36515873090157,104.08102148940567],[22.365189827044503,104.08100351622876],[22.365217083047447,104.08097932837467],[22.36523945147498,104.08094985536798],[22.365256072718434,104.08091622984087],[22.365266308030602,104.08087974400661],[22.365269764072746,104.0808418],[22.365266308030602,104.0808038559934],[22.365256072718434,104.08076737015914],[22.36523945147498,104.08073374463203],[22.365217083047447,104.08070427162534],[22.365189827044503,104.08068008377126],[22.36515873090157,104.08066211059433],[22.365124989628132,104.08065104279063],[22.36508989988384,104.08064730568498],[22.365054810148386,104.08065104288677],[22.365021068900134,104.08066211077198],[22.364989972794884,104.08068008400335],[22.36496271683639,104.08070427187656],[22.364940348453313,104.08073374486412],[22.364923727247547,104.08076737033677],[22.364913491960557,104.08080385608952],[22.364910035927256,104.0808418],[22.364913491960557,104.08087974391049],[22.364923727247547,104.08091622966323],[22.364940348453313,104.08094985513588],[22.36496271683639,104.08097932812345],[22.364989972794884,104.08100351599667],[22.365021068900134,104.08102148922804],[22.365054810148386,104.08103255711323],[22.36508989988384,104.08103629431503]]}]}]}