{"id":1017,"ref":"Trạm thu phí","highways":[{"ways":[{"nodes":[[105.5865074,18.8234281]],"buffer_geometry":[[18.823428099903765,105.58669742722121],[18.823463189647303,105.58669377594036],[18.823496930918576,105.58668296233219],[18.823528027058277,105.58666540195388],[18.823555283057413,105.5866417696384],[18.82357765148113,105.58661297356151],[18.82359427272135,105.58658012034115],[18.823604508031366,105.5865444725107],[18.823607964072746,105.5865074],[18.823604508031366,105.58647032748932],[18.82359427272135,105.58643467965885],[18.82357765148113,105.5864018264385],[18.823555283057413,105.58637303036161],[18.823528027058277,105.58634939804612],[18.823496930918576,105.58633183766781],[18.823463189647303,105.58632102405966],[18.823428099903765,105.5863173727788],[18.82339301016756,105.58632102413748],[18.82335926891714,105.5863318378116],[18.823328172808665,105.58634939823399],[18.823300916846353,105.58637303056496],[18.823278548459466,105.58640182662637],[18.823261927250467,105.58643467980264],[18.82325169196132,105.58647032756714],[18.82324823592726,105.5865074],[18.82325169196132,105.58654447243288],[18.823261927250467,105.58658012019737],[18.823278548459466,105.58661297337365],[18.823300916846353,105.58664176943505],[18.823328172808665,105.58666540176601],[18.82335926891714,105.5866829621884],[18.82339301016756,105.58669377586254],[18.823428099903765,105.58669742722121]]}]}]}