{"id":380,"ref":"Trạm thu phí","highways":[{"ways":[{"nodes":[[105.9712685,20.9315182]],"buffer_geometry":[[20.93151819989201,105.97146107228514],[20.931553289636,105.97145737210691],[20.931587030908542,105.97144641367451],[20.931618127050147,105.97142861811007],[20.931645383051535,105.9714046692843],[20.931667751477498,105.97137548753614],[20.931684372719626,105.97134219430481],[20.931694608030913,105.97130606903336],[20.93169806407274,105.97126850000001],[20.931694608030913,105.97123093096664],[20.931684372719626,105.9711948056952],[20.931667751477498,105.97116151246387],[20.931645383051535,105.9711323307157],[20.931618127050147,105.97110838188993],[20.931587030908542,105.97109058632549],[20.931553289636,105.97107962789309],[20.93151819989201,105.97107592771486],[20.931483110156254,105.97107962798157],[20.93144936890711,105.97109058648898],[20.93141827280054,105.97110838210357],[20.931391016840475,105.97113233094693],[20.931368648455834,105.97116151267748],[20.93135202724874,105.9711948058587],[20.931341791960868,105.97123093105512],[20.931338335927254,105.97126850000001],[20.931341791960868,105.97130606894488],[20.93135202724874,105.9713421941413],[20.931368648455834,105.97137548732252],[20.931391016840475,105.97140466905307],[20.93141827280054,105.97142861789645],[20.93144936890711,105.97144641351102],[20.931483110156254,105.97145737201843],[20.93151819989201,105.97146107228514]]}]}]}