{"id":758,"ref":"Trạm thu phí","highways":[{"ways":[{"nodes":[[103.1650946,23.5594842]],"buffer_geometry":[[23.5594841998769,103.1652908198614],[23.559519289621456,103.16528704960318],[23.55955303089564,103.16527588360877],[23.5595841270397,103.16525775097615],[23.559611383043976,103.1652333485289],[23.559633751472834,103.1652036140382],[23.559650372717414,103.16516969018502],[23.55966060803034,103.16513288064735],[23.559664064072745,103.1650946],[23.55966060803034,103.16505631935267],[23.559650372717414,103.165019509815],[23.559633751472834,103.16498558596182],[23.559611383043976,103.16495585147112],[23.5595841270397,103.16493144902387],[23.55955303089564,103.16491331639125],[23.559519289621456,103.16490215039684],[23.5594841998769,103.16489838013862],[23.559449110141713,103.16490215049964],[23.559415368894207,103.16491331658118],[23.559384272790087,103.16493144927202],[23.55935701683292,103.16495585173972],[23.55933464845117,103.16498558620997],[23.55931802724653,103.16501951000491],[23.559307791960293,103.16505631945546],[23.55930433592725,103.1650946],[23.559307791960293,103.16513288054456],[23.55931802724653,103.16516968999511],[23.55933464845117,103.16520361379006],[23.55935701683292,103.1652333482603],[23.559384272790087,103.165257750728],[23.559415368894207,103.16527588341884],[23.559449110141713,103.16528704950038],[23.5594841998769,103.1652908198614]]}]}]}