{"id":69,"ref":"Trạm thu phí","highways":[{"ways":[{"nodes":[[102.8404128,23.7205629]],"buffer_geometry":[[23.720562899875947,102.84060926147633],[23.720597989620547,102.84060548657601],[23.720631730894834,102.84059430683273],[23.720662827039042,102.84057615187274],[23.720690083043507,102.84055171937764],[23.720712451472544,102.84052194827338],[23.720729072717273,102.8404879826479],[23.720739308030304,102.84045112778453],[23.720742764072746,102.8404128],[23.720739308030304,102.84037447221547],[23.720729072717273,102.8403376173521],[23.720712451472544,102.84030365172663],[23.720690083043507,102.84027388062235],[23.720662827039042,102.84024944812727],[23.720631730894834,102.84023129316728],[23.720597989620547,102.840220113424],[23.720562899875947,102.84021633852366],[23.7205278101408,102.84022011352769],[23.7204940688934,102.8402312933589],[23.72046297278943,102.84024944837762],[23.720435716832444,102.84027388089333],[23.720413348450876,102.840303651977],[23.72039672724639,102.84033761754372],[23.72038649196026,102.84037447231917],[23.720383035927252,102.8404128],[23.72038649196026,102.84045112768082],[23.72039672724639,102.84048798245628],[23.720413348450876,102.840521948023],[23.720435716832444,102.84055171910667],[23.72046297278943,102.84057615162237],[23.7204940688934,102.84059430664111],[23.7205278101408,102.8406054864723],[23.720562899875947,102.84060926147633]]}]}]}