{"id":682,"ref":"Trạm thu phí","highways":[{"ways":[{"nodes":[[106.6172916,11.569828]],"buffer_geometry":[[11.569827999942204,106.61747519452972],[11.569863089684274,106.61747166683489],[11.569896830951386,106.61746121927],[11.56992792708485,106.61744425332695],[11.569955183076631,106.61742142099595],[11.569977551492993,106.61739359971017],[11.56999417272698,106.61736185862652],[11.570004408032823,106.6173274175385],[11.570007864072744,106.61729160000002],[11.570004408032823,106.61725578246151],[11.56999417272698,106.61722134137351],[11.569977551492993,106.61718960028985],[11.569955183076631,106.61716177900406],[11.56992792708485,106.61713894667307],[11.569896830951386,106.61712198073002],[11.569863089684274,106.61711153316513],[11.569827999942204,106.6171080054703],[11.569792910204534,106.61711153321028],[11.56975916894995,106.61712198081345],[11.569728072835236,106.61713894678208],[11.569700816865574,106.61716177912206],[11.569678448471327,106.61718960039887],[11.569661827256093,106.61722134145694],[11.569651591962778,106.61725578250666],[11.569648135927256,106.61729160000002],[11.569651591962778,106.61732741749336],[11.569661827256093,106.61736185854309],[11.569678448471327,106.61739359960116],[11.569700816865574,106.61742142087796],[11.569728072835236,106.61744425321794],[11.56975916894995,106.61746121918657],[11.569792910204534,106.61747166678974],[11.569827999942204,106.61747519452972]]}]}]}