{"id":49,"ref":"Trạm thu phí","highways":[{"ways":[{"nodes":[[105.9166475,20.6651868]],"buffer_geometry":[[20.66518679989352,105.91683973258007],[20.665221889637444,105.9168360389285],[20.66525563090983,105.91682509982668],[20.665286727051196,105.91680733565397],[20.66531398305229,105.91678342907474],[20.665336351477965,105.91675429880445],[20.66535297271985,105.91672106430404],[20.66536320803097,105.9166850027595],[20.665366664072746,105.9166475],[20.66536320803097,105.91660999724051],[20.66535297271985,105.91657393569596],[20.665336351477965,105.91654070119556],[20.66531398305229,105.91651157092527],[20.665286727051196,105.91648766434604],[20.66525563090983,105.91646990017331],[20.665221889637444,105.91645896107151],[20.66518679989352,105.91645526741993],[20.6651517101577,105.9164589611586],[20.665117968908397,105.91646990033426],[20.665086872801577,105.91648766455631],[20.66505961684123,105.91651157115288],[20.665037248456304,105.91654070140584],[20.665020627248964,105.91657393585692],[20.665010391960926,105.9166099973276],[20.665006935927256,105.9166475],[20.665010391960926,105.9166850026724],[20.665020627248964,105.91672106414309],[20.665037248456304,105.91675429859417],[20.66505961684123,105.91678342884713],[20.665086872801577,105.91680733544368],[20.665117968908397,105.91682509966574],[20.6651517101577,105.9168360388414],[20.66518679989352,105.91683973258007]]}]}]}