{"id":276,"ref":"Trạm thu phí","highways":[{"ways":[{"nodes":[[105.4492303,21.2945189]],"buffer_geometry":[[21.294518899889958,105.44942334396134],[21.294553989634018,105.44941963472095],[21.29458773090679,105.44940864944827],[21.29461882704873,105.4493908102968],[21.294646083050505,105.44936680281224],[21.294668451476863,105.44933754958771],[21.294685072719325,105.44930417480924],[21.294695308030835,105.44926796105378],[21.29469876407274,105.4492303],[21.294695308030835,105.44919263894622],[21.294685072719325,105.44915642519075],[21.294668451476863,105.44912305041228],[21.294646083050505,105.44909379718776],[21.29461882704873,105.44906978970317],[21.29458773090679,105.4490519505517],[21.294553989634018,105.44904096527904],[21.294518899889958,105.44903725603865],[21.29448381015428,105.44904096536942],[21.294450068905356,105.44905195071874],[21.294418972799118,105.44906978992141],[21.29439171683945,105.44909379742396],[21.294369348455202,105.4491230506305],[21.29435272724844,105.44915642535778],[21.29434249196079,105.44919263903661],[21.29433903592725,105.4492303],[21.29434249196079,105.44926796096338],[21.29435272724844,105.44930417464221],[21.294369348455202,105.44933754936947],[21.29439171683945,105.44936680257604],[21.294418972799118,105.44939081007858],[21.294450068905356,105.44940864928125],[21.29448381015428,105.44941963463056],[21.294518899889958,105.44942334396134]]}]}]}