{"id":870,"ref":"Trạm thu phí","highways":[{"ways":[{"nodes":[[106.7239742,20.7760225]],"buffer_geometry":[[20.776022499892893,106.72416657330011],[20.776057589636842,106.72416287694493],[20.776091330909296,106.72415192983557],[20.77612242705076,106.72413415265909],[20.776149683051973,106.72411022857958],[20.77617205147777,106.724081076985],[20.776188672719755,106.72404781815578],[20.776198908030945,106.7240117302129],[20.77620236407274,106.7239742],[20.776198908030945,106.72393666978711],[20.776188672719755,106.72390058184422],[20.77617205147777,106.723867323015],[20.776149683051973,106.72383817142043],[20.77612242705076,106.72381424734091],[20.776091330909296,106.72379647016443],[20.776057589636842,106.72378552305507],[20.776022499892893,106.72378182669989],[20.7759874101571,106.72378552314274],[20.775953668907857,106.72379647032643],[20.775922572801147,106.72381424755258],[20.775895316840913,106.72383817164952],[20.775872948456104,106.72386732322667],[20.77585632724887,106.72390058200622],[20.7758460919609,106.72393666987477],[20.775842635927255,106.7239742],[20.7758460919609,106.72401173012523],[20.77585632724887,106.72404781799378],[20.775872948456104,106.72408107677333],[20.775895316840913,106.72411022835047],[20.775922572801147,106.72413415244742],[20.775953668907857,106.72415192967357],[20.7759874101571,106.72416287685725],[20.776022499892893,106.72416657330011]]}]}]}