{"id":245,"ref":"Trạm thu phí","highways":[{"ways":[{"nodes":[[104.9376958,11.5899604]],"buffer_geometry":[[11.589960399942102,104.93787940774877],[11.589995489684178,104.93787587979998],[11.590029230951298,104.93786543148289],[11.590060327084782,104.9378484643183],[11.590087583076581,104.93782563034334],[11.590109951492963,104.93779780705438],[11.590126572726966,104.9377660636853],[11.59013680803282,104.93773162011745],[11.590140264072746,104.9376958],[11.59013680803282,104.93765997988255],[11.590126572726966,104.93762553631471],[11.590109951492963,104.93759379294562],[11.590087583076581,104.93756596965666],[11.590060327084782,104.93754313568172],[11.590029230951298,104.93752616851711],[11.589995489684178,104.93751572020003],[11.589960399942102,104.93751219225123],[11.589925310204436,104.93751572024527],[11.589891568949865,104.9375261686007],[11.589860472835166,104.93754313579092],[11.589833216865523,104.93756596977488],[11.5898108484713,104.93759379305484],[11.589794227256082,104.93762553639829],[11.589783991962777,104.9376599799278],[11.589780535927257,104.9376958],[11.589783991962777,104.93773162007221],[11.589794227256082,104.93776606360171],[11.5898108484713,104.93779780694516],[11.589833216865523,104.93782563022513],[11.589860472835166,104.93784846420908],[11.589891568949865,104.93786543139932],[11.589925310204436,104.93787587975474],[11.589960399942102,104.93787940774877]]}]}]}