{"id":663,"ref":"Trạm thu phí","highways":[{"ways":[{"nodes":[[105.7899262,21.2158679]],"buffer_geometry":[[21.21586789989041,105.79011914091024],[21.21590298963445,105.79011543364973],[21.215936730907174,105.79010445424107],[21.215967827049038,105.79008662461244],[21.215995083050732,105.79006262994355],[21.216017451477008,105.79003339233508],[21.216034072719392,105.7900000353729],[21.216044308030853,105.78996384094928],[21.216047764072744,105.7899262],[21.216044308030853,105.7898885590507],[21.216034072719392,105.7898523646271],[21.216017451477008,105.78981900766492],[21.215995083050732,105.78978977005643],[21.215967827049038,105.78976577538755],[21.215936730907174,105.78974794575892],[21.21590298963445,105.78973696635025],[21.21586789989041,105.78973325908974],[21.21583281015471,105.78973696644023],[21.21579906890574,105.78974794592517],[21.215767972799426,105.78976577560476],[21.215740716839672,105.78978977029156],[21.21571834845534,105.78981900788214],[21.215701727248508,105.78985236479335],[21.215691491960815,105.78988855914068],[21.215688035927254,105.7899262],[21.215691491960815,105.78996384085931],[21.215701727248508,105.79000003520663],[21.21571834845534,105.79003339211783],[21.215740716839672,105.79006262970843],[21.215767972799426,105.79008662439522],[21.21579906890574,105.79010445407482],[21.21583281015471,105.79011543355976],[21.21586789989041,105.79011914091024]]}]}]}