{"id":637,"ref":"Trạm thu phí","highways":[{"ways":[{"nodes":[[107.1473429,10.8389511]],"buffer_geometry":[[10.838951099945946,107.14752603119977],[10.838986189687876,107.14752251240618],[10.83901993095458,107.14751209120615],[10.839051027087434,107.14749516807854],[10.839078283078502,107.14747239336825],[10.839100651494148,107.14744464229419],[10.839117272727526,107.14741298131503],[10.839127508032966,107.14737862714581],[10.839130964072744,107.14734290000001],[10.839127508032966,107.1473071728542],[10.839117272727526,107.14727281868498],[10.839100651494148,107.14724115770582],[10.839078283078502,107.14721340663176],[10.839051027087434,107.14719063192148],[10.83901993095458,107.14717370879386],[10.838986189687876,107.14716328759383],[10.838951099945946,107.14715976880024],[10.838916010208132,107.14716328763595],[10.838882268953142,107.14717370887168],[10.838851172837824,107.14719063202317],[10.838823916867442,107.14721340674184],[10.838801548472482,107.14724115780751],[10.83878492725664,107.14727281876281],[10.838774691962922,107.14730717289633],[10.838771235927254,107.14734290000001],[10.838774691962922,107.14737862710369],[10.83878492725664,107.1474129812372],[10.838801548472482,107.1474446421925],[10.838823916867442,107.14747239325817],[10.838851172837824,107.14749516797684],[10.838882268953142,107.14751209112833],[10.838916010208132,107.14752251236406],[10.838951099945946,107.14752603119977]]}]}]}