{"id":638,"ref":"Trạm thu phí","highways":[{"ways":[{"nodes":[[106.9031914,20.8043353]],"buffer_geometry":[[20.804335299892735,106.90338380939536],[20.804370389636688,106.9033801123467],[20.80440413090916,106.90336916318337],[20.804435227050647,106.90335138267137],[20.804462483051896,106.90332745410298],[20.804484851477724,106.90329829703863],[20.804501472719735,106.90326503196897],[20.804511708030944,106.90322893725482],[20.804515164072743,106.90319140000001],[20.804511708030944,106.9031538627452],[20.804501472719735,106.90311776803104],[20.804484851477724,106.90308450296138],[20.804462483051896,106.90305534589703],[20.804435227050647,106.90303141732863],[20.80440413090916,106.90301363681664],[20.804370389636688,106.90300268765331],[20.804335299892735,106.90299899060464],[20.80430021015695,106.90300268774114],[20.804266468907723,106.90301363697891],[20.804235372801035,106.90303141754066],[20.804208116840837,106.90305534612654],[20.80418574845606,106.9030845031734],[20.80416912724885,106.90311776819331],[20.8041588919609,106.90315386283301],[20.804155435927257,106.90319140000001],[20.8041588919609,106.903228937167],[20.80416912724885,106.90326503180671],[20.80418574845606,106.9032982968266],[20.804208116840837,106.90332745387347],[20.804235372801035,106.90335138245936],[20.804266468907723,106.9033691630211],[20.80430021015695,106.90338011225887],[20.804335299892735,106.90338380939536]]}]}]}