{"id":443,"ref":"Trạm thu phí","highways":[{"ways":[{"nodes":[[106.371475,21.4910626]],"buffer_geometry":[[21.491062599888842,106.37166830355538],[21.491097689632948,106.37166458932748],[21.49113143090584,106.37165358928284],[21.49116252704796,106.37163572614261],[21.49118978304995,106.37161168637431],[21.491212151476525,106.37158239381168],[21.491228772719168,106.37154897415255],[21.491239008030796,106.37151271169859],[21.491242464072744,106.371475],[21.491239008030796,106.37143728830142],[21.491228772719168,106.37140102584748],[21.491212151476525,106.37136760618833],[21.49118978304995,106.3713383136257],[21.49116252704796,106.3713142738574],[21.49113143090584,106.37129641071716],[21.491097689632948,106.37128541067253],[21.491062599888842,106.37128169644464],[21.49102751015321,106.37128541076396],[21.490993768904406,106.3712964108861],[21.490962672798346,106.37131427407813],[21.49093541683889,106.37133831386463],[21.49091304845486,106.37136760640907],[21.490896427248277,106.37140102601641],[21.49088619196075,106.37143728839285],[21.490882735927254,106.371475],[21.49088619196075,106.37151271160715],[21.490896427248277,106.3715489739836],[21.49091304845486,106.37158239359094],[21.49093541683889,106.37161168613538],[21.490962672798346,106.37163572592188],[21.490993768904406,106.3716535891139],[21.49102751015321,106.37166458923605],[21.491062599888842,106.37166830355538]]}]}]}