{"id":731,"ref":"Trạm thu phí","highways":[{"ways":[{"nodes":[[106.9229737,10.7687073]],"buffer_geometry":[[10.768707299946305,106.92315678836047],[10.768742389688223,106.92315327038989],[10.768776130954885,106.92314285162753],[10.768807227087686,106.9231259324586],[10.768834483078685,106.92310316307591],[10.768856851494261,106.9230754184936],[10.76887347272758,106.92304376492086],[10.768883708032982,106.92300941878811],[10.768887164072744,106.9229737],[10.768883708032982,106.92293798121189],[10.76887347272758,106.92290363507915],[10.768856851494261,106.9228719815064],[10.768834483078685,106.9228442369241],[10.768807227087686,106.9228214675414],[10.768776130954885,106.92280454837247],[10.768742389688223,106.92279412961011],[10.768707299946305,106.92279061163953],[10.76867221020848,106.92279412965195],[10.768638468953453,106.92280454844978],[10.768607372838073,106.9228214676424],[10.768580116867625,106.92284423703342],[10.768557748472595,106.92287198160741],[10.768541127256695,106.92290363515643],[10.768530891962936,106.92293798125371],[10.768527435927258,106.9229737],[10.768530891962936,106.92300941874629],[10.768541127256695,106.92304376484357],[10.768557748472595,106.92307541839259],[10.768580116867625,106.9231031629666],[10.768607372838073,106.9231259323576],[10.768638468953453,106.92314285155024],[10.76867221020848,106.92315327034805],[10.768707299946305,106.92315678836047]]}]}]}