{"id":339,"ref":"Trạm thu phí","highways":[{"ways":[{"nodes":[[103.5202217,23.3728881]],"buffer_geometry":[[23.37288809987799,103.52041764264621],[23.372923189622508,103.52041387771406],[23.372956930896574,103.52040272749436],[23.372988027040453,103.52038462047886],[23.373015283044527,103.52036025250676],[23.373037651473172,103.5203305600244],[23.373054272717575,103.52029668409838],[23.37306450803038,103.5202599265648],[23.373067964072746,103.5202217],[23.37306450803038,103.52018347343518],[23.373054272717575,103.5201467159016],[23.373037651473172,103.52011283997558],[23.373015283044527,103.52008314749322],[23.372988027040453,103.52005877952112],[23.372956930896574,103.52004067250562],[23.372923189622508,103.52002952228592],[23.37288809987799,103.52002575735378],[23.372853010142766,103.52002952238765],[23.37281926889514,103.5200406726936],[23.372788172790845,103.5200587797667],[23.372760916833464,103.52008314775905],[23.372738548451508,103.52011284022117],[23.37272192724669,103.52014671608957],[23.372711691960337,103.5201834735369],[23.372708235927256,103.5202217],[23.372711691960337,103.52025992646308],[23.37272192724669,103.52029668391042],[23.372738548451508,103.52033055977881],[23.372760916833464,103.52036025224093],[23.372788172790845,103.52038462023327],[23.37281926889514,103.52040272730639],[23.372853010142766,103.52041387761234],[23.37288809987799,103.52041764264621]]}]}]}