{"id":37,"ref":"Trạm thu phí","highways":[{"ways":[{"nodes":[[105.4422754,23.7142296]],"buffer_geometry":[[23.714229599875985,105.44247185193593],[23.71426468962058,105.4424680772189],[23.71429843089486,105.4424568980185],[23.71432952703907,105.44243874394014],[23.714356783043524,105.44241431263153],[23.714379151472553,105.44238454297296],[23.71439577271728,105.44235057899691],[23.714406008030302,105.44231372592328],[23.71440946407274,105.4422754],[23.714406008030302,105.44223707407671],[23.71439577271728,105.44220022100309],[23.714379151472553,105.44216625702703],[23.714356783043524,105.44213648736847],[23.71432952703907,105.44211205605986],[23.71429843089486,105.4420939019815],[23.71426468962058,105.4420827227811],[23.714229599875985,105.44207894806407],[23.71419451014084,105.44208272288476],[23.71416076889343,105.44209390217306],[23.714129672789458,105.44211205631012],[23.71410241683246,105.44213648763936],[23.714080048450885,105.44216625727732],[23.71406342724639,105.44220022119464],[23.71405319196026,105.4422370741804],[23.71404973592725,105.4422754],[23.71405319196026,105.4423137258196],[23.71406342724639,105.44235057880536],[23.714080048450885,105.44238454272268],[23.71410241683246,105.44241431236063],[23.714129672789458,105.44243874368986],[23.71416076889343,105.44245689782694],[23.71419451014084,105.44246807711524],[23.714229599875985,105.44247185193593]]}]}]}