{"id":672,"ref":"Trạm thu phí","highways":[{"ways":[{"nodes":[[105.8514196,20.1247549]],"buffer_geometry":[[20.124754899896544,105.85161115961381],[20.12478998964035,105.85160747889171],[20.12482373091241,105.85159657808435],[20.12485482705328,105.85157887609961],[20.124882083053798,105.8515550532121],[20.124904451478898,105.85152602492107],[20.124921072720287,105.85149290676841],[20.124931308031083,105.85145697146892],[20.12493476407274,105.8514196],[20.124931308031083,105.8513822285311],[20.124921072720287,105.85134629323159],[20.124904451478898,105.85131317507894],[20.124882083053798,105.8512841467879],[20.12485482705328,105.8512603239004],[20.12482373091241,105.85124262191566],[20.12478998964035,105.8512317211083],[20.124754899896544,105.8512280403862],[20.124719810160617,105.85123172119263],[20.124686068910975,105.85124262207147],[20.12465497280367,105.85126032410398],[20.12462771684274,105.85128414700826],[20.12460534845723,105.85131317528253],[20.124588727249403,105.85134629338741],[20.12457849196104,105.85138222861544],[20.12457503592725,105.8514196],[20.12457849196104,105.85145697138458],[20.124588727249403,105.8514929066126],[20.12460534845723,105.85152602471749],[20.12462771684274,105.85155505299176],[20.12465497280367,105.85157887589604],[20.124686068910975,105.85159657792855],[20.124719810160617,105.85160747880738],[20.124754899896544,105.85161115961381]]}]}]}