{"id":254,"ref":"Trạm thu phí","highways":[{"ways":[{"nodes":[[103.208578,23.506392]],"buffer_geometry":[[23.50639199987721,103.20877414069373],[23.506427089621756,103.20877037195656],[23.506460830895904,103.20875921046712],[23.506491927039914,103.2087410851503],[23.506519183044134,103.20871669254852],[23.50654155147293,103.20868697005464],[23.50655817271746,103.20865305988859],[23.50656840803035,103.20861626520235],[23.506571864072743,103.208578],[23.50656840803035,103.20853973479767],[23.50655817271746,103.20850294011142],[23.50654155147293,103.20846902994538],[23.506519183044134,103.20843930745148],[23.506491927039914,103.20841491484971],[23.506460830895904,103.20839678953288],[23.506427089621756,103.20838562804346],[23.50639199987721,103.20838185930627],[23.506356910142014,103.20838562814595],[23.506323168894472,103.20839678972226],[23.506292072790302,103.20841491509714],[23.506264816833074,103.2084393077193],[23.506242448451268,103.2084690301928],[23.506225827246574,103.20850294030079],[23.50621559196031,103.20853973490016],[23.506212135927257,103.208578],[23.50621559196031,103.20861626509986],[23.506225827246574,103.20865305969923],[23.506242448451268,103.20868696980722],[23.506264816833074,103.2087166922807],[23.506292072790302,103.20874108490287],[23.506323168894472,103.20875921027775],[23.506356910142014,103.20877037185407],[23.50639199987721,103.20877414069373]]}]}]}