{"id":643,"ref":"Trạm thu phí","highways":[{"ways":[{"nodes":[[108.7907468,23.6548568]],"buffer_geometry":[[23.654856799876338,108.79094316265919],[23.654891889620913,108.79093938965742],[23.654925630895164,108.79092821553724],[23.654956727039313,108.79091006970884],[23.6549839830437,108.7908856495029],[23.655006351472665,108.79085589337305],[23.655022972717337,108.79082194483188],[23.655033208030318,108.79078510850607],[23.65503666407275,108.7907468],[23.655033208030318,108.79070849149392],[23.655022972717337,108.79067165516811],[23.655006351472665,108.79063770662694],[23.6549839830437,108.79060795049709],[23.654956727039313,108.79058353029114],[23.654925630895164,108.79056538446275],[23.654891889620913,108.79055421034256],[23.654856799876338,108.7905504373408],[23.654821710141174,108.79055421044589],[23.654787968893732,108.79056538465368],[23.6547568727897,108.7905835305406],[23.654729616832643,108.79060795076711],[23.654707248450997,108.7906377068764],[23.65469062724645,108.79067165535905],[23.654680391960273,108.79070849159724],[23.654676935927256,108.7907468],[23.654680391960273,108.79078510840274],[23.65469062724645,108.79082194464094],[23.654707248450997,108.79085589312359],[23.654729616832643,108.79088564923288],[23.6547568727897,108.79091006945939],[23.654787968893732,108.79092821534631],[23.654821710141174,108.7909393895541],[23.654856799876338,108.79094316265919]]}]}]}