{"id":162,"ref":"Trạm thu phí","highways":[{"ways":[{"nodes":[[102.0020957,13.1757287]],"buffer_geometry":[[13.17572869993391,102.00228042690732],[13.175763789676294,102.00227687745756],[13.175797530944305,102.00226636545678],[13.175828627079115,102.00224929487273],[13.175855883072485,102.0022263217167],[13.175878251490435,102.00219832883366],[13.175894872725765,102.00216639197495],[13.175905108032506,102.0021317384578],[13.175908564072744,102.0020957],[13.175905108032506,102.00205966154219],[13.175894872725765,102.00202500802506],[13.175878251490435,102.00199307116634],[13.175855883072485,102.00196507828329],[13.175828627079115,102.00194210512728],[13.175797530944305,102.00192503454323],[13.175763789676294,102.00191452254244],[13.17572869993391,102.00191097309269],[13.175693610196554,102.00191452259439],[13.175659868942871,102.00192503463923],[13.175628772829501,102.00194210525271],[13.175601516861427,102.00196507841905],[13.175579148468767,102.00199307129178],[13.175562527254877,102.00202500812105],[13.175552291962461,102.00205966159415],[13.175548835927255,102.0020957],[13.175552291962461,102.00213173840586],[13.175562527254877,102.00216639187894],[13.175579148468767,102.00219832870823],[13.175601516861427,102.00222632158096],[13.175628772829501,102.0022492947473],[13.175659868942871,102.00226636536078],[13.175693610196554,102.00227687740562],[13.17572869993391,102.00228042690732]]}]}]}