{"id":921,"ref":"Trạm thu phí","highways":[{"ways":[{"nodes":[[106.6328216,10.7182144]],"buffer_geometry":[[10.718214399946563,106.6330046577489],[10.71824948968847,106.63300114036639],[10.718283230955105,106.63299072334593],[10.718314327087864,106.63297380700575],[10.718341583078812,106.63295104142998],[10.71836395149434,106.63292330148646],[10.71838057272762,106.63289165320613],[10.71839080803299,106.632857312816],[10.718394264072746,106.6328216],[10.71839080803299,106.63278588718401],[10.71838057272762,106.63275154679388],[10.71836395149434,106.63271989851356],[10.718341583078812,106.63269215857004],[10.718314327087864,106.63266939299426],[10.718283230955105,106.63265247665409],[10.71824948968847,106.63264205963361],[10.718214399946563,106.6326385422511],[10.718179310208727,106.63264205967525],[10.718145568953673,106.63265247673098],[10.71811447283825,106.63266939309476],[10.718087216867753,106.6326921586788],[10.718064848472675,106.63271989861404],[10.71804822725673,106.6327515468708],[10.718037991962944,106.63278588722564],[10.718034535927256,106.6328216],[10.718037991962944,106.63285731277436],[10.71804822725673,106.63289165312922],[10.718064848472675,106.63292330138597],[10.718087216867753,106.63295104132122],[10.71811447283825,106.63297380690526],[10.718145568953673,106.63299072326902],[10.718179310208727,106.63300114032477],[10.718214399946563,106.6330046577489]]}]}]}