{"id":635,"ref":"Trạm thu phí","highways":[{"ways":[{"nodes":[[109.4068209,23.5229855]],"buffer_geometry":[[23.522985499877112,109.40701706541194],[23.523020589621662,109.40701329619984],[23.523054330895825,109.40700213330385],[23.523085427039845,109.40698400570284],[23.523112683044086,109.40695961002704],[23.5231350514729,109.40692988378744],[23.523151672717447,109.40689596934791],[23.52316190803035,109.40685917002467],[23.523165364072742,109.4068209],[23.52316190803035,109.40678262997532],[23.523151672717447,109.40674583065208],[23.5231350514729,109.40671191621256],[23.523112683044086,109.40668218997297],[23.523085427039845,109.40665779429717],[23.523054330895825,109.40663966669617],[23.523020589621662,109.40662850380016],[23.522985499877112,109.40662473458806],[23.52295041014192,109.40662850390275],[23.52291666889439,109.40663966688571],[23.522885572790237,109.40665779454483],[23.522858316833027,109.40668219024103],[23.522835948451238,109.40671191646021],[23.52281932724656,109.40674583084163],[23.522809091960305,109.40678263007791],[23.522805635927256,109.4068209],[23.522809091960305,109.4068591699221],[23.52281932724656,109.40689596915838],[23.522835948451238,109.40692988353979],[23.522858316833027,109.40695960975899],[23.522885572790237,109.40698400545519],[23.52291666889439,109.40700213311429],[23.52295041014192,109.40701329609726],[23.522985499877112,109.40701706541194]]}]}]}