{"id":554,"ref":"Trạm thu phí","highways":[{"ways":[{"nodes":[[106.3217622,22.9337628]],"buffer_geometry":[[22.93376279988055,106.32195750149468],[22.933797889624966,106.32195374888084],[22.93383163089876,106.3219426351453],[22.933862727042225,106.32192458737788],[22.933889983045805,106.32190029914096],[22.933912351473964,106.32187070381673],[22.933928972717954,106.32183693873804],[22.933939208030477,106.32180030148112],[22.93394266407275,106.3217622],[22.933939208030477,106.32172409851887],[22.933928972717954,106.32168746126194],[22.933912351473964,106.32165369618326],[22.933889983045805,106.32162410085903],[22.933862727042225,106.32159981262211],[22.93383163089876,106.32158176485468],[22.933797889624966,106.32157065111913],[22.93376279988055,106.32156689850531],[22.933727710145227,106.32157065121841],[22.933693968897327,106.3215817650381],[22.933662872792617,106.32159981286176],[22.933635616834746,106.32162410111843],[22.933613248452303,106.32165369642291],[22.933596627247063,106.32168746144538],[22.933586391960432,106.32172409861813],[22.933582935927255,106.3217622],[22.933586391960432,106.32180030138186],[22.933596627247063,106.32183693855461],[22.933613248452303,106.32187070357708],[22.933635616834746,106.32190029888156],[22.933662872792617,106.32192458713823],[22.933693968897327,106.32194263496189],[22.933727710145227,106.32195374878158],[22.93376279988055,106.32195750149468]]}]}]}