{"id":540,"ref":"Trạm thu phí","highways":[{"ways":[{"nodes":[[104.3043845,23.5373907]],"buffer_geometry":[[23.537390699877026,104.30458068688876],[23.53742578962158,104.30457691726403],[23.53745953089575,104.30456575314592],[23.537490627039787,104.30454762356025],[23.537517883044043,104.30452322521354],[23.537540251472873,104.30449349571943],[23.537556872717435,104.30445957756682],[23.53756710803034,104.30442277421463],[23.53757056407274,104.3043845],[23.53756710803034,104.30434622578537],[23.537556872717435,104.30430942243318],[23.537540251472873,104.30427550428057],[23.537517883044043,104.30424577478645],[23.537490627039787,104.30422137643974],[23.53745953089575,104.30420324685407],[23.53742578962158,104.30419208273595],[23.537390699877026,104.30418831311124],[23.537355610141837,104.30419208283863],[23.537321868894317,104.30420324704377],[23.537290772790175,104.30422137668758],[23.53726351683298,104.30424577505471],[23.537241148451212,104.30427550452842],[23.537224527246543,104.30430942262288],[23.537214291960304,104.30434622588803],[23.53721083592725,104.3043845],[23.537214291960304,104.30442277411197],[23.537224527246543,104.30445957737712],[23.537241148451212,104.30449349547158],[23.53726351683298,104.30452322494529],[23.537290772790175,104.30454762331242],[23.537321868894317,104.30456575295622],[23.537355610141837,104.30457691716137],[23.537390699877026,104.30458068688876]]}]}]}