{"id":1027,"ref":"Trạm thu phí","highways":[{"ways":[{"nodes":[[105.9510402,20.5781271]],"buffer_geometry":[[20.578127099894008,105.9512323226948],[20.578162189637915,105.95122863115442],[20.578195930910248,105.95121769830551],[20.57822702705153,105.95119994428717],[20.578254283052534,105.95117605137354],[20.578276651478117,105.95114693775493],[20.57829327271992,105.95111372225234],[20.578303508030995,105.95107768132172],[20.578306964072745,105.9510402],[20.578303508030995,105.95100271867828],[20.57829327271992,105.95096667774766],[20.578276651478117,105.95093346224508],[20.578254283052534,105.95090434862647],[20.57822702705153,105.95088045571283],[20.578195930910248,105.95086270169448],[20.578162189637915,105.95085176884558],[20.578127099894008,105.9508480773052],[20.578092010158176,105.95085176893222],[20.578058268908812,105.95086270185459],[20.57802717280192,105.95088045592203],[20.577999916841474,105.95090434885289],[20.577977548456452,105.95093346245427],[20.577960927249034,105.95096667790777],[20.57795069196095,105.95100271876493],[20.577947235927255,105.9510402],[20.57795069196095,105.95107768123506],[20.577960927249034,105.95111372209223],[20.577977548456452,105.95114693754572],[20.577999916841474,105.9511760511471],[20.57802717280192,105.95119994407796],[20.578058268908812,105.95121769814541],[20.578092010158176,105.95122863106776],[20.578127099894008,105.9512323226948]]}]}]}