{"id":893,"ref":"Trạm thu phí","highways":[{"ways":[{"nodes":[[106.5895298,17.5111431]],"buffer_geometry":[[17.51114309991093,106.58971840428771],[17.511178189654192,106.58971478034496],[17.51121193092469,106.58970404770722],[17.51124302706323,106.58968661882028],[17.511270283061,106.58966316346421],[17.51129265148334,106.58963458301436],[17.511309272722404,106.58960197580222],[17.511319508031637,106.58956659490697],[17.51132296407275,106.58952980000001],[17.511319508031637,106.58949300509303],[17.511309272722404,106.58945762419778],[17.51129265148334,106.58942501698564],[17.511270283061,106.5893964365358],[17.51124302706323,106.58937298117974],[17.51121193092469,106.58935555229279],[17.511178189654192,106.58934481965505],[17.51114309991093,106.5893411957123],[17.51110801017445,106.58934481972653],[17.511074268923256,106.58935555242489],[17.51104317281362,106.58937298135231],[17.51101591684994,106.5893964367226],[17.51099354846168,106.58942501715822],[17.510976927251516,106.58945762432987],[17.510966691961592,106.58949300516453],[17.510963235927257,106.58952980000001],[17.510966691961592,106.58956659483547],[17.510976927251516,106.58960197567013],[17.51099354846168,106.58963458284178],[17.51101591684994,106.58966316327741],[17.51104317281362,106.5896866186477],[17.511074268923256,106.58970404757511],[17.51110801017445,106.58971478027347],[17.51114309991093,106.58971840428771]]}]}]}