{"id":408,"ref":"Trạm thu phí","highways":[{"ways":[{"nodes":[[105.861549,20.9075025]],"buffer_geometry":[[20.90750249989215,105.86174154143319],[20.907537589636128,105.86173784184771],[20.907571330908663,105.86172688517091],[20.90760242705025,105.86170909245746],[20.907629683051606,105.8616851474685],[20.90765205147754,105.86165597039556],[20.90766867271965,105.86162268249817],[20.907678908030917,105.86158656301437],[20.907682364072745,105.861549],[20.907678908030917,105.86151143698562],[20.90766867271965,105.86147531750183],[20.90765205147754,105.86144202960443],[20.907629683051606,105.86141285253149],[20.90760242705025,105.86138890754253],[20.907571330908663,105.86137111482908],[20.907537589636128,105.86136015815228],[20.90750249989215,105.86135645856682],[20.907467410156386,105.86136015824064],[20.907433668907228,105.86137111499235],[20.90740257280063,105.86138890775587],[20.907375316840547,105.86141285276238],[20.90735294845588,105.86144202981775],[20.907336327248764,105.86147531766511],[20.907326091960876,105.86151143707397],[20.907322635927255,105.861549],[20.907326091960876,105.86158656292602],[20.907336327248764,105.86162268233488],[20.90735294845588,105.86165597018224],[20.907375316840547,105.86168514723761],[20.90740257280063,105.86170909224414],[20.907433668907228,105.86172688500764],[20.907467410156386,105.86173784175935],[20.90750249989215,105.86174154143319]]}]}]}