{"id":781,"ref":"Trạm thu phí","highways":[{"ways":[{"nodes":[[105.8017236,21.2137492]],"buffer_geometry":[[21.213749199890415,105.8019165381408],[21.21378428963446,105.8019128309335],[21.21381803090718,105.80190185168244],[21.213849127049045,105.80188402230972],[21.21387638305074,105.80186002798526],[21.213898751477007,105.80183079079644],[21.21391537271939,105.80179743431307],[21.213925608030852,105.80176124040901],[21.21392906407274,105.8017236],[21.213925608030852,105.801685959591],[21.21391537271939,105.80164976568693],[21.213898751477007,105.80161640920356],[21.21387638305074,105.80158717201475],[21.213849127049045,105.80156317769028],[21.21381803090718,105.80154534831756],[21.21378428963446,105.8015343690665],[21.213749199890415,105.8015306618592],[21.21371411015472,105.80153436915647],[21.213680368905745,105.8015453484838],[21.213649272799433,105.80156317790747],[21.213622016839675,105.80158717224985],[21.213599648455343,105.80161640942076],[21.213583027248507,105.80164976585317],[21.21357279196081,105.80168595968097],[21.213569335927254,105.8017236],[21.21357279196081,105.80176124031904],[21.213583027248507,105.80179743414683],[21.213599648455343,105.80183079057925],[21.213622016839675,105.80186002775015],[21.213649272799433,105.80188402209254],[21.213680368905745,105.8019018515162],[21.21371411015472,105.80191283084353],[21.213749199890415,105.8019165381408]]}]}]}