{"id":547,"ref":"Trạm thu phí","highways":[{"ways":[{"nodes":[[102.4021189,18.4919609]],"buffer_geometry":[[18.491960899905582,102.40230855637935],[18.491995989649045,102.4023049122233],[18.492029730920127,102.40229411971748],[18.492060827059532,102.40227659360819],[18.49208808305832,102.40225300741149],[18.49211045148169,102.40222426753085],[18.492127072721612,102.40219147842463],[18.492137308031424,102.40215590016221],[18.49214076407274,102.4021189],[18.492137308031424,102.40208189983778],[18.492127072721612,102.40204632157538],[18.49211045148169,102.40201353246916],[18.49208808305832,102.40198479258851],[18.492060827059532,102.40196120639182],[18.492029730920127,102.40194368028251],[18.491995989649045,102.4019328877767],[18.491960899905582,102.40192924362066],[18.491925810169306,102.40193288785291],[18.491892068918695,102.4019436804233],[18.491860972809913,102.40196120657578],[18.491833716847264,102.40198479278763],[18.491811348460025,102.40201353265311],[18.49179472725073,102.40204632171617],[18.491784491961386,102.40208189991398],[18.491781035927254,102.4021189],[18.491784491961386,102.40215590008603],[18.49179472725073,102.40219147828383],[18.491811348460025,102.40222426734688],[18.491833716847264,102.40225300721238],[18.491860972809913,102.40227659342422],[18.491892068918695,102.4022941195767],[18.491925810169306,102.4023049121471],[18.491960899905582,102.40230855637935]]}]}]}