{"id":764,"ref":"Trạm thu phí","highways":[{"ways":[{"nodes":[[107.9674342,23.1690487]],"buffer_geometry":[[23.16904869987918,107.96762984307544],[23.169083789623652,107.96762608389892],[23.16911753089759,107.96761495072602],[23.169148627041277,107.96759687139351],[23.169175883045117,107.96757254067677],[23.169198251473542,107.96754289359043],[23.16921487271775,107.96750906945655],[23.169225108030425,107.9674723681209],[23.169228564072746,107.9674342],[23.169225108030425,107.96739603187912],[23.16921487271775,107.96735933054345],[23.169198251473542,107.96732550640957],[23.169175883045117,107.96729585932323],[23.169148627041277,107.96727152860649],[23.16911753089759,107.96725344927398],[23.169083789623652,107.96724231610109],[23.16904869987918,107.96723855692456],[23.16901361014391,107.96724231620169],[23.16897986889616,107.96725344945985],[23.168948772791666,107.96727152884932],[23.16892151683406,107.96729585958607],[23.168899148451874,107.96732550665241],[23.16888252724686,107.9673593307293],[23.168872291960383,107.96739603197972],[23.168868835927253,107.9674342],[23.168872291960383,107.9674723680203],[23.16888252724686,107.9675090692707],[23.168899148451874,107.9675428933476],[23.16892151683406,107.96757254041393],[23.168948772791666,107.96759687115068],[23.16897986889616,107.96761495054015],[23.16901361014391,107.96762608379832],[23.16904869987918,107.96762984307544]]}]}]}