{"id":382,"ref":"Trạm thu phí","highways":[{"ways":[{"nodes":[[106.9257686,22.8944572]],"buffer_geometry":[[22.89445719988078,106.92596384486897],[22.89449228962519,106.9259600933431],[22.894526030898955,106.92594898282978],[22.89455712704239,106.92593094029507],[22.894584383045924,106.92590665910026],[22.894606751474036,106.92587707235691],[22.894623372717987,106.92584331706813],[22.894633608030485,106.92580669043389],[22.894637064072747,106.9257686],[22.894633608030485,106.92573050956611],[22.894623372717987,106.92569388293187],[22.894606751474036,106.92566012764308],[22.894584383045924,106.92563054089973],[22.89455712704239,106.92560625970492],[22.894526030898955,106.92558821717022],[22.89449228962519,106.9255771066569],[22.89445719988078,106.92557335513102],[22.89442211014545,106.92557710675597],[22.894388368897527,106.92558821735324],[22.89435727279277,106.92560625994406],[22.89433001683486,106.92563054115857],[22.894307648452372,106.92566012788221],[22.894291027247103,106.9256938831149],[22.894280791960444,106.92573050966516],[22.894277335927256,106.9257686],[22.894280791960444,106.92580669033484],[22.894291027247103,106.92584331688509],[22.894307648452372,106.92587707211779],[22.89433001683486,106.92590665884143],[22.89435727279277,106.92593094005593],[22.894388368897527,106.92594898264676],[22.89442211014545,106.92596009324404],[22.89445719988078,106.92596384486897]]}]}]}