{"id":363,"ref":"Trạm thu phí","highways":[{"ways":[{"nodes":[[107.1454498,22.7088374]],"buffer_geometry":[[22.708837399881855,107.14564477913706],[22.708872489626224,107.14564103271663],[22.708906230899874,107.14562993732456],[22.708937327043127,107.14561191934582],[22.708964583046455,107.14558767119807],[22.708986951474365,107.14555812472292],[22.709003572718142,107.14552441537596],[22.709013808030527,107.14548783859165],[22.70901726407274,107.1454498],[22.709013808030527,107.14541176140834],[22.709003572718142,107.14537518462402],[22.708986951474365,107.14534147527705],[22.708964583046455,107.14531192880192],[22.708937327043127,107.14528768065416],[22.708906230899874,107.14526966267542],[22.708872489626224,107.14525856728335],[22.708837399881855,107.14525482086292],[22.708802310146485,107.14525856738138],[22.70876856889844,107.14526966285655],[22.708737472793516,107.1452876808908],[22.708710216835396,107.14531192905805],[22.7086878484527,107.1453414755137],[22.708671227247255,107.14537518480515],[22.70866099196049,107.14541176150637],[22.708657535927255,107.1454498],[22.70866099196049,107.14548783849362],[22.708671227247255,107.14552441519484],[22.7086878484527,107.14555812448629],[22.708710216835396,107.14558767094192],[22.708737472793516,107.14561191910917],[22.70876856889844,107.14562993714344],[22.708802310146485,107.1456410326186],[22.708837399881855,107.14564477913706]]}]}]}