{"id":990,"ref":"Trạm thu phí","highways":[{"ways":[{"nodes":[[103.978735,10.1663626]],"buffer_geometry":[[10.166362599949375,103.97891773309158],[10.166397689691172,103.97891422194616],[10.166431430957504,103.9789038233996],[10.166462527089806,103.97888693706034],[10.166489783080216,103.97886421185964],[10.166512151495207,103.97883652111379],[10.16652877272803,103.97880492896306],[10.166539008033096,103.97877064947737],[10.166542464072744,103.978735],[10.166539008033096,103.97869935052263],[10.16652877272803,103.97866507103694],[10.166512151495207,103.97863347888622],[10.166489783080216,103.97860578814037],[10.166462527089806,103.97858306293966],[10.166431430957504,103.97856617660041],[10.166397689691172,103.97855577805386],[10.166362599949375,103.97855226690842],[10.166327510211431,103.97855577809322],[10.166293768956072,103.97856617667314],[10.166262672840194,103.97858306303472],[10.166235416869156,103.97860578824323],[10.166213048473542,103.97863347898125],[10.166196427257141,103.97866507110967],[10.166186191963053,103.97869935056201],[10.166182735927256,103.978735],[10.166186191963053,103.978770649438],[10.166196427257141,103.97880492889033],[10.166213048473542,103.97883652101876],[10.166235416869156,103.97886421175679],[10.166262672840194,103.9788869369653],[10.166293768956072,103.97890382332686],[10.166327510211431,103.97891422190679],[10.166362599949375,103.97891773309158]]}]}]}