{"id":832,"ref":"Trạm thu phí","highways":[{"ways":[{"nodes":[[109.9951078,22.1760365]],"buffer_geometry":[[22.176036499884926,109.99530203167473],[22.17607158962918,109.9952982996151],[22.176105330902498,109.99528724675672],[22.17613642704525,109.99526929785009],[22.176163683047992,109.99524514265858],[22.176186051475316,109.99521570945159],[22.176202672718592,109.99518212933182],[22.176212908030642,109.99514569276752],[22.176216364072747,109.9951078],[22.176212908030642,109.99506990723248],[22.176202672718592,109.99503347066818],[22.176186051475316,109.99499989054841],[22.176163683047992,109.99497045734142],[22.17613642704525,109.99494630214991],[22.176105330902498,109.9949283532433],[22.17607158962918,109.9949173003849],[22.176036499884926,109.99491356832527],[22.176001410149436,109.99491730048001],[22.17596766890106,109.99492835341904],[22.175936572795642,109.99494630237953],[22.175909316836936,109.99497045758994],[22.175886948453652,109.99499989077802],[22.175870327247708,109.99503347084391],[22.1758600919606,109.99506990732759],[22.175856635927254,109.9951078],[22.1758600919606,109.99514569267241],[22.175870327247708,109.99518212915609],[22.175886948453652,109.99521570922198],[22.175909316836936,109.99524514241006],[22.175936572795642,109.99526929762047],[22.17596766890106,109.99528724658097],[22.176001410149436,109.99529829952],[22.176036499884926,109.99530203167473]]}]}]}