{"id":163,"ref":"Trạm thu phí","highways":[{"ways":[{"nodes":[[105.7889345,15.0899764]],"buffer_geometry":[[15.089976399923877,105.78912078760659],[15.090011489666649,105.78911720817264],[15.090045230935747,105.78910660736264],[15.090076327072179,105.78908939255686],[15.09010358306747,105.7890662253087],[15.090125951487337,105.78903799592184],[15.090142572724297,105.78900578923644],[15.090152808032123,105.78897084293932],[15.090156264072743,105.7889345],[15.090152808032123,105.78889815706067],[15.090142572724297,105.78886321076355],[15.090125951487337,105.78883100407815],[15.09010358306747,105.78880277469129],[15.090076327072179,105.78877960744312],[15.090045230935747,105.78876239263735],[15.090011489666649,105.78875179182735],[15.089976399923877,105.78874821239339],[15.089941310186905,105.78875179188769],[15.089907568934308,105.78876239274885],[15.089876472822569,105.7887796075888],[15.089849216856408,105.78880277484896],[15.089826848465675,105.78883100422384],[15.089810227253407,105.78886321087504],[15.089799991962083,105.78889815712101],[15.089796535927256,105.7889345],[15.089799991962083,105.78897084287898],[15.089810227253407,105.78900578912494],[15.089826848465675,105.78903799577616],[15.089849216856408,105.78906622515103],[15.089876472822569,105.7890893924112],[15.089907568934308,105.78910660725114],[15.089941310186905,105.7891172081123],[15.089976399923877,105.78912078760659]]}]}]}