{"id":865,"ref":"Trạm thu phí","highways":[{"ways":[{"nodes":[[108.3701817,11.7467905]],"buffer_geometry":[[11.746790499941294,108.37036541156645],[11.7468255896834,108.37036188162317],[11.746859330950608,108.37035142739855],[11.746890427084221,108.37033445064034],[11.746917683076177,108.37031160375439],[11.746940051492711,108.37028376473317],[11.746956672726844,108.37025200341522],[11.746966908032787,108.3702175403716],[11.746970364072745,108.3701817],[11.746966908032787,108.37014585962841],[11.746956672726844,108.37011139658479],[11.746940051492711,108.37007963526682],[11.746917683076177,108.37005179624562],[11.746890427084221,108.37002894935966],[11.746859330950608,108.37001197260146],[11.7468255896834,108.37000151837684],[11.746790499941294,108.36999798843355],[11.746755410203658,108.37000151842274],[11.746721668949174,108.37001197268627],[11.746690572834606,108.37002894947047],[11.746663316865117,108.37005179636554],[11.746640948471047,108.3700796353776],[11.74662432725596,108.37011139666959],[11.746614091962744,108.3701458596743],[11.746610635927256,108.3701817],[11.746614091962744,108.37021754032571],[11.74662432725596,108.37025200333042],[11.746640948471047,108.3702837646224],[11.746663316865117,108.37031160363446],[11.746690572834606,108.37033445052954],[11.746721668949174,108.37035142731374],[11.746755410203658,108.37036188157727],[11.746790499941294,108.37036541156645]]}]}]}