{"id":265,"ref":"Trạm thu phí","highways":[{"ways":[{"nodes":[[106.0278676,20.8500515]],"buffer_geometry":[[20.85005149989248,106.02806006780557],[20.850086589636444,106.02805636963468],[20.85012033090894,106.0280454171476],[20.850151427050474,106.02802763123798],[20.850178683051773,106.02800369540553],[20.850201051477647,106.02797452948988],[20.850217672719698,106.02794125432182],[20.850227908030934,106.02790514865019],[20.850231364072744,106.0278676],[20.850227908030934,106.02783005134981],[20.850217672719698,106.02779394567817],[20.850201051477647,106.0277606705101],[20.850178683051773,106.02773150459446],[20.850151427050474,106.02770756876201],[20.85012033090894,106.02768978285239],[20.850086589636444,106.0276788303653],[20.85005149989248,106.02767513219443],[20.8500164101567,106.02767883045335],[20.849982668907508,106.0276897830151],[20.849951572800858,106.02770756897462],[20.84992431684071,106.02773150482456],[20.849901948455983,106.0277606707227],[20.849885327248813,106.0277939458409],[20.84987509196089,106.02783005143786],[20.849871635927258,106.0278676],[20.84987509196089,106.02790514856214],[20.849885327248813,106.0279412541591],[20.849901948455983,106.02797452927729],[20.84992431684071,106.02800369517543],[20.849951572800858,106.02802763102538],[20.849982668907508,106.02804541698488],[20.8500164101567,106.02805636954663],[20.85005149989248,106.02806006780557]]}]}]}