{"id":749,"ref":"Trạm thu phí","highways":[{"ways":[{"nodes":[[102.0017374,23.6958933]],"buffer_geometry":[[23.695893299876097,102.00193382433312],[23.695928389620686,102.00193005014643],[23.69596213089496,102.00191887251674],[23.695993227039146,102.00190072098911],[23.69602048304358,102.00187629311324],[23.696042851472587,102.00184652763754],[23.696059472717298,102.00181256843368],[23.69606970803031,102.00177572053818],[23.696073164072747,102.0017374],[23.69606970803031,102.00169907946182],[23.696059472717298,102.00166223156631],[23.696042851472587,102.00162827236245],[23.69602048304358,102.00159850688674],[23.695993227039146,102.00157407901088],[23.69596213089496,102.00155592748325],[23.695928389620686,102.00154474985357],[23.695893299876097,102.00154097566687],[23.695858210140944,102.00154474995713],[23.695824468893527,102.00155592767462],[23.695793372789538,102.00157407926089],[23.69576611683252,102.00159850715735],[23.695743748450926,102.00162827261248],[23.695727127246414,102.00166223175766],[23.69571689196027,102.00169907956537],[23.695713435927253,102.0017374],[23.69571689196027,102.00177572043462],[23.695727127246414,102.00181256824231],[23.695743748450926,102.0018465273875],[23.69576611683252,102.00187629284262],[23.695793372789538,102.0019007207391],[23.695824468893527,102.00191887232536],[23.695858210140944,102.00193005004284],[23.695893299876097,102.00193382433312]]}]}]}