{"id":738,"ref":"Trạm thu phí","highways":[{"ways":[{"nodes":[[108.092977,13.4136606]],"buffer_geometry":[[13.413660599932673,108.09316190825976],[13.413695689675107,108.09315835532588],[13.41372943094325,108.09314783300552],[13.41376052707826,108.09313074566299],[13.413787783071866,108.09310774995359],[13.41381015149005,108.09307972958891],[13.413826772725583,108.09304776137647],[13.413837008032461,108.09301307383843],[13.413840464072745,108.092977],[13.413837008032461,108.09294092616159],[13.413826772725583,108.09290623862356],[13.41381015149005,108.09287427041112],[13.413787783071866,108.09284625004643],[13.41376052707826,108.09282325433702],[13.41372943094325,108.09280616699449],[13.413695689675107,108.09279564467414],[13.413660599932673,108.09279209174026],[13.413625510195367,108.09279564472712],[13.413591768941815,108.09280616709238],[13.413560672828648,108.09282325446492],[13.413533416860808,108.09284625018486],[13.413511048468386,108.09287427053901],[13.413494427254697,108.09290623872144],[13.41348419196242,108.09294092621457],[13.413480735927255,108.092977],[13.41348419196242,108.09301307378546],[13.413494427254697,108.09304776127858],[13.413511048468386,108.09307972946101],[13.413533416860808,108.09310774981516],[13.413560672828648,108.0931307455351],[13.413591768941815,108.09314783290763],[13.413625510195367,108.0931583552729],[13.413660599932673,108.09316190825976]]}]}]}