{"id":319,"ref":"Trạm thu phí","highways":[{"ways":[{"nodes":[[109.5576382,22.4028158]],"buffer_geometry":[[22.402815799883623,109.55783274706401],[22.40285088962792,109.55782900894489],[22.402884630901383,109.55781793813956],[22.40291572704435,109.55779996008818],[22.402942983047343,109.5577757656741],[22.402965351474915,109.55774628467398],[22.4029819727184,109.55771265002721],[22.402992208030593,109.55767615429754],[22.402995664072748,109.5576382],[22.402992208030593,109.55760024570246],[22.4029819727184,109.55756374997279],[22.402965351474915,109.55753011532602],[22.402942983047343,109.5575006343259],[22.40291572704435,109.55747643991181],[22.402884630901383,109.55745846186043],[22.40285088962792,109.5574473910551],[22.402815799883623,109.55744365293599],[22.402780710148182,109.55744739115144],[22.40274696889995,109.55745846203845],[22.402715872794737,109.5574764401444],[22.40268861683628,109.55750063457766],[22.402666248453247,109.5575301155586],[22.402649627247513,109.55756375015079],[22.40263939196055,109.55760024579881],[22.402635935927254,109.5576382],[22.40263939196055,109.55767615420119],[22.402649627247513,109.55771264984921],[22.402666248453247,109.5577462844414],[22.40268861683628,109.55777576542233],[22.402715872794737,109.55779995985559],[22.40274696889995,109.55781793796154],[22.402780710148182,109.55782900884856],[22.402815799883623,109.55783274706401]]}]}]}