{"id":447,"ref":"Trạm thu phí","highways":[{"ways":[{"nodes":[[106.2590058,21.3160293]],"buffer_geometry":[[21.316029299889838,106.25919887222753],[21.316064389633908,106.25919516244407],[21.31609813090669,106.25918417556292],[21.31612922704865,106.25916633379943],[21.31615648305045,106.25914232279959],[21.31617885147683,106.25911306529169],[21.316195472719308,106.25907968562633],[21.316205708030832,106.25904346656829],[21.316209164072745,106.2590058],[21.316205708030832,106.25896813343171],[21.316195472719308,106.25893191437366],[21.31617885147683,106.25889853470831],[21.31615648305045,106.2588692772004],[21.31612922704865,106.25884526620058],[21.31609813090669,106.25882742443707],[21.316064389633908,106.25881643755592],[21.316029299889838,106.25881272777247],[21.315994210154162,106.25881643764643],[21.315960468905253,106.2588274246043],[21.315929372799037,106.25884526641909],[21.315902116839393,106.25886927743692],[21.315879748455167,106.2588985349268],[21.315863127248424,106.2589319145409],[21.31585289196079,106.25896813352222],[21.315849435927255,106.2590058],[21.31585289196079,106.25904346647778],[21.315863127248424,106.2590796854591],[21.315879748455167,106.2591130650732],[21.315902116839393,106.2591423225631],[21.315929372799037,106.25916633358092],[21.315960468905253,106.25918417539569],[21.315994210154162,106.25919516235356],[21.316029299889838,106.25919887222753]]}]}]}