{"id":48,"ref":"Trạm thu phí","highways":[{"ways":[{"nodes":[[104.6682687,14.3796374]],"buffer_geometry":[[14.379637399927619,104.66845438118904],[14.379672489670247,104.66845081340564],[14.379706230938938,104.66844024710296],[14.379737327074768,104.66842308833529],[14.379764583069338,104.66839999650263],[14.37978695148849,104.66837185901049],[14.379803572724844,104.66833975716759],[14.379813808032267,104.66830492463156],[14.379817264072745,104.6682687],[14.379813808032267,104.66823247536844],[14.379803572724844,104.66819764283241],[14.37978695148849,104.6681655409895],[14.379764583069338,104.66813740349737],[14.379737327074768,104.66811431166471],[14.379706230938938,104.66809715289703],[14.379672489670247,104.66808658659434],[14.379637399927619,104.66808301881095],[14.379602310190506,104.66808658665154],[14.379568568937502,104.6680971530027],[14.379537472825156,104.66811431180277],[14.37951021685828,104.66813740364681],[14.379487848466827,104.66816554112756],[14.379471227253957,104.66819764293808],[14.379460991962226,104.66823247542564],[14.379457535927255,104.6682687],[14.379460991962226,104.66830492457436],[14.379471227253957,104.66833975706191],[14.379487848466827,104.66837185887243],[14.37951021685828,104.66839999635319],[14.379537472825156,104.66842308819723],[14.379568568937502,104.66844024699729],[14.379602310190506,104.66845081334846],[14.379637399927619,104.66845438118904]]}]}]}