{"id":630,"ref":"Trạm thu phí","highways":[{"ways":[{"nodes":[[109.017788,14.3971985]],"buffer_geometry":[[14.397198499927526,109.01797369578964],[14.397233589670158,109.01797012772573],[14.397267330938858,109.01795956059222],[14.397298427074702,109.01794240047533],[14.39732568306929,109.0179193068269],[14.397348051488462,109.01789116712224],[14.397364672724828,109.01785906275506],[14.397374908032264,109.01782422748002],[14.397378364072743,109.017788],[14.397374908032264,109.01775177251996],[14.397364672724828,109.01771693724493],[14.397348051488462,109.01768483287775],[14.39732568306929,109.01765669317308],[14.397298427074702,109.01763359952466],[14.397267330938858,109.01761643940776],[14.397233589670158,109.01760587227426],[14.397198499927526,109.01760230421036],[14.397163410190418,109.01760587233152],[14.397129668937422,109.01761643951357],[14.397098572825088,109.0176335996629],[14.39707131685823,109.01765669332272],[14.397048948466795,109.017684833016],[14.397032327253942,109.01771693735076],[14.39702209196222,109.01775177257723],[14.397018635927253,109.017788],[14.39702209196222,109.01782422742276],[14.397032327253942,109.01785906264924],[14.397048948466795,109.01789116698399],[14.39707131685823,109.01791930667727],[14.397098572825088,109.01794240033708],[14.397129668937422,109.01795956048642],[14.397163410190418,109.01797012766848],[14.397198499927526,109.01797369578964]]}]}]}