{"id":120,"ref":"Trạm thu phí","highways":[{"ways":[{"nodes":[[103.1874682,23.4104388]],"buffer_geometry":[[23.410438799877774,103.18766419820314],[23.4104738896223,103.1876604322036],[23.41050763089639,103.18764927882249],[23.410538727040304,103.18763116667304],[23.410565983044414,103.18760679179174],[23.410588351473105,103.18757709089044],[23.410604972717543,103.1875432053593],[23.410615208030375,103.18750643740354],[23.410618664072746,103.1874682],[23.410615208030375,103.18742996259647],[23.410604972717543,103.1873931946407],[23.410588351473105,103.18735930910955],[23.410565983044414,103.18732960820826],[23.410538727040304,103.18730523332697],[23.41050763089639,103.18728712117752],[23.4104738896223,103.1872759677964],[23.410438799877774,103.18727220179686],[23.410403710142553,103.18727596789834],[23.410369968894955,103.18728712136588],[23.410338872790692,103.18730523357307],[23.410311616833358,103.18732960847466],[23.410289248451445,103.18735930935567],[23.41027262724666,103.18739319482907],[23.41026239196033,103.18742996269842],[23.41025893592726,103.1874682],[23.41026239196033,103.1875064373016],[23.41027262724666,103.18754320517094],[23.410289248451445,103.18757709064434],[23.410311616833358,103.18760679152535],[23.410338872790692,103.18763116642693],[23.410369968894955,103.18764927863411],[23.410403710142553,103.18766043210167],[23.410438799877774,103.18766419820314]]}]}]}