{"id":433,"ref":"Trạm thu phí","highways":[{"ways":[{"nodes":[[108.4537543,15.538197]],"buffer_geometry":[[15.538196999921507,108.45394098709767],[15.538232089664366,108.4539373999886],[15.538265830933717,108.45392677644612],[15.538296927070542,108.45390952472398],[15.538324183066285,108.45388630779419],[15.538346551486605,108.45385801786962],[15.53836317272395,108.45382574211692],[15.538373408032038,108.45379072087718],[15.538376864072747,108.4537543],[15.538373408032038,108.45371787912282],[15.53836317272395,108.45368285788308],[15.538346551486605,108.45365058213038],[15.538324183066285,108.45362229220581],[15.538296927070542,108.45359907527602],[15.538265830933717,108.45358182355388],[15.538232089664366,108.4535712000114],[15.538196999921507,108.45356761290233],[15.538161910184622,108.45357120007375],[15.538128168932285,108.4535818236691],[15.538097072820928,108.45359907542655],[15.538069816855225,108.45362229236875],[15.53804744846494,108.45365058228091],[15.538030827253065,108.4536828579983],[15.538020591961992,108.45371787918518],[15.538017135927257,108.4537543],[15.538020591961992,108.45379072081482],[15.538030827253065,108.4538257420017],[15.53804744846494,108.45385801771909],[15.538069816855225,108.45388630763125],[15.538097072820928,108.45390952457345],[15.538128168932285,108.4539267763309],[15.538161910184622,108.45393739992625],[15.538196999921507,108.45394098709767]]}]}]}