{"id":800,"ref":"Trạm thu phí","highways":[{"ways":[{"nodes":[[103.265317,23.7729296]],"buffer_geometry":[[23.772929599875642,103.26551354048841],[23.77296468962025,103.26550976407003],[23.77299843089457,103.26549857983063],[23.773029527038833,103.26548041756924],[23.773056783043348,103.26545597524802],[23.773079151472448,103.26542619217048],[23.77309577271723,103.26539221288479],[23.77310600803029,103.26535534319918],[23.773109464072743,103.265317],[23.77310600803029,103.26527865680082],[23.77309577271723,103.2652417871152],[23.773079151472448,103.26520780782951],[23.773056783043348,103.26517802475198],[23.773029527038833,103.26515358243076],[23.77299843089457,103.26513542016936],[23.77296468962025,103.26512423592996],[23.772929599875642,103.26512045951158],[23.772894510140507,103.26512423603396],[23.772860768893132,103.26513542036152],[23.77282967278922,103.26515358268183],[23.77280241683229,103.26517802502374],[23.772780048450784,103.26520780808059],[23.77276342724634,103.26524178730739],[23.772753191960245,103.26527865690483],[23.772749735927253,103.265317],[23.772753191960245,103.26535534309517],[23.77276342724634,103.2653922126926],[23.772780048450784,103.2654261919194],[23.77280241683229,103.26545597497625],[23.77282967278922,103.26548041731816],[23.772860768893132,103.26549857963848],[23.772894510140507,103.26550976396604],[23.772929599875642,103.26551354048841]]}]}]}