{"id":655,"ref":"Trạm thu phí","highways":[{"ways":[{"nodes":[[103.6314046,23.0255439]],"buffer_geometry":[[23.025543899880017,103.63160003420563],[23.025578989624456,103.63159627904206],[23.025612730898303,103.63158515775473],[23.025643827041854,103.63156709772365],[23.025671083045538,103.63154279298246],[23.025693451473796,103.63151317754762],[23.02571007271787,103.6314793895248],[23.025720308030458,103.631442727372],[23.025723764072744,103.6314046],[23.025720308030458,103.63136647262799],[23.02571007271787,103.6313298104752],[23.025693451473796,103.63129602245237],[23.025671083045538,103.63126640701753],[23.025643827041854,103.63124210227635],[23.025612730898303,103.63122404224526],[23.025578989624456,103.63121292095792],[23.025543899880017,103.63120916579435],[23.025508810144714,103.63121292105771],[23.02547506889687,103.63122404242964],[23.025443972792242,103.63124210251725],[23.025416716834474,103.63126640727828],[23.02539434845213,103.63129602269328],[23.025377727246983,103.63132981065957],[23.025367491960417,103.63136647272778],[23.025364035927254,103.6314046],[23.025367491960417,103.63144272727222],[23.025377727246983,103.63147938934043],[23.02539434845213,103.63151317730672],[23.025416716834474,103.63154279272172],[23.025443972792242,103.63156709748274],[23.02547506889687,103.63158515757036],[23.025508810144714,103.63159627894228],[23.025543899880017,103.63160003420563]]}]}]}