{"id":819,"ref":"Trạm thu phí","highways":[{"ways":[{"nodes":[[106.0490359,20.6589535]],"buffer_geometry":[[20.658953499893553,106.04922812469358],[20.658988589637474,106.04922443119354],[20.65902233090986,106.04921349254049],[20.659053427051212,106.04919572909655],[20.659080683052306,106.04917182349813],[20.659103051477977,106.04914269442291],[20.659119672719854,106.04910946128598],[20.659129908030966,106.04907340122092],[20.659133364072744,106.0490359],[20.659129908030966,106.0489983987791],[20.659119672719854,106.04896233871405],[20.659103051477977,106.0489291055771],[20.659080683052306,106.0488999765019],[20.659053427051212,106.04887607090348],[20.65902233090986,106.04885830745954],[20.658988589637474,106.04884736880649],[20.658953499893553,106.04884367530644],[20.65891841015773,106.04884736889356],[20.658884668908424,106.04885830762042],[20.6588535728016,106.04887607111367],[20.658826316841246,106.04889997672944],[20.65880394845631,106.04892910578732],[20.658787327248966,106.04896233887493],[20.65877709196093,106.04899839886617],[20.658773635927254,106.0490359],[20.65877709196093,106.04907340113385],[20.658787327248966,106.0491094611251],[20.65880394845631,106.0491426942127],[20.658826316841246,106.04917182327058],[20.6588535728016,106.04919572888636],[20.658884668908424,106.04921349237961],[20.65891841015773,106.04922443110647],[20.658953499893553,106.04922812469358]]}]}]}