{"id":641,"ref":"Trạm thu phí","highways":[{"ways":[{"nodes":[[106.8769682,23.724524]],"buffer_geometry":[[23.724523999875927,106.87716466744497],[23.72455908962052,106.87716089242997],[23.724592830894814,106.87714971234705],[23.72462392703903,106.87713155683551],[23.72465118304349,106.87710712359815],[23.724673551472534,106.87707735158939],[23.724690172717274,106.87704338493202],[23.724700408030305,106.87700652894897],[23.724703864072747,106.8769682],[23.724700408030305,106.87692987105103],[23.724690172717274,106.87689301506798],[23.724673551472534,106.87685904841061],[23.72465118304349,106.87682927640184],[23.72462392703903,106.87680484316449],[23.724592830894814,106.87678668765295],[23.72455908962052,106.87677550757003],[23.724523999875927,106.87677173255503],[23.724488910140785,106.87677550767376],[23.724455168893382,106.87678668784461],[23.724424072789418,106.8768048434149],[23.72439681683243,106.87682927667291],[23.72437444845087,106.87685904866103],[23.724357827246386,106.87689301525964],[23.724347591960257,106.87692987115476],[23.724344135927254,106.8769682],[23.724347591960257,106.87700652884524],[23.724357827246386,106.87704338474036],[23.72437444845087,106.87707735133897],[23.72439681683243,106.8771071233271],[23.724424072789418,106.8771315565851],[23.724455168893382,106.87714971215539],[23.724488910140785,106.87716089232624],[23.724523999875927,106.87716466744497]]}]}]}