{"id":518,"ref":"Trạm thu phí","highways":[{"ways":[{"nodes":[[102.8608825,23.2167976]],"buffer_geometry":[[23.2167975998789,102.8610782129449],[23.21683268962338,102.86107445242598],[23.21686643089735,102.86106331527722],[23.21689752704108,102.86104522948817],[23.21692478304498,102.86102089008227],[23.216947151473452,102.86099123240814],[23.216963772717705,102.86095739619469],[23.216974008030412,102.86092068175186],[23.21697746407274,102.8608825],[23.216974008030412,102.86084431824814],[23.216963772717705,102.86080760380531],[23.216947151473452,102.86077376759187],[23.21692478304498,102.86074410991773],[23.21689752704108,102.86071977051185],[23.21686643089735,102.86070168472278],[23.21683268962338,102.86069054757404],[23.2167975998789,102.8606867870551],[23.21676251014364,102.86069054767488],[23.216728768895916,102.86070168490915],[23.216697672791472,102.86071977075532],[23.216670416833917,102.86074411018126],[23.216648048451788,102.86077376783534],[23.21663142724682,102.86080760399167],[23.216621191960368,102.86084431834898],[23.21661773592725,102.8608825],[23.216621191960368,102.86092068165102],[23.21663142724682,102.86095739600835],[23.216648048451788,102.86099123216466],[23.216670416833917,102.86102088981875],[23.216697672791472,102.86104522924468],[23.216728768895916,102.86106331509086],[23.21676251014364,102.86107445232513],[23.2167975998789,102.8610782129449]]}]}]}