{"id":829,"ref":"Trạm thu phí","highways":[{"ways":[{"nodes":[[108.7340226,15.3521123]],"buffer_geometry":[[15.352112299922494,108.73420911964992],[15.352147389665314,108.73420553575791],[15.352181130934559,108.7341949217438],[15.352212227071226,108.73417768549527],[15.352239483066777,108.73415448938967],[15.35226185148691,108.73412622483963],[15.352278472724093,108.73409397803668],[15.352288708032072,108.73405898820933],[15.352292164072747,108.7340226],[15.352288708032072,108.73398621179068],[15.352278472724093,108.73395122196334],[15.35226185148691,108.73391897516038],[15.352239483066777,108.73389071061034],[15.352212227071226,108.73386751450475],[15.352181130934559,108.73385027825621],[15.352147389665314,108.7338396642421],[15.352112299922494,108.73383608035009],[15.352077210185572,108.73383966430362],[15.352043468933129,108.73385027836987],[15.352012372821608,108.73386751465327],[15.351985116855715,108.7338907107711],[15.351962748465246,108.7339189753089],[15.35194612725321,108.73395122207701],[15.35193589196203,108.7339862118522],[15.351932435927257,108.7340226],[15.35193589196203,108.73405898814781],[15.35194612725321,108.73409397792301],[15.351962748465246,108.73412622469111],[15.351985116855715,108.7341544892289],[15.352012372821608,108.73417768534675],[15.352043468933129,108.73419492163015],[15.352077210185572,108.73420553569639],[15.352112299922494,108.73420911964992]]}]}]}