{"id":974,"ref":"Trạm thu phí","highways":[{"ways":[{"nodes":[[106.6012759,10.8174711]],"buffer_geometry":[[10.817471099946056,106.60145901806852],[10.81750618968798,106.60145549952719],[10.817539930954673,106.60144507907438],[10.817571027087512,106.60142815716019],[10.817598283078556,106.60140538408294],[10.817620651494181,106.60137763499874],[10.817637272727543,106.60134597628983],[10.81764750803297,106.60131162458397],[10.817650964072746,106.6012759],[10.81764750803297,106.60124017541604],[10.817637272727543,106.60120582371019],[10.817620651494181,106.60117416500127],[10.817598283078556,106.60114641591707],[10.817571027087512,106.60112364283982],[10.817539930954673,106.60110672092564],[10.81750618968798,106.60109630047282],[10.817471099946056,106.6010927819315],[10.81743601020824,106.60109630051485],[10.817402268953238,106.6011067210033],[10.8173711728379,106.60112364294132],[10.817343916867499,106.60114641602692],[10.817321548472517,106.60117416510275],[10.817304927256657,106.60120582378785],[10.817294691962926,106.60124017545807],[10.817291235927254,106.6012759],[10.817294691962926,106.60131162454194],[10.817304927256657,106.60134597621216],[10.817321548472517,106.60137763489726],[10.817343916867499,106.60140538397309],[10.8173711728379,106.60142815705869],[10.817402268953238,106.6014450789967],[10.81743601020824,106.60145549948516],[10.817471099946056,106.60145901806852]]}]}]}