{"id":412,"ref":"Trạm thu phí","highways":[{"ways":[{"nodes":[[105.9092035,20.7717956]],"buffer_geometry":[[20.771795599892915,105.90939586791654],[20.771830689636865,105.90939217166479],[20.77186443090931,105.90938122486179],[20.771895527050773,105.9093634481828],[20.771922783051988,105.9093395247728],[20.771945151477777,105.90931037399403],[20.77196177271976,105.90927711609557],[20.771972008030946,105.90924102916263],[20.771975464072746,105.9092035],[20.771972008030946,105.90916597083739],[20.77196177271976,105.90912988390444],[20.771945151477777,105.90909662600599],[20.771922783051988,105.90906747522722],[20.771895527050773,105.90904355181722],[20.77186443090931,105.90902577513822],[20.771830689636865,105.90901482833522],[20.771795599892915,105.90901113208348],[20.771760510157122,105.90901482842288],[20.771726768907882,105.9090257753002],[20.771695672801158,105.90904355202883],[20.771668416840928,105.90906747545627],[20.771646048456113,105.90909662621759],[20.77162942724887,105.90912988406642],[20.771619191960905,105.90916597092505],[20.771615735927252,105.9092035],[20.771619191960905,105.90924102907496],[20.77162942724887,105.9092771159336],[20.771646048456113,105.90931037378242],[20.771668416840928,105.90933952454374],[20.771695672801158,105.90936344797117],[20.771726768907882,105.90938122469983],[20.771760510157122,105.90939217157714],[20.771795599892915,105.90939586791654]]}]}]}