{"id":442,"ref":"Trạm thu phí","highways":[{"ways":[{"nodes":[[106.6277606,21.6868213]],"buffer_geometry":[[21.686821299887725,106.62795416507464],[21.686856389631874,106.62795044582224],[21.686890130904885,106.6279394308961],[21.686921227047186,106.6279215435892],[21.686948483049395,106.6278974712977],[21.686970851476175,106.62786813910525],[21.686987472719,106.62783467423259],[21.686997708030752,106.62779836271898],[21.687001164072743,106.6277606],[21.686997708030752,106.62772283728103],[21.686987472719,106.62768652576743],[21.686970851476175,106.62765306089476],[21.686948483049395,106.62762372870232],[21.686921227047186,106.62759965641082],[21.686890130904885,106.62758176910391],[21.686856389631874,106.62757075417778],[21.686821299887725,106.62756703492538],[21.686786210152132,106.62757075427024],[21.686752468903453,106.62758176927478],[21.686721372797575,106.62759965663408],[21.686694116838332,106.62762372894396],[21.68667174845451,106.62765306111801],[21.686655127248113,106.6276865259383],[21.686644891960707,106.62772283737351],[21.686641435927253,106.6277606],[21.686644891960707,106.6277983626265],[21.686655127248113,106.62783467406172],[21.68667174845451,106.627868138882],[21.686694116838332,106.62789747105604],[21.686721372797575,106.62792154336594],[21.686752468903453,106.62793943072523],[21.686786210152132,106.62795044572977],[21.686821299887725,106.62795416507464]]}]}]}