{"id":250,"ref":"Trạm thu phí","highways":[{"ways":[{"nodes":[[102.29768,12.0260055]],"buffer_geometry":[[12.026005499939858,102.29786390010392],[12.026040589682019,102.29786036653852],[12.026074330949383,102.29784990158552],[12.026105427083227,102.29783290740492],[12.026132683075458,102.29781003707204],[12.026155051492267,102.29778216948039],[12.026171672726635,102.29775037556645],[12.026181908032735,102.29771587715403],[12.026185364072745,102.29768],[12.026181908032735,102.29764412284597],[12.026171672726635,102.29760962443353],[12.026155051492267,102.2975778305196],[12.026132683075458,102.29754996292796],[12.026105427083227,102.29752709259508],[12.026074330949383,102.29751009841448],[12.026040589682019,102.29749963346148],[12.026005499939858,102.29749609989608],[12.025970410202278,102.29749963350854],[12.025936668947947,102.29751009850143],[12.025905572833615,102.29752709270869],[12.025878316864398,102.29754996305094],[12.025855948470605,102.29757783063323],[12.02583932725575,102.29760962452049],[12.025829091962692,102.29764412289305],[12.025825635927255,102.29768],[12.025829091962692,102.29771587710695],[12.02583932725575,102.2977503754795],[12.025855948470605,102.29778216936677],[12.025878316864398,102.29781003694906],[12.025905572833615,102.2978329072913],[12.025936668947947,102.29784990149857],[12.025970410202278,102.29786036649146],[12.026005499939858,102.29786390010392]]}]}]}