{"id":633,"ref":"Trạm thu phí","highways":[{"ways":[{"nodes":[[102.3194709,18.6324802]],"buffer_geometry":[[18.632480199904812,102.31966071263828],[18.632515289648307,102.3196570654801],[18.632549030919467,102.31964626408255],[18.632580127059,102.31962872353357],[18.632607383057934,102.31960511790415],[18.632629751481453,102.31957635434449],[18.632646372721503,102.31954353822296],[18.6326566080314,102.31950793064718],[18.632660064072745,102.31947090000001],[18.6326566080314,102.31943386935284],[18.632646372721503,102.31939826177705],[18.632629751481453,102.31936544565552],[18.632607383057934,102.31933668209587],[18.632580127059,102.31931307646644],[18.632549030919467,102.31929553591746],[18.632515289648307,102.31928473451991],[18.632480199904812,102.31928108736173],[18.632445110168568,102.3192847345968],[18.632411368918035,102.31929553605953],[18.632380272809385,102.31931307665205],[18.632353016846878,102.31933668229678],[18.63233064845979,102.31936544584114],[18.632314027250615,102.31939826191912],[18.63230379196136,102.31943386942973],[18.632300335927255,102.31947090000001],[18.63230379196136,102.31950793057028],[18.632314027250615,102.3195435380809],[18.63233064845979,102.31957635415887],[18.632353016846878,102.31960511770323],[18.632380272809385,102.31962872334796],[18.632411368918035,102.31964626394048],[18.632445110168568,102.3196570654032],[18.632480199904812,102.31966071263828]]}]}]}