{"id":815,"ref":"Trạm thu phí","highways":[{"ways":[{"nodes":[[105.7046345,18.6486748]],"buffer_geometry":[[18.648674799904718,105.70482433073678],[18.64870988964822,105.70482068323088],[18.648743630919387,105.70480988080347],[18.64877472705893,105.70479233858202],[18.648801983057886,105.70476873070182],[18.648824351481416,105.70473996439958],[18.648840972721484,105.70470714514902],[18.648851208031395,105.70467153417805],[18.64885466407274,105.7046345],[18.648851208031395,105.70459746582193],[18.648840972721484,105.70456185485098],[18.648824351481416,105.70452903560042],[18.648801983057886,105.70450026929818],[18.64877472705893,105.70447666141797],[18.648743630919387,105.70445911919653],[18.64870988964822,105.7044483167691],[18.648674799904718,105.70444466926321],[18.648639710168478,105.70444831684607],[18.648605968917956,105.70445911933874],[18.64857487280932,105.70447666160378],[18.648547616846827,105.70450026949929],[18.648525248459755,105.70452903578622],[18.6485086272506,105.70456185499319],[18.64849839196135,105.70459746589891],[18.64849493592725,105.7046345],[18.64849839196135,105.70467153410108],[18.6485086272506,105.70470714500681],[18.648525248459755,105.70473996421376],[18.648547616846827,105.7047687305007],[18.64857487280932,105.70479233839622],[18.648605968917956,105.70480988066126],[18.648639710168478,105.70482068315393],[18.648674799904718,105.70482433073678]]}]}]}