{"id":648,"ref":"Trạm thu phí","highways":[{"ways":[{"nodes":[[104.778172,11.5443888]],"buffer_geometry":[[11.544388799942332,104.77835557786129],[11.5444238896844,104.77835205048669],[11.544457630951497,104.77834160387029],[11.54448872708494,104.77832463946754],[11.544515983076696,104.77830180920945],[11.544538351493031,104.77827399044955],[11.544554972726997,104.77824225224768],[11.544565208032829,104.77820781428659],[11.544568664072745,104.778172],[11.544565208032829,104.7781361857134],[11.544554972726997,104.7781017477523],[11.544538351493031,104.77807000955045],[11.544515983076696,104.77804219079054],[11.54448872708494,104.77801936053245],[11.544457630951497,104.7780023961297],[11.5444238896844,104.7779919495133],[11.544388799942332,104.77798842213869],[11.544353710204659,104.77799194955834],[11.544319968950061,104.77800239621293],[11.544288872835326,104.7780193606412],[11.544261616865636,104.77804219090824],[11.544239248471369,104.77807000965919],[11.544222627256111,104.77810174783555],[11.544212391962784,104.77813618575844],[11.544208935927255,104.778172],[11.544212391962784,104.77820781424154],[11.544222627256111,104.77824225216445],[11.544239248471369,104.7782739903408],[11.544261616865636,104.77830180909174],[11.544288872835326,104.77832463935879],[11.544319968950061,104.77834160378706],[11.544353710204659,104.77835205044164],[11.544388799942332,104.77835557786129]]}]}]}