{"id":874,"ref":"Trạm thu phí","highways":[{"ways":[{"nodes":[[106.4579625,10.6666673]],"buffer_geometry":[[10.666667299946825,106.45814552665536],[10.666702389688721,106.45814200987019],[10.666736130955329,106.45813159461905],[10.666767227088044,106.45811468115215],[10.666794483078942,106.45809191944325],[10.666816851494419,106.45806418421154],[10.666833472727655,106.45803254130695],[10.666843708032998,106.45799820674982],[10.666847164072745,106.4579625],[10.666843708032998,106.45792679325015],[10.666833472727655,106.45789245869304],[10.666816851494419,106.45786081578844],[10.666794483078942,106.45783308055674],[10.666767227088044,106.45781031884783],[10.666736130955329,106.45779340538094],[10.666702389688721,106.45778299012979],[10.666667299946825,106.45777947334463],[10.66663221020898,106.4577829901712],[10.666598468953895,106.45779340545747],[10.666567372838431,106.4578103189478],[10.666540116867884,106.45783308066495],[10.666517748472755,106.45786081588841],[10.666501127256769,106.45789245876956],[10.666490891962955,106.45792679329156],[10.666487435927253,106.4579625],[10.666490891962955,106.45799820670841],[10.666501127256769,106.45803254123042],[10.666517748472755,106.45806418411156],[10.666540116867884,106.45809191933502],[10.666567372838431,106.45811468105218],[10.666598468953895,106.45813159454252],[10.66663221020898,106.45814200982878],[10.666667299946825,106.45814552665536]]}]}]}