{"id":168,"ref":"Trạm thu phí","highways":[{"ways":[{"nodes":[[106.7870868,10.8909831]],"buffer_geometry":[[10.89098309994568,106.78726996312277],[10.891018189687617,106.78726644371591],[10.891051930954353,106.78725602069936],[10.891083027087252,106.7872390946218],[10.891110283078369,106.78721631594149],[10.891132651494065,106.7871885600299],[10.891149272727489,106.78715689353162],[10.891159508032954,106.78712253337378],[10.891162964072745,106.7870868],[10.891159508032954,106.78705106662622],[10.891149272727489,106.78701670646838],[10.891132651494065,106.78698503997009],[10.891110283078369,106.7869572840585],[10.891083027087252,106.7869345053782],[10.891051930954353,106.78691757930063],[10.891018189687617,106.78690715628409],[10.89098309994568,106.78690363687723],[10.890948010207877,106.78690715632644],[10.890914268952919,106.78691757937887],[10.890883172837642,106.78693450548042],[10.890855916867311,106.78695728416913],[10.890833548472402,106.78698504007231],[10.890816927256603,106.78701670654661],[10.890806691962911,106.78705106666857],[10.890803235927255,106.7870868],[10.890806691962911,106.78712253333143],[10.890816927256603,106.7871568934534],[10.890833548472402,106.7871885599277],[10.890855916867311,106.78721631583086],[10.890883172837642,106.78723909451958],[10.890914268952919,106.78725602062113],[10.890948010207877,106.78726644367356],[10.89098309994568,106.78726996312277]]}]}]}