{"id":542,"ref":"Trạm thu phí","highways":[{"ways":[{"nodes":[[104.3492133,23.6628345]],"buffer_geometry":[[23.662834499876286,104.349409674638],[23.662869589620872,104.34940590140609],[23.66290333089512,104.34939472660426],[23.662934427039275,104.34937657966891],[23.66296168304367,104.34935215797326],[23.662984051472645,104.34932240002819],[23.663000672717324,104.34928844941601],[23.663010908030316,104.34925161084306],[23.66301436407274,104.3492133],[23.663010908030316,104.34917498915696],[23.663000672717324,104.34913815058401],[23.662984051472645,104.34910419997183],[23.66296168304367,104.34907444202676],[23.662934427039275,104.3490500203311],[23.66290333089512,104.34903187339576],[23.662869589620872,104.34902069859393],[23.662834499876286,104.34901692536202],[23.66279941014113,104.3490206986973],[23.662765668893687,104.34903187358677],[23.662734572789663,104.34905002058068],[23.662707316832613,104.3490744422969],[23.662684948450984,104.3491042002214],[23.662668327246436,104.34913815077502],[23.66265809196027,104.34917498926033],[23.662654635927254,104.3492133],[23.66265809196027,104.34925161073969],[23.662668327246436,104.349288449225],[23.662684948450984,104.34932239977861],[23.662707316832613,104.34935215770312],[23.662734572789663,104.34937657941934],[23.662765668893687,104.34939472641325],[23.66279941014113,104.3494059013027],[23.662834499876286,104.349409674638]]}]}]}