{"id":834,"ref":"Trạm thu phí","highways":[{"ways":[{"nodes":[[109.8612728,22.2288896]],"buffer_geometry":[[22.22888959988462,109.86146710481584],[22.228924689628887,109.861463371351],[22.228958430902235,109.86145231433056],[22.22898952704504,109.86143435866504],[22.229016783047843,109.86141019437754],[22.229039151475224,109.86138075008697],[22.229055772718546,109.86134715732199],[22.229066008030635,109.86131070703678],[22.229069464072747,109.8612728],[22.229066008030635,109.86123489296321],[22.229055772718546,109.86119844267802],[22.229039151475224,109.86116484991304],[22.229016783047843,109.86113540562246],[22.22898952704504,109.86111124133495],[22.228958430902235,109.86109328566944],[22.228924689628887,109.86108222864901],[22.22888959988462,109.86107849518416],[22.228854510149148,109.86108222874441],[22.228820768900803,109.86109328584571],[22.22878967279543,109.86111124156525],[22.22876241683678,109.86113540587175],[22.228740048453556,109.86116485014334],[22.22872342724766,109.86119844285427],[22.22871319196059,109.86123489305861],[22.228709735927254,109.8612728],[22.22871319196059,109.8613107069414],[22.22872342724766,109.86134715714572],[22.228740048453556,109.86138074985665],[22.22876241683678,109.86141019412825],[22.22878967279543,109.86143435843474],[22.228820768900803,109.86145231415429],[22.228854510149148,109.86146337125558],[22.22888959988462,109.86146710481584]]}]}]}