{"id":532,"ref":"Trạm thu phí","highways":[{"ways":[{"nodes":[[107.189785,22.2749574]],"buffer_geometry":[[22.274957399884357,107.18997936874698],[22.274992489628634,107.18997563405384],[22.275026230902014,107.18996457339546],[22.27505732704486,107.18994661182215],[22.27508458304771,107.189922439584],[22.275106951475138,107.18989298560551],[22.275123572718506,107.1898593817876],[22.275133808030624,107.18982291950925],[22.275137264072747,107.189785],[22.275133808030624,107.18974708049075],[22.275123572718506,107.1897106182124],[22.275106951475138,107.18967701439449],[22.27508458304771,107.189647560416],[22.27505732704486,107.18962338817785],[22.275026230902014,107.18960542660454],[22.274992489628634,107.18959436594618],[22.274957399884357,107.18959063125303],[22.27492231014889,107.18959436604183],[22.274888568900575,107.18960542678128],[22.274857472795244,107.18962338840876],[22.274830216836648,107.18964756066593],[22.274807848453477,107.1896770146254],[22.274791227247622,107.18971061838913],[22.27478099196058,107.18974708058639],[22.274777535927257,107.189785],[22.27478099196058,107.18982291941361],[22.274791227247622,107.18985938161087],[22.274807848453477,107.1898929853746],[22.274830216836648,107.18992243933407],[22.274857472795244,107.18994661159124],[22.274888568900575,107.18996457321872],[22.27492231014889,107.18997563395817],[22.274957399884357,107.18997936874698]]}]}]}