{"id":46,"ref":"Trạm thu phí","highways":[{"ways":[{"nodes":[[109.9935484,20.6991927]],"buffer_geometry":[[20.699192699893327,109.99374067565648],[20.699227789637263,109.99373698117729],[20.699261530909663,109.99372603962426],[20.699292627051058,109.9937082714709],[20.699319883052194,109.99368435953458],[20.69934225147791,109.99365522273662],[20.699358872719824,109.99362198078882],[20.699369108030965,109.99358591116338],[20.699372564072746,109.9935484],[20.699369108030965,109.99351088883661],[20.699358872719824,109.99347481921117],[20.69934225147791,109.99344157726335],[20.699319883052194,109.99341244046539],[20.699292627051058,109.99338852852908],[20.699261530909663,109.99337076037573],[20.699227789637263,109.99335981882268],[20.699192699893327,109.99335612434349],[20.699157610157517,109.99335981890997],[20.699123868908234,109.99337076053699],[20.699092772801446,109.99338852873979],[20.699065516841134,109.99341244069346],[20.699043148456244,109.99344157747406],[20.699026527248936,109.99347481937244],[20.699016291960923,109.9935108889239],[20.699012835927256,109.9935484],[20.699016291960923,109.9935859110761],[20.699026527248936,109.99362198062755],[20.699043148456244,109.99365522252592],[20.699065516841134,109.99368435930651],[20.699092772801446,109.99370827126019],[20.699123868908234,109.99372603946298],[20.699157610157517,109.99373698109002],[20.699192699893327,109.99374067565648]]}]}]}