{"id":47,"ref":"Trạm thu phí","highways":[{"ways":[{"nodes":[[103.4020856,22.9927692]],"buffer_geometry":[[22.992769199880204,103.40228098673678],[22.992804289624637,103.40227723248523],[22.992838030898465,103.40226611389906],[22.99286912704199,103.40224805825451],[22.99289638304563,103.40222375941667],[22.992918751473855,103.40219415117511],[22.992935372717895,103.40216037135909],[22.992945608030464,103.4021237181112],[22.992949064072743,103.4020856],[22.992945608030464,103.40204748188881],[22.992935372717895,103.40201082864091],[22.992918751473855,103.4019770488249],[22.99289638304563,103.40194744058334],[22.99286912704199,103.4019231417455],[22.992838030898465,103.40190508610095],[22.992804289624637,103.40189396751478],[22.992769199880204,103.40189021326323],[22.992734110144895,103.40189396761438],[22.99270036889703,103.40190508628498],[22.992669272792373,103.40192314198596],[22.992642016834573,103.4019474408436],[22.99261964845219,103.40197704906535],[22.992603027247014,103.40201082882496],[22.99259279196042,103.40204748198842],[22.992589335927253,103.4020856],[22.99259279196042,103.4021237180116],[22.992603027247014,103.40216037117506],[22.99261964845219,103.40219415093466],[22.992642016834573,103.40222375915641],[22.992669272792373,103.40224805801405],[22.99270036889703,103.40226611371503],[22.992734110144895,103.40227723238563],[22.992769199880204,103.40228098673678]]}]}]}