{"id":665,"ref":"Trạm thu phí","highways":[{"ways":[{"nodes":[[108.7388793,22.6887875]],"buffer_geometry":[[22.688787499881965,108.73907425059942],[22.688822589626334,108.73907050472728],[22.68885633089997,108.73905941095913],[22.688887427043202,108.7390413956175],[22.688914683046512,108.73901715101877],[22.688937051474397,108.73898760886814],[22.688953672718156,108.73895390445499],[22.68896390803053,108.73891733302418],[22.68896736407274,108.7388793],[22.68896390803053,108.73884126697581],[22.688953672718156,108.738804695545],[22.688937051474397,108.73877099113184],[22.688914683046512,108.7387414489812],[22.688887427043202,108.73871720438248],[22.68885633089997,108.73869918904086],[22.688822589626334,108.7386880952727],[22.688787499881965,108.73868434940056],[22.68875241014659,108.73868809537062],[22.688718668898535,108.73869918922178],[22.688687572793594,108.73871720461885],[22.68866031683545,108.73874144923707],[22.688637948452733,108.73877099136823],[22.68862132724727,108.73880469572593],[22.68861109196049,108.73884126707372],[22.68860763592725,108.7388793],[22.68861109196049,108.73891733292626],[22.68862132724727,108.73895390427406],[22.688637948452733,108.73898760863175],[22.68866031683545,108.73901715076292],[22.688687572793594,108.73904139538114],[22.688718668898535,108.7390594107782],[22.68875241014659,108.73907050462937],[22.688787499881965,108.73907425059942]]}]}]}