{"id":86,"ref":"Trạm thu phí","highways":[{"ways":[{"nodes":[[106.7592111,10.8232822]],"buffer_geometry":[[10.823282199946027,106.75939422161828],[10.823317289687951,106.75939070300875],[10.823351030954647,106.75938028235393],[10.823382127087491,106.75936336011172],[10.823409383078541,106.75934058659301],[10.823431751494173,106.7593128369709],[10.823448372727539,106.75928117764829],[10.823458608032967,106.7592468252765],[10.823462064072745,106.7592111],[10.823458608032967,106.75917537472351],[10.823448372727539,106.75914102235173],[10.823431751494173,106.75910936302911],[10.823409383078541,106.75908161340699],[10.823382127087491,106.7590588398883],[10.823351030954647,106.75904191764607],[10.823317289687951,106.75903149699127],[10.823282199946027,106.75902797838174],[10.823247110208209,106.75903149703332],[10.823213368953212,106.75904191772379],[10.82318227283788,106.75905883998983],[10.823155016867483,106.7590816135169],[10.823132648472507,106.75910936313065],[10.823116027256651,106.75914102242945],[10.823105791962924,106.75917537476556],[10.823102335927254,106.7592111],[10.823105791962924,106.75924682523444],[10.823116027256651,106.75928117757057],[10.823132648472507,106.75931283686937],[10.823155016867483,106.7593405864831],[10.82318227283788,106.75936336001018],[10.823213368953212,106.75938028227623],[10.823247110208209,106.7593907029667],[10.823282199946027,106.75939422161828]]}]}]}