{"id":627,"ref":"Trạm thu phí","highways":[{"ways":[{"nodes":[[108.7807331,23.1970262]],"buffer_geometry":[[23.197026199879016,108.78092878399151],[23.19706128962349,108.78092502402886],[23.197095030897447,108.78091388852766],[23.197126127041162,108.78089580541416],[23.197153383045038,108.780871469609],[23.197175751473484,108.78084181632236],[23.197192372717723,108.7808079851146],[23.197202608030416,108.7807712761033],[23.19720606407274,108.7807331],[23.197202608030416,108.78069492389672],[23.197192372717723,108.7806582148854],[23.197175751473484,108.78062438367765],[23.197153383045038,108.78059473039102],[23.197126127041162,108.78057039458587],[23.197095030897447,108.78055231147235],[23.19706128962349,108.78054117597117],[23.197026199879016,108.78053741600851],[23.196991110143752,108.7805411760719],[23.196957368896012,108.7805523116585],[23.19692627279155,108.78057039482907],[23.196899016833974,108.78059473065429],[23.19687664845182,108.78062438392087],[23.196860027246835,108.78065821507155],[23.196849791960375,108.78069492399747],[23.19684633592725,108.7807331],[23.196849791960375,108.78077127600255],[23.196860027246835,108.78080798492846],[23.19687664845182,108.78084181607916],[23.196899016833974,108.78087146934574],[23.19692627279155,108.78089580517094],[23.196957368896012,108.78091388834153],[23.196991110143752,108.7809250239281],[23.197026199879016,108.78092878399151]]}]}]}