{"id":1025,"ref":"Trạm thu phí","highways":[{"ways":[{"nodes":[[105.9508655,20.5751521]],"buffer_geometry":[[20.575152099894023,105.95105761894987],[20.57518718963793,105.95105392748145],[20.57522093091026,105.95104299484565],[20.57525202705154,105.95102524117335],[20.57527928305254,105.95100134872546],[20.575301651478124,105.95097223567434],[20.575318272719922,105.9509390208192],[20.57532850803099,105.95090298059114],[20.575331964072742,105.9508655],[20.57532850803099,105.95082801940889],[20.575318272719922,105.95079197918082],[20.575301651478124,105.95075876432568],[20.57527928305254,105.95072965127457],[20.57525202705154,105.95070575882667],[20.57522093091026,105.95068800515438],[20.57518718963793,105.95067707251857],[20.575152099894023,105.95067338105015],[20.575117010158188,105.95067707260522],[20.575083268908823,105.95068800531446],[20.575052172801925,105.95070575903583],[20.575024916841482,105.95072965150096],[20.575002548456457,105.95075876453484],[20.574985927249035,105.9507919793409],[20.574975691960947,105.95082801949553],[20.574972235927255,105.9508655],[20.574975691960947,105.9509029805045],[20.574985927249035,105.95093902065912],[20.575002548456457,105.95097223546517],[20.575024916841482,105.95100134849906],[20.575052172801925,105.9510252409642],[20.575083268908823,105.95104299468557],[20.575117010158188,105.95105392739481],[20.575152099894023,105.95105761894987]]}]}]}