{"id":80,"ref":"Trạm thu phí","highways":[{"ways":[{"nodes":[[103.5542694,10.6171262]],"buffer_geometry":[[10.617126199947077,103.55445239692138],[10.617161289688964,103.55444888070744],[10.617195030955546,103.55443846714823],[10.617226127088218,103.554421556429],[10.617253383079067,103.55439879841788],[10.617275751494494,103.55437106769199],[10.617292372727691,103.55433942992805],[10.617302608033008,103.55430510094892],[10.617306064072745,103.5542694],[10.617302608033008,103.55423369905108],[10.617292372727691,103.55419937007194],[10.617275751494494,103.554167732308],[10.617253383079067,103.55414000158211],[10.617226127088218,103.55411724357099],[10.617195030955546,103.55410033285176],[10.617161289688964,103.55408991929257],[10.617126199947077,103.55408640307863],[10.617091110209222,103.55408991933376],[10.617057368954109,103.5541003329279],[10.617026272838606,103.55411724367048],[10.616999016868009,103.5541400016898],[10.616976648472832,103.55416773240749],[10.616960027256805,103.5541993701481],[10.616949791962965,103.55423369909228],[10.616946335927254,103.5542694],[10.616949791962965,103.55430510090771],[10.616960027256805,103.55433942985191],[10.616976648472832,103.5543710675925],[10.616999016868009,103.55439879831019],[10.617026272838606,103.55442155632952],[10.617057368954109,103.55443846707209],[10.617091110209222,103.55444888066623],[10.617126199947077,103.55445239692138]]}]}]}