{"id":725,"ref":"Trạm thu phí","highways":[{"ways":[{"nodes":[[105.3260126,21.2432357]],"buffer_geometry":[[21.243235699890246,105.32620557671468],[21.2432707896343,105.32620186876629],[21.24330453090704,105.32619088732021],[21.24333562704893,105.32617305438292],[21.24336288305065,105.32614905526131],[21.243385251476955,105.32611981222713],[21.243401872719367,105.3260864490748],[21.243412108030846,105.32605024793448],[21.24341556407274,105.3260126],[21.243412108030846,105.32597495206552],[21.243401872719367,105.32593875092519],[21.243385251476955,105.32590538777286],[21.24336288305065,105.32587614473867],[21.24333562704893,105.32585214561706],[21.24330453090704,105.32583431267977],[21.2432707896343,105.3258233312337],[21.243235699890246,105.32581962328531],[21.24320061015456,105.32582333132382],[21.2431668689056,105.3258343128463],[21.243135772799317,105.32585214583463],[21.243108516839595,105.32587614497417],[21.243086148455287,105.32590538799043],[21.243069527248483,105.32593875109171],[21.2430592919608,105.32597495215565],[21.243055835927255,105.3260126],[21.2430592919608,105.32605024784435],[21.243069527248483,105.32608644890828],[21.243086148455287,105.32611981200955],[21.243108516839595,105.32614905502581],[21.243135772799317,105.32617305416537],[21.2431668689056,105.3261908871537],[21.24320061015456,105.32620186867616],[21.243235699890246,105.32620557671468]]}]}]}