{"id":340,"ref":"Trạm thu phí","highways":[{"ways":[{"nodes":[[103.5205865,23.3730259]],"buffer_geometry":[[23.373025899877987,103.52078244284988],[23.373060989622505,103.52077867791381],[23.37309473089657,103.52076752768252],[23.373125827040454,103.52074942064822],[23.373153083044524,103.52072505265077],[23.37317545147317,103.52069536013755],[23.373192072717575,103.52066148417632],[23.37320230803038,103.52062472660454],[23.373205764072743,103.5205865],[23.37320230803038,103.52054827339545],[23.373192072717575,103.52051151582367],[23.37317545147317,103.52047763986242],[23.373153083044524,103.5204479473492],[23.373125827040454,103.52042357935177],[23.37309473089657,103.52040547231745],[23.373060989622505,103.52039432208616],[23.373025899877987,103.52039055715011],[23.372990810142763,103.5203943221879],[23.37295706889514,103.52040547250543],[23.37292597279084,103.52042357959736],[23.37289871683346,103.52044794761503],[23.372876348451506,103.52047764010801],[23.372859727246684,103.52051151601164],[23.372849491960334,103.52054827349717],[23.372846035927253,103.5205865],[23.372849491960334,103.5206247265028],[23.372859727246684,103.52066148398835],[23.372876348451506,103.52069535989196],[23.37289871683346,103.52072505238495],[23.37292597279084,103.52074942040261],[23.37295706889514,103.52076752749456],[23.372990810142763,103.52077867781209],[23.373025899877987,103.52078244284988]]}]}]}