{"id":208,"ref":"Trạm thu phí","highways":[{"ways":[{"nodes":[[103.3569892,23.5734975]],"buffer_geometry":[[23.573497499876815,103.35718544079589],[23.573532589621376,103.35718167013546],[23.57356633089557,103.3571705029498],[23.57359742703964,103.35715236838266],[23.57362468304394,103.35712796333192],[23.573647051472808,103.35709822566888],[23.5736636727174,103.35706429819638],[23.573673908030337,103.3570274847315],[23.573677364072744,103.3569892],[23.573673908030337,103.35695091526851],[23.5736636727174,103.35691410180364],[23.573647051472808,103.35688017433114],[23.57362468304394,103.3568504366681],[23.57359742703964,103.35682603161736],[23.57356633089557,103.35680789705022],[23.573532589621376,103.35679672986456],[23.573497499876815,103.35679295920411],[23.573462410141634,103.35679672996743],[23.573428668894138,103.35680789724029],[23.573397572790032,103.3568260318657],[23.57337031683288,103.35685043693688],[23.573347948451143,103.35688017457947],[23.573331327246514,103.35691410199371],[23.573321091960295,103.35695091537139],[23.573317635927253,103.3569892],[23.573321091960295,103.35702748462863],[23.573331327246514,103.3570642980063],[23.573347948451143,103.35709822542054],[23.57337031683288,103.35712796306312],[23.573397572790032,103.35715236813431],[23.573428668894138,103.35717050275973],[23.573462410141634,103.35718167003259],[23.573497499876815,103.35718544079589]]}]}]}