{"id":525,"ref":"Trạm thu phí","highways":[{"ways":[{"nodes":[[109.125348,13.87137]],"buffer_geometry":[[13.871369999930284,109.12553326712931],[13.871405089672809,109.12552970730086],[13.87143883094121,109.1255191645596],[13.871469927076609,109.12550204405453],[13.871497183070673,109.12547900371528],[13.871519551489314,109.12545092896855],[13.871536172725232,109.12541889871173],[13.871546408032371,109.1253841438514],[13.871549864072746,109.125348],[13.871546408032371,109.1253118561486],[13.871536172725232,109.12527710128828],[13.871519551489314,109.12524507103146],[13.871497183070673,109.12521699628473],[13.871469927076609,109.12519395594549],[13.87143883094121,109.12517683544041],[13.871405089672809,109.12516629269916],[13.871369999930284,109.12516273287069],[13.871334910193069,109.12516629275412],[13.871301168939777,109.12517683554196],[13.871270072826997,109.12519395607818],[13.871242816859615,109.12521699642835],[13.87122044846765,109.12524507116416],[13.87120382725435,109.12527710138984],[13.871193591962328,109.12531185620358],[13.871190135927256,109.125348],[13.871193591962328,109.12538414379644],[13.87120382725435,109.12541889861018],[13.87122044846765,109.12545092883586],[13.871242816859615,109.12547900357167],[13.871270072826997,109.12550204392184],[13.871301168939777,109.12551916445804],[13.871334910193069,109.1255297072459],[13.871369999930284,109.12553326712931]]}]}]}