{"id":54,"ref":"Trạm thu phí","highways":[{"ways":[{"nodes":[[108.4577136,11.8596767]],"buffer_geometry":[[11.859676699940714,108.45789738721975],[11.85971178968284,108.45789385582304],[11.859745530950113,108.4578833972935],[11.85977662708382,108.45786641354432],[11.859803883075886,108.45784355724996],[11.859826251492533,108.45781570676448],[11.85984287272676,108.45778393236692],[11.859853108032766,108.45774945513108],[11.859856564072743,108.4577136],[11.859853108032766,108.45767774486895],[11.85984287272676,108.4576432676331],[11.859826251492533,108.45761149323555],[11.859803883075886,108.45758364275005],[11.85977662708382,108.4575607864557],[11.859745530950113,108.45754380270652],[11.85971178968284,108.45753334417698],[11.859676699940714,108.45752981278028],[11.8596416102031,108.45753334422335],[11.859607868948679,108.45754380279219],[11.859576772834206,108.45756078656764],[11.859549516864828,108.45758364287123],[11.859527148470868,108.45761149334749],[11.859510527255875,108.45764326771878],[11.859500291962723,108.45767774491532],[11.859496835927255,108.4577136],[11.859500291962723,108.45774945508471],[11.859510527255875,108.45778393228125],[11.859527148470868,108.45781570665254],[11.859549516864828,108.4578435571288],[11.859576772834206,108.45786641343238],[11.859607868948679,108.45788339720784],[11.8596416102031,108.45789385577667],[11.859676699940714,108.45789738721975]]}]}]}