{"id":211,"ref":"Trạm thu phí","highways":[{"ways":[{"nodes":[[107.1500815,16.7852783]],"buffer_geometry":[[16.785278299914843,107.15026936844643],[16.785313389657958,107.15026575864094],[16.78534713092803,107.15025506787536],[16.785378227065934,107.15023770698649],[16.785405483062952,107.15021434314139],[16.785427851484545,107.15018587419874],[16.78544447272297,107.1501533942048],[16.785454708031782,107.15011815134976],[16.785458164072743,107.1500815],[16.785454708031782,107.15004484865025],[16.78544447272297,107.1500096057952],[16.785427851484545,107.14997712580127],[16.785405483062952,107.14994865685863],[16.785378227065934,107.14992529301352],[16.78534713092803,107.14990793212465],[16.785313389657958,107.14989724135907],[16.785278299914843,107.14989363155358],[16.785243210178216,107.14989724142714],[16.785209468926595,107.14990793225044],[16.78517837281632,107.14992529317787],[16.785151116851893,107.14994865703652],[16.78512874846288,107.14997712596562],[16.785112127252084,107.15000960592099],[16.78510189196174,107.15004484871832],[16.785098435927257,107.1500815],[16.78510189196174,107.15011815128167],[16.785112127252084,107.15015339407903],[16.78512874846288,107.15018587403439],[16.785151116851893,107.1502143429635],[16.78517837281632,107.15023770682214],[16.785209468926595,107.15025506774957],[16.785243210178216,107.15026575857287],[16.785278299914843,107.15026936844643]]}]}]}