{"id":133,"ref":"Trạm thu phí","highways":[{"ways":[{"nodes":[[108.8929584,22.8757589]],"buffer_geometry":[[22.875758899880886,108.89315361797499],[22.875793989625294,108.89314986696581],[22.875827730899047,108.8931387579829],[22.87585882704246,108.89312071793341],[22.875886083045973,108.89309644008321],[22.875908451474064,108.89306685741529],[22.875925072717997,108.89303310677614],[22.875935308030492,108.89299648518708],[22.875938764072746,108.8929584],[22.875935308030492,108.89292031481293],[22.875925072717997,108.89288369322387],[22.875908451474064,108.8928499425847],[22.875886083045973,108.8928203599168],[22.87585882704246,108.89279608206658],[22.875827730899047,108.89277804201711],[22.875793989625294,108.8927669330342],[22.875758899880886,108.89276318202502],[22.87572381014555,108.89276693313313],[22.875690068897608,108.89277804219995],[22.87565897279284,108.89279608230547],[22.875631716834913,108.89282036017536],[22.875609348452404,108.89284994282359],[22.875592727247113,108.89288369340669],[22.87558249196045,108.89292031491188],[22.875579035927256,108.8929584],[22.87558249196045,108.89299648508813],[22.875592727247113,108.89303310659332],[22.875609348452404,108.89306685717641],[22.875631716834913,108.89309643982465],[22.87565897279284,108.89312071769454],[22.875690068897608,108.89313875780006],[22.87572381014555,108.89314986686688],[22.875758899880886,108.89315361797499]]}]}]}