{"id":390,"ref":"Trạm thu phí","highways":[{"ways":[{"nodes":[[106.9619405,10.7650961]],"buffer_geometry":[[10.765096099946323,106.96212358616611],[10.765131189688237,106.96212006823767],[10.765164930954901,106.96210964960018],[10.765196027087697,106.96209273063404],[10.76522328307869,106.96206996152424],[10.765245651494263,106.96204221727444],[10.76526227272758,106.9620105640811],[10.76527250803298,106.96197621836002],[10.765275964072744,106.9619405],[10.76527250803298,106.96190478163999],[10.76526227272758,106.9618704359189],[10.765245651494263,106.96183878272555],[10.76522328307869,106.96181103847577],[10.765196027087697,106.96178826936597],[10.765164930954901,106.96177135039981],[10.765131189688237,106.96176093176234],[10.765096099946323,106.9617574138339],[10.765061010208496,106.96176093180415],[10.765027268953466,106.96177135047708],[10.764996172838083,106.96178826946694],[10.764968916867632,106.96181103858505],[10.764946548472597,106.96183878282652],[10.764929927256695,106.96187043599618],[10.764919691962936,106.96190478168181],[10.764916235927254,106.9619405],[10.764919691962936,106.9619762183182],[10.764929927256695,106.96201056400383],[10.764946548472597,106.96204221717349],[10.764968916867632,106.96206996141495],[10.764996172838083,106.96209273053307],[10.765027268953466,106.96210964952292],[10.765061010208496,106.96212006819584],[10.765096099946323,106.96212358616611]]}]}]}