{"id":261,"ref":"Trạm thu phí","highways":[{"ways":[{"nodes":[[107.2470922,22.5472668]],"buffer_geometry":[[22.547266799882784,107.24728695008378],[22.54730188962712,107.2472832080641],[22.54733563090067,107.2472721257061],[22.547366727043773,107.24725412889391],[22.547393983046927,107.2472299092318],[22.547416351474652,107.24720039746668],[22.54743297271828,107.24716672772026],[22.54744320803056,107.24713019390512],[22.547446664072744,107.2470922],[22.54744320803056,107.24705420609487],[22.54743297271828,107.24701767227972],[22.547416351474652,107.2469840025333],[22.547393983046927,107.24695449076819],[22.547366727043773,107.24693027110607],[22.54733563090067,107.24691227429389],[22.54730188962712,107.24690119193589],[22.547266799882784,107.2468974499162],[22.547231710147383,107.24690119203302],[22.547197968899237,107.24691227447336],[22.547166872794158,107.24693027134059],[22.547139616835864,107.24695449102202],[22.547117248452988,107.24698400276782],[22.547100627247392,107.24701767245921],[22.54709039196052,107.247054206192],[22.547086935927258,107.2470922],[22.54709039196052,107.24713019380799],[22.547100627247392,107.24716672754077],[22.547117248452988,107.24720039723218],[22.547139616835864,107.24722990897797],[22.547166872794158,107.2472541286594],[22.547197968899237,107.24727212552664],[22.547231710147383,107.24728320796697],[22.547266799882784,107.24728695008378]]}]}]}