{"id":366,"ref":"Trạm thu phí","highways":[{"ways":[{"nodes":[[107.4259579,22.3990663]],"buffer_geometry":[[22.399066299883643,107.42615244181633],[22.399101389627948,107.42614870379805],[22.3991351309014,107.42613763329132],[22.399166227044365,107.42611965572488],[22.399193483047352,107.4260954619634],[22.399215851474917,107.4260659817585],[22.399232472718403,107.42603234801899],[22.399242708030595,107.42599585327375],[22.399246164072743,107.4259579],[22.399242708030595,107.42591994672624],[22.399232472718403,107.425883451981],[22.399215851474917,107.42584981824149],[22.399193483047352,107.42582033803659],[22.399166227044365,107.42579614427511],[22.3991351309014,107.42577816670867],[22.399101389627948,107.42576709620195],[22.399066299883643,107.42576335818366],[22.399031210148205,107.42576709629827],[22.398997468899967,107.42577816688664],[22.39896637279475,107.42579614450766],[22.398939116836292,107.42582033828829],[22.398916748453257,107.42584981847402],[22.398900127247515,107.42588345215897],[22.398889891960554,107.42591994682256],[22.398886435927256,107.4259579],[22.398889891960554,107.42599585317743],[22.398900127247515,107.42603234784103],[22.398916748453257,107.42606598152597],[22.398939116836292,107.4260954617117],[22.39896637279475,107.42611965549233],[22.398997468899967,107.42613763311334],[22.399031210148205,107.42614870370173],[22.399066299883643,107.42615244181633]]}]}]}