{"id":484,"ref":"Trạm thu phí","highways":[{"ways":[{"nodes":[[106.0922144,21.0801258]],"buffer_geometry":[[21.080125799891178,106.09240716416882],[21.080160889635195,106.09240346030401],[21.080194630907833,106.09239249095265],[21.080225727049573,106.09237467765648],[21.080252983051118,106.09235070496757],[21.080275351477244,106.09232149414196],[21.080291972719507,106.09228816773624],[21.080302208030883,106.09225200646841],[21.080305664072743,106.0922144],[21.080302208030883,106.0921767935316],[21.080291972719507,106.09214063226378],[21.080275351477244,106.09210730585806],[21.080252983051118,106.09207809503245],[21.080225727049573,106.09205412234354],[21.080194630907833,106.09203630904737],[21.080160889635195,106.09202533969601],[21.080125799891178,106.09202163583119],[21.08009071015545,106.09202533978528],[21.080056968906398,106.0920363092123],[21.08002587279996,106.09205412255905],[21.07999861684006,106.0920780952657],[21.07997624845558,106.09210730607357],[21.079959627248623,106.09214063242872],[21.07994939196084,106.09217679362088],[21.079945935927256,106.0922144],[21.07994939196084,106.09225200637914],[21.079959627248623,106.0922881675713],[21.07997624845558,106.09232149392645],[21.07999861684006,106.09235070473432],[21.08002587279996,106.09237467744097],[21.080056968906398,106.09239249078772],[21.08009071015545,106.09240346021474],[21.080125799891178,106.09240716416882]]}]}]}