{"id":320,"ref":"Trạm thu phí","highways":[{"ways":[{"nodes":[[109.5576382,22.4030141]],"buffer_geometry":[[22.40301409988362,109.55783274734156],[22.403049189627925,109.55782900921713],[22.403082930901384,109.55781793839598],[22.403114027044346,109.55779996031897],[22.403141283047336,109.55777576587036],[22.403163651474912,109.55774628482818],[22.403180272718398,109.55771265013344],[22.403190508030594,109.55767615435168],[22.40319396407274,109.5576382],[22.403190508030594,109.55760024564832],[22.403180272718398,109.55756374986655],[22.403163651474912,109.55753011517182],[22.403141283047336,109.55750063412964],[22.403114027044346,109.55747643968103],[22.403082930901384,109.557458461604],[22.403049189627925,109.55744739078287],[22.40301409988362,109.55744365265843],[22.40297901014818,109.55744739087922],[22.402945268899945,109.55745846178203],[22.402914172794734,109.55747643991363],[22.40288691683628,109.5575006343814],[22.402864548453245,109.5575301154044],[22.402847927247514,109.55756375004458],[22.402837691960553,109.55760024574467],[22.402834235927255,109.5576382],[22.402837691960553,109.55767615425533],[22.402847927247514,109.55771264995542],[22.402864548453245,109.5577462845956],[22.40288691683628,109.5577757656186],[22.402914172794734,109.55779996008637],[22.402945268899945,109.55781793821797],[22.40297901014818,109.55782900912078],[22.40301409988362,109.55783274734156]]}]}]}