{"id":791,"ref":"Trạm thu phí","highways":[{"ways":[{"nodes":[[109.9602399,23.3128832]],"buffer_geometry":[[23.31288319987834,109.96043575410779],[23.312918289622846,109.96043199087673],[23.312952030896874,109.96042084569523],[23.312983127040695,109.96040274686146],[23.3130103830447,109.96037838990023],[23.313032751473283,109.96034871083471],[23.313049372717625,109.9603148502159],[23.313059608030393,109.96027810929165],[23.313063064072743,109.9602399],[23.313059608030393,109.96020169070835],[23.313049372717625,109.96016494978412],[23.313032751473283,109.9601310891653],[23.3130103830447,109.96010141009978],[23.312983127040695,109.96007705313853],[23.312952030896874,109.96005895430477],[23.312918289622846,109.96004780912328],[23.31288319987834,109.96004404589222],[23.3128481101431,109.96004780922468],[23.31281436889544,109.96005895449213],[23.312783272791084,109.96007705338333],[23.31275601683364,109.96010141036473],[23.312733648451616,109.96013108941008],[23.31271702724674,109.96016494997146],[23.31270679196035,109.96020169080974],[23.312703335927253,109.9602399],[23.31270679196035,109.96027810919026],[23.31271702724674,109.96031485002854],[23.312733648451616,109.96034871058991],[23.31275601683364,109.96037838963528],[23.312783272791084,109.96040274661668],[23.31281436889544,109.96042084550788],[23.3128481101431,109.96043199077533],[23.31288319987834,109.96043575410779]]}]}]}