{"id":395,"ref":"Trạm thu phí","highways":[{"ways":[{"nodes":[[107.3535672,21.0973857]],"buffer_geometry":[[21.097385699891074,107.35375998656387],[21.097420789635095,107.35375628226878],[21.097454530907747,107.35374531164305],[21.0974856270495,107.35372749627737],[21.097512883051067,107.35370352080339],[21.097535251477208,107.35367430658407],[21.09755187271949,107.35364097630654],[21.097562108030875,107.35360481083751],[21.09756556407274,107.3535672],[21.097562108030875,107.3535295891625],[21.09755187271949,107.35349342369348],[21.097535251477208,107.35346009341593],[21.097512883051067,107.35343087919662],[21.0974856270495,107.35340690372264],[21.097454530907747,107.35338908835696],[21.097420789635095,107.35337811773124],[21.097385699891074,107.35337441343614],[21.097350610155353,107.35337811782058],[21.097316868906308,107.35338908852206],[21.09728577279989,107.35340690393835],[21.097258516840004,107.35343087943012],[21.097236148455544,107.35346009363165],[21.0972195272486,107.3534934238586],[21.097209291960834,107.35352958925186],[21.097205835927255,107.3535672],[21.097209291960834,107.35360481074815],[21.0972195272486,107.35364097614142],[21.097236148455544,107.35367430636836],[21.097258516840004,107.35370352056988],[21.09728577279989,107.35372749606165],[21.097316868906308,107.35374531147794],[21.097350610155353,107.35375628217943],[21.097385699891074,107.35375998656387]]}]}]}