{"id":286,"ref":"Trạm thu phí","highways":[{"ways":[{"nodes":[[106.6367836,23.2883898]],"buffer_geometry":[[23.288389799878484,106.636979418052],[23.288424889622984,106.63697565551367],[23.288458630896997,106.63696451238388],[23.288489727040798,106.636946416882],[23.288516983044772,106.63692206440474],[23.28853935147333,106.63689239080301],[23.28855597271765,106.6368585364178],[23.288566208030403,106.63682180225744],[23.288569664072742,106.6367836],[23.288566208030403,106.63674539774254],[23.28855597271765,106.6367086635822],[23.28853935147333,106.63667480919699],[23.288516983044772,106.63664513559524],[23.288489727040798,106.63662078311799],[23.288458630896997,106.6366026876161],[23.288424889622984,106.63659154448634],[23.288389799878484,106.63658778194801],[23.288354710143242,106.63659154458759],[23.28832096889556,106.6366026878032],[23.288289872791186,106.63662078336245],[23.288262616833713,106.63664513585985],[23.28824024845166,106.63667480944144],[23.28822362724676,106.63670866376928],[23.288213391960358,106.63674539784381],[23.288209935927256,106.6367836],[23.288213391960358,106.63682180215619],[23.28822362724676,106.6368585362307],[23.28824024845166,106.63689239055854],[23.288262616833713,106.63692206414015],[23.288289872791186,106.63694641663756],[23.28832096889556,106.6369645121968],[23.288354710143242,106.6369756554124],[23.288389799878484,106.636979418052]]}]}]}