{"id":191,"ref":"Trạm thu phí","highways":[{"ways":[{"nodes":[[109.3736409,22.8839692]],"buffer_geometry":[[22.883969199880838,109.37383612978049],[22.88400428962525,109.37383237854449],[22.884038030899003,109.37382126888978],[22.884069127042427,109.37380322774938],[22.88409638304595,109.37377894843102],[22.884118751474052,109.37374936397413],[22.884135372717996,109.37371561129396],[22.884145608030487,109.37367898749024],[22.884149064072748,109.3736409],[22.884145608030487,109.37360281250976],[22.884135372717996,109.37356618870605],[22.884118751474052,109.37353243602587],[22.88409638304595,109.37350285156899],[22.884069127042427,109.37347857225062],[22.884038030899003,109.37346053111021],[22.88400428962525,109.3734494214555],[22.883969199880838,109.37344567021951],[22.8839341101455,109.3734494215545],[22.883900368897574,109.37346053129313],[22.883869272792815,109.3734785724896],[22.883842016834887,109.37350285182767],[22.883819648452388,109.37353243626485],[22.883803027247104,109.37356618888896],[22.883792791960442,109.37360281260875],[22.883789335927258,109.3736409],[22.883792791960442,109.37367898739124],[22.883803027247104,109.37371561111104],[22.883819648452388,109.37374936373514],[22.883842016834887,109.37377894817233],[22.883869272792815,109.3738032275104],[22.883900368897574,109.37382126870688],[22.8839341101455,109.3738323784455],[22.883969199880838,109.37383612978049]]}]}]}