{"id":890,"ref":"Trạm thu phí","highways":[{"ways":[{"nodes":[[105.4736114,19.892283]],"buffer_geometry":[[19.892282999897844,105.47380267680141],[19.892318089641606,105.47379900151289],[19.892351830913523,105.47378811679869],[19.892382927054182,105.47377044094829],[19.892410183054448,105.473746653232],[19.8924325514793,105.4737176677975],[19.892449172720482,105.4736845985397],[19.892459408031133,105.47364871629435],[19.892462864072744,105.4736114],[19.892459408031133,105.47357408370564],[19.892449172720482,105.47353820146029],[19.8924325514793,105.4735051322025],[19.892410183054448,105.47347614676801],[19.892382927054182,105.47345235905172],[19.892351830913523,105.4734346832013],[19.892318089641606,105.4734237984871],[19.892282999897844,105.47342012319858],[19.89224791016186,105.47342379857027],[19.892214168912083,105.47343468335494],[19.89218307280457,105.47345235925245],[19.892155816843392,105.47347614698528],[19.89213344845764,105.47350513240323],[19.892116827249595,105.47353820161392],[19.89210659196109,105.47357408378879],[19.892103135927254,105.4736114],[19.89210659196109,105.47364871621122],[19.892116827249595,105.47368459838607],[19.89213344845764,105.47371766759677],[19.892155816843392,105.47374665301473],[19.89218307280457,105.47377044074756],[19.892214168912083,105.47378811664505],[19.89224791016186,105.47379900142974],[19.892282999897844,105.47380267680141]]}]}]}