{"id":43,"ref":"Trạm thu phí","highways":[{"ways":[{"nodes":[[105.7995394,21.2143894]],"buffer_geometry":[[21.21438939989042,105.79973233897759],[21.214424489634464,105.79972863175422],[21.214458230907184,105.79971765245554],[21.214489327049044,105.7996998230055],[21.214516583050738,105.79967582857695],[21.21453895147701,105.79964659126135],[21.214555572719394,105.7996132346333],[21.214565808030855,105.79957704057226],[21.214569264072743,105.7995394],[21.214565808030855,105.79950175942774],[21.214555572719394,105.79946556536669],[21.21453895147701,105.79943220873865],[21.214516583050738,105.79940297142304],[21.214489327049044,105.7993789769945],[21.214458230907184,105.79936114754446],[21.214424489634464,105.79935016824577],[21.21438939989042,105.7993464610224],[21.214354310154718,105.79935016833574],[21.214320568905748,105.7993611477107],[21.214289472799436,105.7993789772117],[21.21426221683968,105.79940297165813],[21.214239848455346,105.79943220895585],[21.21422322724851,105.79946556553293],[21.214212991960814,105.79950175951771],[21.214209535927257,105.7995394],[21.214212991960814,105.79957704048228],[21.21422322724851,105.79961323446706],[21.214239848455346,105.79964659104414],[21.21426221683968,105.79967582834186],[21.214289472799436,105.79969982278828],[21.214320568905748,105.79971765228929],[21.214354310154718,105.79972863166425],[21.21438939989042,105.79973233897759]]}]}]}