{"id":519,"ref":"Trạm thu phí","highways":[{"ways":[{"nodes":[[102.8608489,23.2168364]],"buffer_geometry":[[23.216836399878897,102.86104461300175],[23.21687148962338,102.86104085248174],[23.21690523089735,102.86102971532975],[23.216936327041083,102.86101162953544],[23.216963583044976,102.86098729012248],[23.21698595147345,102.86095763243974],[23.217002572717707,102.86092379621644],[23.217012808030415,102.86088708176297],[23.21701626407274,102.86084890000001],[23.217012808030415,102.86081071823705],[23.217002572717707,102.86077400378356],[23.21698595147345,102.86074016756027],[23.216963583044976,102.86071050987753],[23.216936327041083,102.86068617046456],[23.21690523089735,102.86066808467025],[23.21687148962338,102.86065694751827],[23.216836399878897,102.86065318699825],[23.21680131014364,102.86065694761913],[23.216767568895918,102.86066808485661],[23.21673647279147,102.86068617070806],[23.216709216833916,102.86071051014108],[23.216686848451786,102.86074016780375],[23.21667022724682,102.86077400396991],[23.21665999196037,102.86081071833789],[23.216656535927253,102.86084890000001],[23.21665999196037,102.86088708166211],[23.21667022724682,102.8609237960301],[23.216686848451786,102.86095763219625],[23.216709216833916,102.86098728985893],[23.21673647279147,102.86101162929195],[23.216767568895918,102.86102971514339],[23.21680131014364,102.86104085238087],[23.216836399878897,102.86104461300175]]}]}]}