{"id":414,"ref":"Trạm thu phí","highways":[{"ways":[{"nodes":[[107.1647489,21.048602]],"buffer_geometry":[[21.048601999891353,107.16494162332465],[21.04863708963536,107.16493792024455],[21.048670830907984,107.16492695321739],[21.04870192704969,107.16490914369558],[21.048729183051204,107.16488517608617],[21.0487515514773,107.16485597144994],[21.04876817271953,107.16482265210568],[21.048778408030888,107.16478649850002],[21.048781864072748,107.1647489],[21.048778408030888,107.16471130149998],[21.04876817271953,107.16467514789431],[21.0487515514773,107.16464182855007],[21.048729183051204,107.16461262391384],[21.04870192704969,107.16458865630443],[21.048670830907984,107.16457084678261],[21.04863708963536,107.16455987975544],[21.048601999891353,107.16455617667536],[21.048566910155618,107.16455987984455],[21.048533168906545,107.16457084694724],[21.048502072800083,107.16458865651953],[21.048474816840145,107.16461262414666],[21.04845244845563,107.16464182876517],[21.048435827248646,107.16467514805895],[21.04842559196084,107.1647113015891],[21.048422135927254,107.1647489],[21.04842559196084,107.16478649841092],[21.048435827248646,107.16482265194107],[21.04845244845563,107.16485597123484],[21.048474816840145,107.16488517585334],[21.048502072800083,107.16490914348049],[21.048533168906545,107.16492695305277],[21.048566910155618,107.16493792015545],[21.048601999891353,107.16494162332465]]}]}]}