{"id":1029,"ref":"Trạm thu phí","highways":[{"ways":[{"nodes":[[106.2021085,20.8509688]],"buffer_geometry":[[20.85096879989247,106.2023009689792],[20.851003889636438,106.20229727078576],[20.851037630908934,106.20228631823188],[20.851068727050464,106.20226853221382],[20.85109598305176,106.20224459623542],[20.85111835147764,106.20221543014193],[20.85113497271969,106.20218215477094],[20.851145208030932,106.20214604887917],[20.851148664072742,106.2021085],[20.851145208030932,106.20207095112083],[20.85113497271969,106.20203484522906],[20.85111835147764,106.20200156985807],[20.85109598305176,106.20197240376459],[20.851068727050464,106.20194846778618],[20.851037630908934,106.20193068176812],[20.851003889636438,106.20191972921424],[20.85096879989247,106.2019160310208],[20.850933710156692,106.2019197293023],[20.8508999689075,106.20193068193085],[20.850868872800852,106.20194846799879],[20.850841616840704,106.2019724039947],[20.850819248455977,106.20200157007068],[20.850802627248807,106.20203484539178],[20.850792391960884,106.20207095120891],[20.850788935927252,106.2021085],[20.850792391960884,106.20214604879109],[20.850802627248807,106.20218215460822],[20.850819248455977,106.20221542992932],[20.850841616840704,106.2022445960053],[20.850868872800852,106.20226853200121],[20.8508999689075,106.20228631806916],[20.850933710156692,106.2022972706977],[20.85096879989247,106.2023009689792]]}]}]}