{"id":903,"ref":"Trạm thu phí","highways":[{"ways":[{"nodes":[[109.068917,12.5071227]],"buffer_geometry":[[12.507122699937376,109.06910123616403],[12.507157789679631,109.06909769614234],[12.507191530947264,109.06908721206645],[12.50722262708151,109.06907018683114],[12.507249883074216,109.06904727470507],[12.507272251491504,109.06901935618785],[12.507288872726273,109.06898750417298],[12.50729910803264,109.06895294271712],[12.507302564072745,109.068917],[12.50729910803264,109.06888105728288],[12.507288872726273,109.06884649582703],[12.507272251491504,109.06881464381216],[12.507249883074216,109.06878672529493],[12.50722262708151,109.06876381316887],[12.507191530947264,109.06874678793356],[12.507157789679631,109.06873630385766],[12.507122699937376,109.06873276383598],[12.50708761019989,109.06873630390676],[12.50705386894583,109.06874678802427],[12.507022772831899,109.06876381328739],[12.506995516863158,109.06878672542324],[12.50697314846984,109.0688146439307],[12.506956527255385,109.06884649591775],[12.506946291962597,109.06888105733198],[12.506942835927255,109.068917],[12.506946291962597,109.06895294266802],[12.506956527255385,109.06898750408226],[12.50697314846984,109.06901935606932],[12.506995516863158,109.06904727457677],[12.507022772831899,109.06907018671261],[12.50705386894583,109.06908721197574],[12.50708761019989,109.06909769609325],[12.507122699937376,109.06910123616403]]}]}]}