{"id":769,"ref":"Trạm thu phí","highways":[{"ways":[{"nodes":[[103.8732483,23.6174474]],"buffer_geometry":[[23.617447399876554,103.8734446065579],[23.61748248962112,103.873440834634],[23.61751623089535,103.87342966370622],[23.61754732703946,103.87341152306207],[23.617574583043805,103.873387109833],[23.617596951472727,103.87335736220459],[23.617613572717364,103.87332342336263],[23.617623808030324,103.87328659756116],[23.61762726407274,103.8732483],[23.617623808030324,103.87321000243885],[23.617613572717364,103.87317317663737],[23.617596951472727,103.87313923779541],[23.617574583043805,103.873109490167],[23.61754732703946,103.87308507693794],[23.61751623089535,103.87306693629378],[23.61748248962112,103.873055765366],[23.617447399876554,103.8730519934421],[23.617412310141383,103.87305576546912],[23.617378568893916,103.87306693648432],[23.61734747278985,103.87308507718689],[23.617320216832745,103.87310949043645],[23.617297848451063,103.87313923804435],[23.617281227246476,103.87317317682789],[23.61727099196028,103.87321000254197],[23.617267535927255,103.8732483],[23.61727099196028,103.87328659745805],[23.617281227246476,103.87332342317211],[23.617297848451063,103.87335736195566],[23.617320216832745,103.87338710956355],[23.61734747278985,103.87341152281311],[23.617378568893916,103.87342966351568],[23.617412310141383,103.87344083453088],[23.617447399876554,103.8734446065579]]}]}]}