{"id":522,"ref":"Trạm thu phí","highways":[{"ways":[{"nodes":[[103.7588829,22.6952705]],"buffer_geometry":[[22.69527049988193,103.75907785982336],[22.695305589626297,103.759074113774],[22.69533933089994,103.75906301948096],[22.69537042704318,103.75904500328699],[22.695397683046494,103.75902075754115],[22.69542005147439,103.75899121399273],[22.695436672718156,103.75895750798487],[22.69544690803053,103.7589209348237],[22.695450364072745,103.7588829],[22.69544690803053,103.75884486517631],[22.695436672718156,103.75880829201513],[22.69542005147439,103.75877458600729],[22.695397683046494,103.75874504245887],[22.69537042704318,103.75872079671304],[22.69533933089994,103.75870278051904],[22.695305589626297,103.75869168622602],[22.69527049988193,103.75868794017666],[22.69523541014656,103.75869168632397],[22.695201668898505,103.75870278070003],[22.695170572793568,103.7587207969495],[22.695143316835434,103.75874504271484],[22.695120948452722,103.75877458624376],[22.695104327247265,103.75880829219612],[22.695094091960488,103.75884486527427],[22.695090635927254,103.7588829],[22.695094091960488,103.75892093472575],[22.695104327247265,103.7589575078039],[22.695120948452722,103.75899121375626],[22.695143316835434,103.75902075728519],[22.695170572793568,103.75904500305052],[22.695201668898505,103.75906301929999],[22.69523541014656,103.75907411367605],[22.69527049988193,103.75907785982336]]}]}]}