{"id":1004,"ref":"Trạm thu phí","highways":[{"ways":[{"nodes":[[106.9906161,20.9243485]],"buffer_geometry":[[20.92434849989205,106.99080866306996],[20.924383589636033,106.99080496306877],[20.924417330908575,106.99079400516077],[20.924448427050176,106.99077621044788],[20.924475683051554,106.99075226276814],[20.92449805147751,106.99072308241641],[20.924514672719635,106.99068979077828],[20.924524908030914,106.99065366723555],[20.924528364072742,106.9906161],[20.924524908030914,106.99057853276446],[20.924514672719635,106.99054240922173],[20.92449805147751,106.9905091175836],[20.924475683051554,106.99047993723187],[20.924448427050176,106.99045598955213],[20.924417330908575,106.99043819483924],[20.924383589636033,106.99042723693123],[20.92434849989205,106.99042353693005],[20.924313410156294,106.99042723701967],[20.924279668907143,106.99043819500268],[20.924248572800565,106.99045598976566],[20.924221316840494,106.99047993746301],[20.92419894845585,106.99050911779712],[20.924182327248744,106.99054240938517],[20.92417209196087,106.9905785328529],[20.924168635927252,106.9906161],[20.92417209196087,106.9906536671471],[20.924182327248744,106.99068979061484],[20.92419894845585,106.99072308220288],[20.924221316840494,106.990752262537],[20.924248572800565,106.99077621023434],[20.924279668907143,106.99079400499733],[20.924313410156294,106.99080496298033],[20.92434849989205,106.99080866306996]]}]}]}