{"id":102,"ref":"Trạm thu phí","highways":[{"ways":[{"nodes":[[106.5191774,20.9647732]],"buffer_geometry":[[20.964773199891827,106.51937001507865],[20.964808289635812,106.51936631407825],[20.964842030908386,106.51935535321073],[20.96487312705002,106.51933755369178],[20.96490038305144,106.5193135995441],[20.964922751477445,106.51928441131115],[20.964939372719602,106.51925111068134],[20.964949608030906,106.51921497738206],[20.964953064072745,106.5191774],[20.964949608030906,106.51913982261796],[20.964939372719602,106.51910368931868],[20.964922751477445,106.51907038868887],[20.96490038305144,106.51904120045592],[20.96487312705002,106.51901724630824],[20.964842030908386,106.5189994467893],[20.964808289635812,106.51898848592177],[20.964773199891827,106.51898478492137],[20.964738110156077,106.51898848601043],[20.964704368906954,106.51899944695312],[20.96467327280041,106.51901724652228],[20.964646016840383,106.5190412006876],[20.96462364845578,106.51907038890292],[20.964607027248718,106.5191036894825],[20.96459679196086,106.51913982270662],[20.964593335927255,106.5191774],[20.96459679196086,106.5192149772934],[20.964607027248718,106.51925111051752],[20.96462364845578,106.5192844110971],[20.964646016840383,106.51931359931243],[20.96467327280041,106.51933755347774],[20.964704368906954,106.51935535304689],[20.964738110156077,106.5193663139896],[20.964773199891827,106.51937001507865]]}]}]}