{"id":452,"ref":"Trạm thu phí","highways":[{"ways":[{"nodes":[[106.9018712,10.9906845]],"buffer_geometry":[[10.990684499945171,106.9020544247456],[10.99071958968713,106.90205090415488],[10.990753330953916,106.90204047763181],[10.9907844270869,106.90202354585979],[10.990811683078116,106.90200075951594],[10.99083405149391,106.90197299426622],[10.990850672727412,106.90194131711405],[10.990860908032936,106.901906945396],[10.990864364072745,106.9018712],[10.990860908032936,106.90183545460401],[10.990850672727412,106.90180108288597],[10.99083405149391,106.9017694057338],[10.990811683078116,106.90174164048406],[10.9907844270869,106.90171885414021],[10.990753330953916,106.9017019223682],[10.99071958968713,106.90169149584514],[10.990684499945171,106.9016879752544],[10.990649410207388,106.90169149588789],[10.990615668952483,106.90170192244719],[10.990584572837287,106.90171885424341],[10.990557316867056,106.90174164059576],[10.990534948472243,106.901769405837],[10.990518327256527,106.90180108296497],[10.990508091962894,106.90183545464676],[10.990504635927255,106.9018712],[10.990508091962894,106.90190694535325],[10.990518327256527,106.90194131703505],[10.990534948472243,106.90197299416302],[10.990557316867056,106.90200075940425],[10.990584572837287,106.90202354575659],[10.990615668952483,106.90204047755282],[10.990649410207388,106.90205090411213],[10.990684499945171,106.9020544247456]]}]}]}