{"id":1034,"ref":"Trạm thu phí","highways":[{"ways":[{"nodes":[[105.9674656,20.4444598]],"buffer_geometry":[[20.44445979989476,105.96765755508844],[20.44449488963864,105.96765386676823],[20.444528630910888,105.9676429434568],[20.44455972705205,105.96762520492673],[20.44458698305291,105.96760133285703],[20.44460935147835,105.96757224463698],[20.44462597272003,105.96753905811153],[20.44463620803102,105.967503048623],[20.44463966407275,105.9674656],[20.44463620803102,105.967428151377],[20.44462597272003,105.96739214188848],[20.44460935147835,105.96735895536301],[20.44458698305291,105.96732986714296],[20.44455972705205,105.96730599507326],[20.444528630910888,105.96728825654321],[20.44449488963864,105.96727733323178],[20.44445979989476,105.96727364491156],[20.444424710158895,105.96727733331774],[20.444390968909456,105.96728825670205],[20.444359872802433,105.9673059952808],[20.44433261684185,105.96732986736758],[20.444310248456684,105.96735895557055],[20.44429362724915,105.96739214204732],[20.444283391960976,105.96742815146297],[20.444279935927256,105.9674656],[20.444283391960976,105.96750304853703],[20.44429362724915,105.96753905795268],[20.444310248456684,105.96757224442945],[20.44433261684185,105.96760133263241],[20.444359872802433,105.9676252047192],[20.444390968909456,105.96764294329796],[20.444424710158895,105.96765386668227],[20.44445979989476,105.96765755508844]]}]}]}