{"id":164,"ref":"Trạm thu phí","highways":[{"ways":[{"nodes":[[105.8890594,14.9348542]],"buffer_geometry":[[14.934854199924697,105.88924555239727],[14.934889289667433,105.88924197556098],[14.934923030936442,105.88923138244488],[14.934954127072748,105.88921418013359],[14.934981383067877,105.88919102970038],[14.935003751487592,105.88916282080272],[14.935020372724416,105.88913063749345],[14.935030608032154,105.88909571656096],[14.935034064072745,105.88905940000001],[14.935030608032154,105.88902308343904],[14.935020372724416,105.88898816250656],[14.935003751487592,105.88895597919728],[14.934981383067877,105.88892777029962],[14.934954127072748,105.88890461986641],[14.934923030936442,105.88888741755513],[14.934889289667433,105.88887682443902],[14.934854199924697,105.88887324760273],[14.934819110187693,105.88887682449868],[14.93478536893501,105.88888741766534],[14.934754272823133,105.88890462001042],[14.93472701685682,105.8889277704555],[14.934704648465924,105.88895597934128],[14.934688027253527,105.88898816261678],[14.934677791962114,105.8890230834987],[14.934674335927255,105.88905940000001],[14.934677791962114,105.8890957165013],[14.934688027253527,105.88913063738322],[14.934704648465924,105.88916282065873],[14.93472701685682,105.88919102954452],[14.934754272823133,105.8892141799896],[14.93478536893501,105.88923138233466],[14.934819110187693,105.88924197550133],[14.934854199924697,105.88924555239727]]}]}]}