{"id":1020,"ref":"Trạm thu phí","highways":[{"ways":[{"nodes":[[105.5820048,18.8217289]],"buffer_geometry":[[18.821728899903775,105.58219482530023],[18.82176398964731,105.58219117405629],[18.821797730918583,105.58218036055744],[18.821828827058283,105.58216280035664],[18.821856083057416,105.58213916828007],[18.821878451481133,105.58211037249426],[18.821895072721354,105.58207751960603],[18.82190530803136,105.58204187213592],[18.821908764072745,105.5820048],[18.82190530803136,105.58196772786408],[18.821895072721354,105.58193208039398],[18.821878451481133,105.58189922750574],[18.821856083057416,105.58187043171995],[18.821828827058283,105.58184679964336],[18.821797730918583,105.58182923944257],[18.82176398964731,105.58181842594372],[18.821728899903775,105.58181477469977],[18.821693810167567,105.58181842602153],[18.821660068917147,105.58182923958634],[18.821628972808668,105.58184679983121],[18.82160171684636,105.58187043192326],[18.82157934845947,105.5818992276936],[18.821562727250466,105.58193208053775],[18.821552491961317,105.5819677279419],[18.82154903592726,105.5820048],[18.821552491961317,105.58204187205811],[18.821562727250466,105.58207751946225],[18.82157934845947,105.58211037230642],[18.82160171684636,105.58213916807674],[18.821628972808668,105.58216280016879],[18.821660068917147,105.58218036041367],[18.821693810167567,105.58219117397847],[18.821728899903775,105.58219482530023]]}]}]}