{"id":882,"ref":"Trạm thu phí","highways":[{"ways":[{"nodes":[[106.1648993,10.4121459]],"buffer_geometry":[[10.412145899948126,106.16508217544964],[10.412180989689972,106.16507866156934],[10.412214730956439,106.16506825492222],[10.412245827088944,106.16505135542793],[10.412273083079592,106.1650286125233],[10.41229545149482,106.1650009002049],[10.412312072727847,106.16496928344206],[10.412322308033051,106.16493497725054],[10.412325764072747,106.1648993],[10.412322308033051,106.16486362274945],[10.412312072727847,106.16482931655794],[10.41229545149482,106.1647976997951],[10.412273083079592,106.1647699874767],[10.412245827088944,106.16474724457207],[10.412214730956439,106.16473034507779],[10.412180989689972,106.16471993843066],[10.412145899948126,106.16471642455036],[10.41211081021023,106.16471993847104],[10.412077068955004,106.16473034515238],[10.41204597283933,106.16474724466951],[10.412018716868534,106.16476998758219],[10.411996348473156,106.16479769989256],[10.411979727256963,106.16482931663253],[10.411969491963006,106.16486362278982],[10.411966035927255,106.1648993],[10.411969491963006,106.16493497721018],[10.411979727256963,106.16496928336747],[10.411996348473156,106.16500090010744],[10.412018716868534,106.16502861241781],[10.41204597283933,106.16505135533049],[10.412077068955004,106.16506825484763],[10.41211081021023,106.16507866152897],[10.412145899948126,106.16508217544964]]}]}]}