{"id":677,"ref":"Trạm thu phí","highways":[{"ways":[{"nodes":[[104.4860837,23.2598783]],"buffer_geometry":[[23.25987829987865,104.48627947614308],[23.259913389623144,104.48627571440993],[23.25994713089714,104.48626457366494],[23.25997822704091,104.48624648203581],[23.260005483044853,104.48622213477044],[23.260027851473374,104.48619246751946],[23.260044472717674,104.4861586203798],[23.260054708030406,104.48612189408135],[23.260058164072742,104.4860837],[23.260054708030406,104.48604550591864],[23.260044472717674,104.48600877962019],[23.260027851473374,104.48597493248053],[23.260005483044853,104.48594526522955],[23.25997822704091,104.48592091796418],[23.25994713089714,104.48590282633505],[23.259913389623144,104.48589168559006],[23.25987829987865,104.48588792385691],[23.2598432101434,104.48589168569116],[23.259809468895707,104.48590282652185],[23.2597783727913,104.48592091820824],[23.259751116833797,104.48594526549371],[23.25972874845171,104.48597493272459],[23.259712127246786,104.48600877980698],[23.259701891960365,104.48604550601975],[23.259698435927255,104.4860837],[23.259701891960365,104.48612189398024],[23.259712127246786,104.48615862019301],[23.25972874845171,104.4861924672754],[23.259751116833797,104.48622213450628],[23.2597783727913,104.48624648179175],[23.259809468895707,104.48626457347814],[23.2598432101434,104.48627571430883],[23.25987829987865,104.48627947614308]]}]}]}