{"id":249,"ref":"Trạm thu phí","highways":[{"ways":[{"nodes":[[103.1436702,12.9514046]],"buffer_geometry":[[12.951404599935074,103.14385475916441],[12.95143968967742,103.14385121293732],[12.951473430945299,103.14384071048164],[12.951504527079923,103.14382365539844],[12.951531783073067,103.14380070310331],[12.951554151490793,103.14377273563953],[12.951570772725937,103.14374082778161],[12.951581008032552,103.14370620573231],[12.951584464072745,103.1436702],[12.951581008032552,103.14363419426769],[12.951570772725937,103.14359957221838],[12.951554151490793,103.14356766436048],[12.951531783073067,103.14353969689668],[12.951504527079923,103.14351674460157],[12.951473430945299,103.14349968951835],[12.95143968967742,103.14348918706268],[12.951404599935074,103.14348564083558],[12.951369510197676,103.14348918711367],[12.951335768943867,103.14349968961258],[12.951304672830307,103.14351674472466],[12.951277416862009,103.14353969702994],[12.951255048469127,103.14356766448357],[12.95123842725505,103.1435995723126],[12.951228191962509,103.14363419431868],[12.951224735927255,103.1436702],[12.951228191962509,103.14370620568133],[12.95123842725505,103.1437408276874],[12.951255048469127,103.14377273551642],[12.951277416862009,103.14380070297005],[12.951304672830307,103.14382365527533],[12.951335768943867,103.14384071038742],[12.951369510197676,103.14385121288633],[12.951404599935074,103.14385475916441]]}]}]}