{"id":84,"ref":"Trạm thu phí","highways":[{"ways":[{"nodes":[[109.031544,14.7315381]],"buffer_geometry":[[14.731538099925766,109.03172997754005],[14.731573189668465,109.03172640406314],[14.731606930937355,109.03171582089703],[14.731638027073487,109.03169863474403],[14.731665283068413,109.03167550605647],[14.73168765148792,109.03164732365619],[14.731704272724572,109.03161517057764],[14.731714508032196,109.03158028244754],[14.731717964072743,109.031544],[14.731714508032196,109.03150771755246],[14.731704272724572,109.03147282942236],[14.73168765148792,109.03144067634382],[14.731665283068413,109.03141249394352],[14.731638027073487,109.03138936525596],[14.731606930937355,109.03137217910296],[14.731573189668465,109.03136159593686],[14.731538099925766,109.03135802245994],[14.731503010188726,109.03136159599559],[14.731469268935923,109.0313721792115],[14.731438172823871,109.03138936539777],[14.731410916857355,109.03141249409703],[14.731388548466253,109.03144067648564],[14.731371927253685,109.0314728295309],[14.731361691962157,109.03150771761119],[14.731358235927253,109.031544],[14.731361691962157,109.0315802823888],[14.731371927253685,109.0316151704691],[14.731388548466253,109.03164732351435],[14.731410916857355,109.03167550590297],[14.731438172823871,109.03169863460222],[14.731469268935923,109.03171582078849],[14.731503010188726,109.0317264040044],[14.731538099925766,109.03172997754005]]}]}]}