{"id":777,"ref":"Trạm thu phí","highways":[{"ways":[{"nodes":[[104.5878051,11.4784835]],"buffer_geometry":[[11.478483499942671,104.58798863486084],[11.478518589684727,104.58798510831234],[11.478552330951784,104.58797466414279],[11.478583427085171,104.58795770371363],[11.478610683076864,104.58793487880318],[11.478633051493135,104.58790706655944],[11.478649672727046,104.58787533579188],[11.478659908032842,104.58784090589748],[11.478663364072744,104.5878051],[11.478659908032842,104.58776929410253],[11.478649672727046,104.58773486420813],[11.478633051493135,104.58770313344056],[11.478610683076864,104.58767532119683],[11.478583427085171,104.58765249628638],[11.478552330951784,104.58763553585722],[11.478518589684727,104.58762509168767],[11.478483499942671,104.58762156513917],[11.478448410204985,104.58762509173245],[11.47841466895035,104.58763553593995],[11.478383572835561,104.58765249639447],[11.478356316865806,104.58767532131382],[11.478333948471473,104.58770313354866],[11.478317327256162,104.58773486429087],[11.478307091962797,104.5877692941473],[11.478303635927256,104.5878051],[11.478307091962797,104.58784090585272],[11.478317327256162,104.58787533570914],[11.478333948471473,104.58790706645135],[11.478356316865806,104.58793487868618],[11.478383572835561,104.58795770360554],[11.47841466895035,104.58797466406006],[11.478448410204985,104.58798510826756],[11.478483499942671,104.58798863486084]]}]}]}