{"id":344,"ref":"Trạm thu phí","highways":[{"ways":[{"nodes":[[104.7537449,16.599516]],"buffer_geometry":[[16.599515999915845,104.75393258588426],[16.599551089658917,104.75392897958623],[16.599584830928883,104.7539182992091],[16.599615927066626,104.75390095519057],[16.599643183063453,104.75387761404932],[16.599665551484858,104.7538491727716],[16.59968217272312,104.7538167243405],[16.59969240803182,104.7537815157332],[16.599695864072746,104.7537449],[16.59969240803182,104.75370828426679],[16.59968217272312,104.75367307565949],[16.599665551484858,104.75364062722839],[16.599643183063453,104.75361218595067],[16.599615927066626,104.75358884480943],[16.599584830928883,104.75357150079088],[16.599551089658917,104.75356082041377],[16.599515999915845,104.75355721411573],[16.599480910179178,104.75356082048097],[16.59944716892745,104.75357150091509],[16.599416072817014,104.7535888449717],[16.599388816852393,104.75361218612632],[16.599366448463194,104.75364062739067],[16.599349827252237,104.7536730757837],[16.599339591961776,104.75370828433401],[16.599336135927256,104.7537449],[16.599339591961776,104.75378151566599],[16.599349827252237,104.7538167242163],[16.599366448463194,104.75384917260932],[16.599388816852393,104.75387761387368],[16.599416072817014,104.7539009550283],[16.59944716892745,104.75391829908492],[16.599480910179178,104.75392897951902],[16.599515999915845,104.75393258588426]]}]}]}