{"id":889,"ref":"Trạm thu phí","highways":[{"ways":[{"nodes":[[109.3463377,13.0506712]],"buffer_geometry":[[13.050671199934559,109.34652233300636],[13.05070628967692,109.34651878536063],[13.050740030944858,109.3465082787031],[13.050771127079564,109.34649121679628],[13.05079838307281,109.346468255318],[13.050820751490633,109.34644027666444],[13.050837372725859,109.3464083560401],[13.050847608032532,109.34637372013839],[13.050851064072743,109.3463377],[13.050847608032532,109.34630167986164],[13.050837372725859,109.34626704395991],[13.050820751490633,109.34623512333557],[13.05079838307281,109.34620714468201],[13.050771127079564,109.34618418320373],[13.050740030944858,109.34616712129692],[13.05070628967692,109.34615661463938],[13.050671199934559,109.34615306699366],[13.05063611019718,109.34615661469081],[13.050602368943425,109.34616712139191],[13.050571272829952,109.34618418332786],[13.050544016861751,109.34620714481636],[13.050521648468969,109.3462351234597],[13.050505027254973,109.34626704405491],[13.05049479196249,109.34630167991305],[13.050491335927255,109.3463377],[13.05049479196249,109.34637372008697],[13.050505027254973,109.34640835594512],[13.050521648468969,109.3464402765403],[13.050544016861751,109.34646825518365],[13.050571272829952,109.34649121667215],[13.050602368943425,109.3465082786081],[13.05063611019718,109.3465187853092],[13.050671199934559,109.34652233300636]]}]}]}