{"id":831,"ref":"Trạm thu phí","highways":[{"ways":[{"nodes":[[102.4339484,18.9457791]],"buffer_geometry":[[18.94577909990309,102.43413856608294],[18.94581418964665,102.4341349121342],[18.945847930918,102.43412409062425],[18.94587902705781,102.43410651741392],[18.945906283057074,102.43408286782926],[18.94592865148092,102.43405405070968],[18.94594527272125,102.4340211734818],[18.945955508031336,102.43398549960158],[18.945958964072744,102.4339484],[18.945955508031336,102.43391130039844],[18.94594527272125,102.43387562651823],[18.94592865148092,102.43384274929033],[18.945906283057074,102.43381393217075],[18.94587902705781,102.43379028258609],[18.945847930918,102.43377270937576],[18.94581418964665,102.43376188786583],[18.94577909990309,102.43375823391708],[18.94574401016691,102.43376188794424],[18.945710268916564,102.43377270952065],[18.945679172808195,102.43379028277542],[18.945651916846018,102.43381393237567],[18.945629548459255,102.43384274947967],[18.945612927250362,102.43387562666312],[18.94560269196129,102.43391130047685],[18.945599235927254,102.4339484],[18.94560269196129,102.43398549952316],[18.945612927250362,102.4340211733369],[18.945629548459255,102.43405405052036],[18.945651916846018,102.43408286762434],[18.945679172808195,102.43410651722459],[18.945710268916564,102.43412409047936],[18.94574401016691,102.43413491205577],[18.94577909990309,102.43413856608294]]}]}]}