{"id":615,"ref":"Trạm thu phí","highways":[{"ways":[{"nodes":[[102.4797832,18.2509512]],"buffer_geometry":[[18.2509511999069,102.47997259162146],[18.250986289650317,102.47996895255208],[18.25102003092125,102.47995817511203],[18.251051127060443,102.47994067346865],[18.251078383058978,102.47991712019787],[18.251100751482095,102.47988842043785],[18.251117372721808,102.47985567710509],[18.25112760803148,102.47982014850993],[18.251131064072744,102.4797832],[18.25112760803148,102.47974625149007],[18.251117372721808,102.47971072289491],[18.251100751482095,102.47967797956215],[18.251078383058978,102.47964927980213],[18.251051127060443,102.47962572653137],[18.25102003092125,102.47960822488798],[18.250986289650317,102.47959744744792],[18.2509511999069,102.47959380837854],[18.25091611017058,102.47959744752295],[18.250882368919818,102.47960822502661],[18.250851272810827,102.47962572671248],[18.250824016847922,102.4796492799982],[18.25080164846043,102.4796779797433],[18.25078502725092,102.47971072303356],[18.250774791961437,102.47974625156509],[18.250771335927254,102.4797832],[18.250774791961437,102.47982014843491],[18.25078502725092,102.47985567696645],[18.25080164846043,102.4798884202567],[18.250824016847922,102.47991712000182],[18.250851272810827,102.47994067328752],[18.250882368919818,102.47995817497339],[18.25091611017058,102.47996895247707],[18.2509511999069,102.47997259162146]]}]}]}