{"id":743,"ref":"Trạm thu phí","highways":[{"ways":[{"nodes":[[103.3217543,23.016805]],"buffer_geometry":[[23.016804999880065,103.32194972154025],[23.01684008962451,103.32194596662],[23.01687383089835,103.32193484605338],[23.016904927041896,103.32191678719269],[23.016932183045565,103.3218924840266],[23.016954551473816,103.32186287051103],[23.01697117271788,103.32182908467792],[23.01698140803046,103.32179242490108],[23.016984864072747,103.3217543],[23.01698140803046,103.32171617509891],[23.01697117271788,103.32167951532206],[23.016954551473816,103.32164572948896],[23.016932183045565,103.32161611597338],[23.016904927041896,103.3215918128073],[23.01687383089835,103.32157375394661],[23.01684008962451,103.32156263337997],[23.016804999880065,103.32155887845974],[23.016769910144763,103.3215626334797],[23.016736168896916,103.32157375413088],[23.016705072792277,103.32159181304807],[23.016677816834505,103.321616116234],[23.016655448452152,103.32164572972972],[23.016638827246997,103.32167951550636],[23.01662859196042,103.32171617519865],[23.016625135927256,103.3217543],[23.01662859196042,103.32179242480134],[23.016638827246997,103.32182908449363],[23.016655448452152,103.32186287027027],[23.016677816834505,103.32189248376599],[23.016705072792277,103.32191678695192],[23.016736168896916,103.32193484586911],[23.016769910144763,103.32194596652027],[23.016804999880065,103.32194972154025]]}]}]}