{"id":91,"ref":"Trạm thu phí","highways":[{"ways":[{"nodes":[[102.5405808,18.4322054]],"buffer_geometry":[[18.43220539990591,102.54077039035396],[18.432240489649363,102.54076674746642],[18.432274230920406,102.54075595871771],[18.432305327059755,102.54073843870974],[18.432332583058482,102.54071486072411],[18.43235495148179,102.54068613084875],[18.432371572721664,102.54065335315752],[18.432381808031444,102.54061778728116],[18.432385264072742,102.5405808],[18.432381808031444,102.54054381271885],[18.432371572721664,102.54050824684249],[18.43235495148179,102.54047546915126],[18.432332583058482,102.54044673927591],[18.432305327059755,102.54042316129028],[18.432274230920406,102.5404056412823],[18.432240489649363,102.5403948525336],[18.43220539990591,102.54039120964606],[18.432170310169624,102.5403948526095],[18.43213656891897,102.54040564142255],[18.432105472810143,102.54042316147354],[18.432078216847426,102.54044673947426],[18.432055848460124,102.54047546933451],[18.432039227250776,102.54050824698275],[18.4320289919614,102.54054381279477],[18.432025535927256,102.5405808],[18.4320289919614,102.54061778720525],[18.432039227250776,102.54065335301726],[18.432055848460124,102.5406861306655],[18.432078216847426,102.54071486052575],[18.432105472810143,102.54073843852647],[18.43213656891897,102.54075595857745],[18.432170310169624,102.5407667473905],[18.43220539990591,102.54077039035396]]}]}]}