{"id":56,"ref":"Trạm thu phí","highways":[{"ways":[{"nodes":[[106.6454934,11.0051758]],"buffer_geometry":[[11.005175799945096,106.64567663375195],[11.005210889687058,106.64567311298818],[11.005244630953854,106.64566268595264],[11.00527572708685,106.64564575334838],[11.005302983078076,106.64562296588448],[11.005325351493884,106.64559519926995],[11.005341972727402,106.64556352056069],[11.005352208032932,106.64552914715308],[11.005355664072743,106.64549340000002],[11.005352208032932,106.64545765284694],[11.005341972727402,106.64542327943936],[11.005325351493884,106.64539160073008],[11.005302983078076,106.64536383411554],[11.00527572708685,106.64534104665165],[11.005244630953854,106.6453241140474],[11.005210889687058,106.64531368701185],[11.005175799945096,106.6453101662481],[11.005140710207316,106.64531368705465],[11.005106968952418,106.64532411412648],[11.005075872837235,106.64534104675501],[11.005048616867017,106.64536383422741],[11.00502624847222,106.64539160083343],[11.005009627256515,106.64542327951844],[11.00499939196289,106.64545765288975],[11.004995935927255,106.64549340000002],[11.00499939196289,106.64552914711028],[11.005009627256515,106.64556352048159],[11.00502624847222,106.64559519916659],[11.005048616867017,106.64562296577262],[11.005075872837235,106.64564575324502],[11.005106968952418,106.64566268587355],[11.005140710207316,106.64567311294537],[11.005175799945096,106.64567663375195]]}]}]}