{"id":696,"ref":"Trạm thu phí","highways":[{"ways":[{"nodes":[[106.6017677,10.825018]],"buffer_geometry":[[10.825017999946017,106.60195082267897],[10.825053089687945,106.60194730404908],[10.825086830954639,106.6019368833339],[10.825117927087485,106.60191996099367],[10.825145183078536,106.60189718734304],[10.82516755149417,106.6018694375602],[10.825184172727536,106.60183777805419],[10.825194408032969,106.60180342548344],[10.825197864072743,106.6017677],[10.825194408032969,106.60173197451655],[10.825184172727536,106.6016976219458],[10.82516755149417,106.6016659624398],[10.825145183078536,106.60163821265695],[10.825117927087485,106.60161543900632],[10.825086830954639,106.60159851666609],[10.825053089687945,106.60158809595092],[10.825017999946017,106.60158457732102],[10.8249829102082,106.60158809599298],[10.824949168953205,106.6015985167438],[10.824918072837873,106.60161543910789],[10.824890816867478,106.60163821276687],[10.824868448472504,106.60166596254135],[10.824851827256651,106.60169762202352],[10.824841591962924,106.60173197455862],[10.824838135927255,106.6017677],[10.824841591962924,106.60180342544137],[10.824851827256651,106.60183777797647],[10.824868448472504,106.60186943745865],[10.824890816867478,106.60189718723312],[10.824918072837873,106.6019199608921],[10.824949168953205,106.60193688325619],[10.8249829102082,106.60194730400701],[10.825017999946017,106.60195082267897]]}]}]}