{"id":315,"ref":"Trạm thu phí","highways":[{"ways":[{"nodes":[[109.2369747,21.7884533]],"buffer_geometry":[[21.78845329988715,109.23716840201928],[21.78848838963132,109.2371646801358],[21.788522130904397,109.23715365741697],[21.78855322704679,109.23713575745516],[21.788580483049106,109.2371116681329],[21.788602851476,109.23708231518827],[21.78861947271892,109.23704882663954],[21.78862970803073,109.23701248943583],[21.788633164072746,109.2369747],[21.78862970803073,109.23693691056418],[21.78861947271892,109.23690057336047],[21.788602851476,109.23686708481173],[21.788580483049106,109.23683773186711],[21.78855322704679,109.23681364254485],[21.788522130904397,109.23679574258304],[21.78848838963132,109.23678471986419],[21.78845329988715,109.23678099798072],[21.788418210151576,109.23678471995721],[21.78838446890296,109.23679574275492],[21.78835337279718,109.2368136427694],[21.788326116838046,109.23683773211017],[21.78830374845434,109.2368670850363],[21.788287127248033,109.23690057353234],[21.788276891960685,109.2369369106572],[21.78827343592726,109.2369747],[21.788276891960685,109.2370124893428],[21.788287127248033,109.23704882646766],[21.78830374845434,109.23708231496371],[21.788326116838046,109.23711166788983],[21.78835337279718,109.2371357572306],[21.78838446890296,109.23715365724509],[21.788418210151576,109.2371646800428],[21.78845329988715,109.23716840201928]]}]}]}