{"id":694,"ref":"Trạm thu phí","highways":[{"ways":[{"nodes":[[106.8492494,10.9770927]],"buffer_geometry":[[10.97709269994524,106.84943261630977],[10.977127789687197,106.84942909588109],[10.977161530953977,106.84941866983806],[10.97719262708695,106.84940173884559],[10.977219883078149,106.84937895355084],[10.977242251493932,106.84935118957944],[10.977258872727424,106.84931951388573],[10.977269108032937,106.84928514375022],[10.977272564072747,106.8492494],[10.977269108032937,106.84921365624979],[10.977258872727424,106.84917928611428],[10.977242251493932,106.84914761042057],[10.977219883078149,106.84911984644917],[10.97719262708695,106.84909706115444],[10.977161530953977,106.84908013016195],[10.977127789687197,106.84906970411892],[10.97709269994524,106.84906618369024],[10.977057610207453,106.84906970416162],[10.977023868952543,106.84908013024084],[10.976992772837336,106.8490970612575],[10.976965516867091,106.84911984656073],[10.976943148472266,106.84914761052363],[10.976926527256538,106.84917928619316],[10.976916291962896,106.84921365629249],[10.976912835927255,106.8492494],[10.976916291962896,106.84928514370753],[10.976926527256538,106.84931951380685],[10.976943148472266,106.84935118947638],[10.976965516867091,106.84937895343928],[10.976992772837336,106.84940173874251],[10.977023868952543,106.84941866975917],[10.977057610207453,106.8494290958384],[10.97709269994524,106.84943261630977]]}]}]}