{"id":439,"ref":"Trạm thu phí","highways":[{"ways":[{"nodes":[[104.0055341,10.1602861]],"buffer_geometry":[[10.160286099949406,104.00571682961746],[10.160321189691203,104.00571331853877],[10.160354930957533,104.00570292018989],[10.160386027089828,104.00568603417167],[10.160413283080231,104.00566330940303],[10.160435651495218,104.00563561918364],[10.160452272728033,104.00560402763355],[10.160462508033095,104.00556974879959],[10.160465964072745,104.0055341],[10.160462508033095,104.00549845120042],[10.160452272728033,104.00546417236646],[10.160435651495218,104.00543258081636],[10.160413283080231,104.00540489059698],[10.160386027089828,104.00538216582834],[10.160354930957533,104.0053652798101],[10.160321189691203,104.00535488146124],[10.160286099949406,104.00535137038254],[10.16025101021146,104.00535488150058],[10.160217268956098,104.00536527988281],[10.160186172840216,104.00538216592331],[10.160158916869173,104.00540489069978],[10.16013654847355,104.00543258091133],[10.160119927257147,104.00546417243915],[10.160109691963054,104.00549845123976],[10.160106235927255,104.0055341],[10.160109691963054,104.00556974876025],[10.160119927257147,104.00560402756086],[10.16013654847355,104.00563561908866],[10.160158916869173,104.00566330930022],[10.160186172840216,104.0056860340767],[10.160217268956098,104.0057029201172],[10.16025101021146,104.00571331849942],[10.160286099949406,104.00571682961746]]}]}]}