{"id":420,"ref":"Trạm thu phí","highways":[{"ways":[{"nodes":[[105.4639735,21.3551449]],"buffer_geometry":[[21.355144899889616,105.46416662371915],[21.35517998963369,105.4641629129464],[21.3552137309065,105.46415192313518],[21.355244827048494,105.46413407661339],[21.355272083050338,105.46411005920994],[21.35529445147676,105.46408079389914],[21.355311072719278,105.46404740533151],[21.355321308030824,105.46401117661391],[21.355324764072748,105.4639735],[21.355321308030824,105.46393582338607],[21.355311072719278,105.46389959466846],[21.35529445147676,105.46386620610083],[21.355272083050338,105.46383694079005],[21.355244827048494,105.46381292338658],[21.3552137309065,105.46379507686481],[21.35517998963369,105.46378408705358],[21.355144899889616,105.46378037628082],[21.35510981015395,105.46378408714429],[21.355076068905067,105.46379507703242],[21.35504497279888,105.46381292360559],[21.35501771683928,105.46383694102708],[21.354995348455095,105.46386620631984],[21.35497872724839,105.46389959483608],[21.35496849196078,105.46393582347677],[21.354965035927254,105.4639735],[21.35496849196078,105.4640111765232],[21.35497872724839,105.46404740516391],[21.354995348455095,105.46408079368015],[21.35501771683928,105.4641100589729],[21.35504497279888,105.46413407639439],[21.355076068905067,105.46415192296756],[21.35510981015395,105.4641629128557],[21.355144899889616,105.46416662371915]]}]}]}