{"id":524,"ref":"Trạm thu phí","highways":[{"ways":[{"nodes":[[103.0442448,23.6293823]],"buffer_geometry":[[23.629382299876486,103.0444411244436],[23.62941738962106,103.04443735217606],[23.62945113089529,103.04442618023049],[23.629482227039414,103.04440803793355],[23.629509483043773,103.0443836224802],[23.629531851472706,103.04435387214143],[23.629548472717353,103.04431993020725],[23.62955870803032,103.04428310105051],[23.629562164072745,103.0442448],[23.62955870803032,103.04420649894948],[23.629548472717353,103.04416966979274],[23.629531851472706,103.04413572785857],[23.629509483043773,103.0441059775198],[23.629482227039414,103.04408156206645],[23.62945113089529,103.0440634197695],[23.62941738962106,103.04405224782394],[23.629382299876486,103.0440484755564],[23.62934721014132,103.04405224792713],[23.629313468893855,103.04406341996015],[23.6292823727898,103.04408156231555],[23.62925511683271,103.04410597778944],[23.629232748451045,103.04413572810768],[23.62921612724647,103.0441696699834],[23.629205891960282,103.04420649905268],[23.629202435927255,103.0442448],[23.629205891960282,103.04428310094733],[23.62921612724647,103.0443199300166],[23.629232748451045,103.04435387189233],[23.62925511683271,103.04438362221056],[23.6292823727898,103.04440803768445],[23.629313468893855,103.04442618003984],[23.62934721014132,103.04443735207286],[23.629382299876486,103.0444411244436]]}]}]}