{"id":455,"ref":"Trạm thu phí","highways":[{"ways":[{"nodes":[[106.8447678,10.9032644]],"buffer_geometry":[[10.903264399945616,106.84495097068134],[10.903299489687559,106.84494745112924],[10.9033332309543,106.8449370276826],[10.903364327087209,106.84492010090655],[10.903391583078337,106.84489732128627],[10.903413951494047,106.84486956422928],[10.903430572727478,106.8448378964242],[10.903440808032954,106.84480353484841],[10.903444264072743,106.8447678],[10.903440808032954,106.84473206515159],[10.903430572727478,106.8446977035758],[10.903413951494047,106.84466603577071],[10.903391583078337,106.84463827871373],[10.903364327087209,106.84461549909344],[10.9033332309543,106.8445985723174],[10.903299489687559,106.84458814887076],[10.903264399945616,106.84458462931866],[10.903229310207816,106.84458814891313],[10.903195568952864,106.84459857239573],[10.903164472837595,106.84461549919577],[10.903137216867277,106.8446382788245],[10.90311484847238,106.84466603587305],[10.903098227256592,106.84469770365412],[10.903087991962908,106.84473206519398],[10.903084535927254,106.8447678],[10.903087991962908,106.84480353480602],[10.903098227256592,106.84483789634588],[10.90311484847238,106.84486956412694],[10.903137216867277,106.8448973211755],[10.903164472837595,106.84492010080423],[10.903195568952864,106.84493702760427],[10.903229310207816,106.84494745108687],[10.903264399945616,106.84495097068134]]}]}]}