{"id":396,"ref":"Trạm thu phí","highways":[{"ways":[{"nodes":[[107.3534506,21.09732]],"buffer_geometry":[[21.097319999891074,107.35364338647858],[21.097355089635094,107.35363968218513],[21.097388830907747,107.35362871156426],[21.0974199270495,107.35361089620646],[21.097447183051067,107.35358692074307],[21.09746955147721,107.35355770653669],[21.097486172719492,107.35352437627388],[21.097496408030874,107.35348821082087],[21.09749986407274,107.3534506],[21.097496408030874,107.35341298917913],[21.097486172719492,107.35337682372612],[21.09746955147721,107.35334349346331],[21.097447183051067,107.35331427925694],[21.0974199270495,107.35329030379356],[21.097388830907747,107.35327248843575],[21.097355089635094,107.35326151781489],[21.097319999891074,107.35325781352142],[21.097284910155356,107.35326151790424],[21.09725116890631,107.35327248860085],[21.09722007279989,107.35329030400926],[21.097192816840007,107.35331427949043],[21.097170448455547,107.35334349367905],[21.097153827248604,107.35337682389122],[21.097143591960833,107.3534129892685],[21.097140135927255,107.3534506],[21.097143591960833,107.35348821073151],[21.097153827248604,107.3535243761088],[21.097170448455547,107.35355770632097],[21.097192816840007,107.35358692050958],[21.09722007279989,107.35361089599074],[21.09725116890631,107.35362871139915],[21.097284910155356,107.35363968209576],[21.097319999891074,107.35364338647858]]}]}]}