{"id":419,"ref":"Trạm thu phí","highways":[{"ways":[{"nodes":[[105.7396361,21.2527388]],"buffer_geometry":[[21.252738799890196,105.73982908916072],[21.25277388963425,105.7398253809732],[21.252807630906997,105.7398143988189],[21.252838727048893,105.73979656473149],[21.252865983050626,105.73977256406205],[21.25288835147694,105.73974331914184],[21.25290497271936,105.73970995383773],[21.252915208030842,105.7396737503626],[21.252918664072745,105.7396361],[21.252915208030842,105.7395984496374],[21.25290497271936,105.73956224616227],[21.25288835147694,105.73952888085816],[21.252865983050626,105.73949963593795],[21.252838727048893,105.7394756352685],[21.252807630906997,105.7394578011811],[21.25277388963425,105.7394468190268],[21.252738799890196,105.73944311083928],[21.252703710154506,105.73944681911698],[21.25266996890556,105.73945780134773],[21.25263887279928,105.73947563548622],[21.25261161683957,105.73949963617358],[21.252589248455276,105.73952888107586],[21.252572627248476,105.73956224632887],[21.252562391960797,105.73959844972757],[21.252558935927254,105.7396361],[21.252562391960797,105.73967375027242],[21.252572627248476,105.73970995367112],[21.252589248455276,105.73974331892414],[21.25261161683957,105.73977256382642],[21.25263887279928,105.73979656451378],[21.25266996890556,105.73981439865227],[21.252703710154506,105.73982538088302],[21.252738799890196,105.73982908916072]]}]}]}