{"id":1026,"ref":"Trạm thu phí","highways":[{"ways":[{"nodes":[[105.9506048,20.5780993]],"buffer_geometry":[[20.578099299894006,105.95079692265979],[20.578134389637913,105.95079323112009],[20.578168130910246,105.95078229827318],[20.57819922705153,105.95076454425806],[20.578226483052532,105.95074065134878],[20.57824885147812,105.95071153773546],[20.57826547271992,105.95067832223894],[20.57827570803099,105.95064228131488],[20.578279164072747,105.9506048],[20.57827570803099,105.95056731868509],[20.57826547271992,105.95053127776104],[20.57824885147812,105.95049806226451],[20.578226483052532,105.9504689486512],[20.57819922705153,105.95044505574192],[20.578168130910246,105.9504273017268],[20.578134389637913,105.9504163688799],[20.578099299894006,105.95041267734018],[20.578064210158175,105.95041636896654],[20.57803046890881,105.95042730188692],[20.577999372801912,105.95044505595112],[20.577972116841476,105.95046894887763],[20.57794974845645,105.95049806247371],[20.577933127249032,105.95053127792116],[20.577922891960945,105.95056731877175],[20.577919435927253,105.9506048],[20.577922891960945,105.95064228122824],[20.577933127249032,105.95067832207883],[20.57794974845645,105.95071153752627],[20.577972116841476,105.95074065112236],[20.577999372801912,105.95076454404885],[20.57803046890881,105.95078229811305],[20.578064210158175,105.95079323103343],[20.578099299894006,105.95079692265979]]}]}]}