{"id":17,"ref":"Trạm thu phí","highways":[{"ways":[{"nodes":[[106.8768925,23.7245675]],"buffer_geometry":[[23.724567499875928,106.87708896751053],[23.72460258962052,106.87708519249426],[23.724636330894814,106.87707401240762],[23.72466742703903,106.87705585689002],[23.72469468304349,106.8770314236445],[23.724717051472535,106.87700165162582],[23.724733672717274,106.87696768495711],[23.724743908030305,106.87693082896175],[23.724747364072748,106.8768925],[23.724743908030305,106.87685417103825],[23.724733672717274,106.87681731504289],[23.724717051472535,106.87678334837418],[23.72469468304349,106.8767535763555],[23.72466742703903,106.87672914310997],[23.724636330894814,106.87671098759238],[23.72460258962052,106.87669980750573],[23.724567499875928,106.87669603248946],[23.72453241014078,106.87669980760946],[23.724498668893382,106.87671098778404],[23.724467572789422,106.8767291433604],[23.724440316832435,106.87675357662654],[23.724417948450874,106.8767833486246],[23.72440132724639,106.87681731523455],[23.724391091960253,106.87685417114197],[23.724387635927258,106.8768925],[23.724391091960253,106.87693082885802],[23.72440132724639,106.87696768476545],[23.724417948450874,106.8770016513754],[23.724440316832435,106.87703142337345],[23.724467572789422,106.8770558566396],[23.724498668893382,106.87707401221596],[23.72453241014078,106.87708519239054],[23.724567499875928,106.87708896751053]]}]}]}