{"id":379,"ref":"Trạm thu phí","highways":[{"ways":[{"nodes":[[105.9716418,20.9317285]],"buffer_geometry":[[20.931728499892014,105.97183437255549],[20.931763589635995,105.97183067237208],[20.931797330908548,105.9718197139243],[20.931828427050153,105.97180191833486],[20.931855683051538,105.97177796947548],[20.931878051477497,105.97174878768635],[20.93189467271963,105.97171549440827],[20.931904908030912,105.97167936908612],[20.931908364072743,105.9716418],[20.931904908030912,105.9716042309139],[20.93189467271963,105.97156810559174],[20.931878051477497,105.97153481231366],[20.931855683051538,105.97150563052453],[20.931828427050153,105.97148168166514],[20.931797330908548,105.97146388607571],[20.931763589635995,105.97145292762794],[20.931728499892014,105.97144922744452],[20.93169341015625,105.97145292771641],[20.93165966890711,105.97146388623922],[20.931628572800538,105.97148168187877],[20.931601316840478,105.97150563075577],[20.931578948455837,105.9715348125273],[20.93156232724874,105.97156810575524],[20.931552091960867,105.97160423100239],[20.931548635927257,105.9716418],[20.931552091960867,105.97167936899763],[20.93156232724874,105.97171549424478],[20.931578948455837,105.97174878747272],[20.931601316840478,105.97177796924424],[20.931628572800538,105.97180191812124],[20.93165966890711,105.9718197137608],[20.93169341015625,105.9718306722836],[20.931728499892014,105.97183437255549]]}]}]}