{"id":508,"ref":"Trạm thu phí","highways":[{"ways":[{"nodes":[[108.1735394,15.8904921]],"buffer_geometry":[[15.890492099919628,108.17372641034424],[15.890527189662562,108.17372281702488],[15.890560930932116,108.17371217508848],[15.890592027069243,108.17369489349562],[15.890619283065343,108.17367163636612],[15.890641651486021,108.17364329745772],[15.890658272723671,108.1736109658195],[15.890668508031965,108.17357588394025],[15.890671964072743,108.1735394],[15.890668508031965,108.17350291605975],[15.890658272723671,108.17346783418049],[15.890641651486021,108.17343550254226],[15.890619283065343,108.17340716363387],[15.890592027069243,108.17338390650436],[15.890560930932116,108.1733666249115],[15.890527189662562,108.17335598297511],[15.890492099919628,108.17335238965575],[15.890457010182821,108.17335598303906],[15.890423268930679,108.17336662502967],[15.890392172819626,108.17338390665877],[15.890364916854283,108.17340716380099],[15.89034254846436,108.17343550269666],[15.890325927252784,108.17346783429866],[15.890315691961922,108.1735029161237],[15.890312235927253,108.1735394],[15.890315691961922,108.17357588387628],[15.890325927252784,108.17361096570133],[15.89034254846436,108.17364329730331],[15.890364916854283,108.173671636199],[15.890392172819626,108.1736948933412],[15.890423268930679,108.17371217497032],[15.890457010182821,108.17372281696093],[15.890492099919628,108.17372641034424]]}]}]}