{"id":1042,"ref":"Trạm thu phí","highways":[{"ways":[{"nodes":[[108.8593872,22.4553216]],"buffer_geometry":[[22.45532159988332,108.85958182066662],[22.455356689627635,108.8595780811334],[22.455390430901126,108.85956700613977],[22.45542152704414,108.85954902128687],[22.45544878304719,108.85952481771939],[22.455471151474818,108.85949532556575],[22.455487772718357,108.859461678194],[22.45549800803058,108.85942516865684],[22.455501464072746,108.8593872],[22.45549800803058,108.85934923134316],[22.455487772718357,108.859312721806],[22.455471151474818,108.85927907443426],[22.45544878304719,108.85924958228061],[22.45542152704414,108.85922537871313],[22.455390430901126,108.85920739386023],[22.455356689627635,108.8591963188666],[22.45532159988332,108.85919257933337],[22.455286510147893,108.85919631896323],[22.45525276889969,108.85920739403878],[22.455221672794526,108.85922537894642],[22.45519441683613,108.85924958253312],[22.455172048453154,108.85927907466754],[22.455155427247472,108.85931272198457],[22.455145191960543,108.8593492314398],[22.455141735927256,108.8593872],[22.455145191960543,108.85942516856021],[22.455155427247472,108.85946167801544],[22.455172048453154,108.85949532533246],[22.45519441683613,108.85952481746688],[22.455221672794526,108.85954902105358],[22.45525276889969,108.85956700596121],[22.455286510147893,108.85957808103676],[22.45532159988332,108.85958182066662]]}]}]}