{"id":385,"ref":"Trạm thu phí","highways":[{"ways":[{"nodes":[[106.2958391,21.4570524]],"buffer_geometry":[[21.457052399889037,106.29603235842215],[21.457087489633132,106.2960286450614],[21.457121230906004,106.29601764758502],[21.457152327048092,106.29599978861549],[21.457179583050046,106.29597575446006],[21.45720195147658,106.29594646873679],[21.457218572719192,106.29591305688064],[21.457228808030802,106.29587680289345],[21.457232264072744,106.2958391],[21.457228808030802,106.29580139710656],[21.457218572719192,106.29576514311937],[21.45720195147658,106.29573173126322],[21.457179583050046,106.29570244553994],[21.457152327048092,106.2956784113845],[21.457121230906004,106.29566055241497],[21.457087489633132,106.2956495549386],[21.457052399889037,106.29564584157785],[21.457017310153393,106.29564955502985],[21.456983568904572,106.29566055258358],[21.45695247279848,106.29567841160481],[21.45692521683899,106.29570244577839],[21.45690284845492,106.29573173148351],[21.456886227248308,106.29576514328798],[21.456875991960757,106.2958013971978],[21.456872535927253,106.2958391],[21.456875991960757,106.29587680280218],[21.456886227248308,106.29591305671201],[21.45690284845492,106.29594646851649],[21.45692521683899,106.2959757542216],[21.45695247279848,106.29599978839519],[21.456983568904572,106.29601764741642],[21.457017310153393,106.29602864497014],[21.457052399889037,106.29603235842215]]}]}]}