{"id":299,"ref":"Trạm thu phí","highways":[{"ways":[{"nodes":[[106.0719477,23.8702579]],"buffer_geometry":[[23.870257899875067,106.07214438794527],[23.870292989619696,106.07214060869384],[23.87032673089408,106.07212941606353],[23.870357827038436,106.07211124017581],[23.870385083043065,106.0720867795165],[23.87040745147227,106.07205697409381],[23.870424072717142,106.0720229693146],[23.870434308030266,106.07198607196685],[23.870437764072744,106.0719477],[23.870434308030266,106.07190932803313],[23.870424072717142,106.07187243068539],[23.87040745147227,106.07183842590618],[23.870385083043065,106.0718086204835],[23.870357827038436,106.07178415982416],[23.87032673089408,106.07176598393644],[23.870292989619696,106.07175479130615],[23.870257899875067,106.0717510120547],[23.870222810139953,106.0717547914107],[23.870189068892643,106.07176598412966],[23.87015797278882,106.0717841600766],[23.870130716832,106.07180862075673],[23.870108348450604,106.0718384261586],[23.87009172724626,106.07187243087859],[23.870081491960224,106.07190932813769],[23.87007803592725,106.0719477],[23.870081491960224,106.07198607186228],[23.87009172724626,106.07202296912139],[23.870108348450604,106.07205697384137],[23.870130716832,106.07208677924326],[23.87015797278882,106.07211123992337],[23.870189068892643,106.07212941587032],[23.870222810139953,106.07214060858928],[23.870257899875067,106.07214438794527]]}]}]}