{"id":936,"ref":"Trạm thu phí","highways":[{"ways":[{"nodes":[[107.3693932,10.8871705]],"buffer_geometry":[[10.887170499945698,107.36957636077814],[10.887205589687637,107.3695728414163],[10.887239330954367,107.36956241853318],[10.887270427087266,107.36954549267227],[10.887297683078376,107.36952271428358],[10.88732005149407,107.36949495872727],[10.88733667272749,107.36946329263435],[10.887346908032955,107.36942893291635],[10.887350364072743,107.3693932],[10.887346908032955,107.36935746708366],[10.88733667272749,107.36932310736564],[10.88732005149407,107.36929144127272],[10.887297683078376,107.36926368571643],[10.887270427087266,107.36924090732772],[10.887239330954367,107.36922398146682],[10.887205589687637,107.3692135585837],[10.887170499945698,107.36921003922185],[10.887135410207897,107.36921355862602],[10.887101668952933,107.36922398154502],[10.887070572837652,107.3692409074299],[10.887043316867318,107.36926368582702],[10.887020948472406,107.3692914413749],[10.887004327256603,107.36932310744385],[10.886994091962913,107.36935746712597],[10.886990635927253,107.3693932],[10.886994091962913,107.36942893287403],[10.887004327256603,107.36946329255615],[10.887020948472406,107.36949495862511],[10.887043316867318,107.36952271417297],[10.887070572837652,107.36954549257011],[10.887101668952933,107.36956241845498],[10.887135410207897,107.36957284137398],[10.887170499945698,107.36957636077814]]}]}]}