{"id":924,"ref":"Trạm thu phí","highways":[{"ways":[{"nodes":[[105.4040964,21.2854862]],"buffer_geometry":[[21.285486199890013,105.40428943210233],[21.285521289634072,105.40428572308979],[21.285555030906835,105.40427473849192],[21.285586127048767,105.40425690043635],[21.285613383050535,105.40423289442658],[21.28563575147688,105.40420364299912],[21.285652372719333,105.40417027027094],[21.285662608030837,105.40413405874017],[21.285666064072743,105.4040964],[21.285662608030837,105.40405874125983],[21.285652372719333,105.40402252972906],[21.28563575147688,105.40398915700088],[21.285613383050535,105.40395990557342],[21.285586127048767,105.40393589956365],[21.285555030906835,105.40391806150808],[21.285521289634072,105.40390707691022],[21.285486199890013,105.40390336789767],[21.28545111015433,105.40390707700057],[21.285417368905403,105.403918061675],[21.285386272799155,105.40393589978177],[21.285359016839475,105.4039599058095],[21.28533664845522,105.40398915721899],[21.285320027248446,105.404022529896],[21.285309791960795,105.40405874135017],[21.285306335927253,105.4040964],[21.285309791960795,105.40413405864983],[21.285320027248446,105.404170270104],[21.28533664845522,105.40420364278101],[21.285359016839475,105.4042328941905],[21.285386272799155,105.40425690021823],[21.285417368905403,105.404274738325],[21.28545111015433,105.40428572299943],[21.285486199890013,105.40428943210233]]}]}]}