{"id":119,"ref":"Trạm thu phí","highways":[{"ways":[{"nodes":[[103.1882614,23.4100844]],"buffer_geometry":[[23.410084399877768,103.18845739767826],[23.410119489622293,103.1884536316888],[23.410153230896384,103.18844247833755],[23.4101843270403,103.18842436623662],[23.41021158304441,103.1883999914206],[23.410233951473103,103.18837029059884],[23.41025057271754,103.18833640515844],[23.41026080803037,103.18829963730114],[23.41026426407274,103.1882614],[23.41026080803037,103.18822316269888],[23.41025057271754,103.18818639484158],[23.410233951473103,103.18815250940116],[23.41021158304441,103.18812280857941],[23.4101843270403,103.18809843376339],[23.410153230896384,103.18808032166245],[23.410119489622293,103.1880691683112],[23.410084399877768,103.18806540232174],[23.410049310142554,103.18806916841315],[23.410015568894952,103.18808032185082],[23.40998447279069,103.1880984340095],[23.409957216833355,103.1881228088458],[23.409934848451435,103.18815250964728],[23.409918227246653,103.18818639502994],[23.409907991960328,103.18822316280081],[23.40990453592725,103.1882614],[23.409907991960328,103.18829963719921],[23.409918227246653,103.18833640497007],[23.409934848451435,103.18837029035274],[23.409957216833355,103.1883999911542],[23.40998447279069,103.18842436599051],[23.410015568894952,103.18844247814918],[23.410049310142554,103.18845363158687],[23.410084399877768,103.18845739767826]]}]}]}