{"id":594,"ref":"Trạm thu phí","highways":[{"ways":[{"nodes":[[104.2045681,23.8784469]],"buffer_geometry":[[23.878446899875023,104.20476480038799],[23.87848198961965,104.2047610208975],[23.87851573089404,104.20474982755914],[23.878546827038406,104.20473165052161],[23.87857408304304,104.20470718831488],[23.87859645147226,104.20467738100666],[23.87861307271714,104.20464337407627],[23.878623308030264,104.20460647439434],[23.878626764072745,104.2045681],[23.878623308030264,104.20452972560567],[23.87861307271714,104.20449282592374],[23.87859645147226,104.20445881899334],[23.87857408304304,104.20442901168512],[23.878546827038406,104.2044045494784],[23.87851573089404,104.20438637244087],[23.87848198961965,104.20437517910251],[23.878446899875023,104.20437139961201],[23.87841181013991,104.20437517920712],[23.878378068892605,104.20438637263415],[23.878346972788794,104.20440454973094],[23.87831971683198,104.20442901195847],[23.878297348450594,104.20445881924589],[23.878280727246253,104.20449282611703],[23.878270491960222,104.20452972571027],[23.878267035927255,104.2045681],[23.878270491960222,104.20460647428973],[23.878280727246253,104.20464337388297],[23.878297348450594,104.20467738075412],[23.87831971683198,104.20470718804154],[23.878346972788794,104.20473165026905],[23.878378068892605,104.20474982736584],[23.87841181013991,104.20476102079287],[23.878446899875023,104.20476480038799]]}]}]}