{"id":849,"ref":"Trạm thu phí","highways":[{"ways":[{"nodes":[[106.8045518,22.469802]],"buffer_geometry":[[22.469801999883238,106.8047464410038],[22.46983708962755,106.80474270107985],[22.46987083090105,106.80473162492895],[22.469901927044084,106.8047136381967],[22.469929183047146,106.80468943210005],[22.469951551474793,106.80465993686458],[22.469968172718346,106.80462628597675],[22.469978408030578,106.80458977262447],[22.469981864072746,106.8045518],[22.469978408030578,106.80451382737553],[22.469968172718346,106.80447731402325],[22.469951551474793,106.80444366313542],[22.469929183047146,106.80441416789995],[22.469901927044084,106.8043899618033],[22.46987083090105,106.80437197507105],[22.46983708962755,106.80436089892015],[22.469801999883238,106.8043571589962],[22.46976691014781,106.80436089901686],[22.46973316889962,106.80437197524975],[22.46970207279447,106.80438996203678],[22.46967481683609,106.80441416815268],[22.46965244845313,106.8044436633689],[22.46963582724746,106.80447731420193],[22.46962559196054,106.80451382747225],[22.469622135927256,106.8045518],[22.46962559196054,106.80458977252775],[22.46963582724746,106.80462628579807],[22.46965244845313,106.8046599366311],[22.46967481683609,106.80468943184732],[22.46970207279447,106.80471363796322],[22.46973316889962,106.80473162475025],[22.46976691014781,106.80474270098314],[22.469801999883238,106.8047464410038]]}]}]}