{"id":737,"ref":"Trạm thu phí","highways":[{"ways":[{"nodes":[[106.5647381,10.6583864]],"buffer_geometry":[[10.658386399946867,106.56492112167507],[10.65842148968876,106.56491760498558],[10.658455230955363,106.56490719001782],[10.658486327088072,106.56489027701116],[10.658513583078962,106.5648675159216],[10.65853595149443,106.56483978144462],[10.658552572727661,106.56480813940104],[10.658562808032999,106.56477380577822],[10.658566264072743,106.5647381],[10.658562808032999,106.5647023942218],[10.658552572727661,106.56466806059896],[10.65853595149443,106.5646364185554],[10.658513583078962,106.5646086840784],[10.658486327088072,106.56458592298885],[10.658455230955363,106.56456900998218],[10.65842148968876,106.56455859501442],[10.658386399946867,106.56455507832494],[10.658351310209017,106.5645585950558],[10.658317568953931,106.56456901005863],[10.65828647283846,106.56458592308874],[10.658259216867904,106.56460868418652],[10.658236848472766,106.5646364186553],[10.658220227256773,106.56466806067543],[10.658209991962956,106.56470239426316],[10.658206535927254,106.5647381],[10.658209991962956,106.56477380573685],[10.658220227256773,106.56480813932458],[10.658236848472766,106.56483978134472],[10.658259216867904,106.56486751581349],[10.65828647283846,106.56489027691126],[10.658317568953931,106.56490718994138],[10.658351310209017,106.56491760494421],[10.658386399946867,106.56492112167507]]}]}]}