{"id":561,"ref":"Trạm thu phí","highways":[{"ways":[{"nodes":[[109.9080511,22.1167191]],"buffer_geometry":[[22.11671909988527,109.90824524985015],[22.11675418962951,109.90824151936262],[22.11678793090279,109.90823047116037],[22.116819027045494,109.90821252981506],[22.116846283048165,109.90818838479946],[22.11686865147542,109.90815896399191],[22.116885272718644,109.90812539801861],[22.116895508030662,109.90808897680417],[22.11689896407275,109.9080511],[22.116895508030662,109.90801322319582],[22.116885272718644,109.90797680198138],[22.11686865147542,109.9079432360081],[22.116846283048165,109.90791381520054],[22.116819027045494,109.90788967018494],[22.11678793090279,109.90787172883962],[22.11675418962951,109.90786068063737],[22.11671909988527,109.90785695014984],[22.116684010149772,109.90786068073217],[22.116650268901353,109.90787172901476],[22.116619172795875,109.90788967041377],[22.116591916837105,109.90791381544823],[22.116569548453757,109.90794323623692],[22.116552927247756,109.90797680215653],[22.116542691960618,109.9080132232906],[22.11653923592726,109.9080511],[22.116542691960618,109.9080889767094],[22.116552927247756,109.90812539784348],[22.116569548453757,109.90815896376307],[22.116591916837105,109.90818838455176],[22.116619172795875,109.90821252958622],[22.116650268901353,109.90823047098523],[22.116684010149772,109.90824151926783],[22.11671909988527,109.90824524985015]]}]}]}