{"id":879,"ref":"Trạm thu phí","highways":[{"ways":[{"nodes":[[107.6375256,12.1883093]],"buffer_geometry":[[12.188309299939021,107.63770961188598],[12.188344389681216,107.63770607617306],[12.188378130948669,107.6376956048593],[12.188409227082651,107.63767860034913],[12.18843648307504,107.63765571611478],[12.18845885149201,107.63762783158401],[12.188475472726514,107.63759601834424],[12.188485708032704,107.63756149896197],[12.188489164072745,107.6375256],[12.188485708032704,107.63748970103805],[12.188475472726514,107.63745518165578],[12.18845885149201,107.637423368416],[12.18843648307504,107.63739548388523],[12.188409227082651,107.63737259965087],[12.188378130948669,107.6373555951407],[12.188344389681216,107.63734512382695],[12.188309299939021,107.63734158811403],[12.188274210201474,107.6373451238747],[12.188240468947235,107.63735559522894],[12.188209372833036,107.63737259976615],[12.188182116863981,107.63739548401],[12.188159748470346,107.63742336853127],[12.188143127255628,107.637455181744],[12.18813289196266,107.6374897010858],[12.188129435927255,107.6375256],[12.18813289196266,107.63756149891422],[12.188143127255628,107.637596018256],[12.188159748470346,107.63762783146873],[12.188182116863981,107.63765571599001],[12.188209372833036,107.63767860023385],[12.188240468947235,107.63769560477108],[12.188274210201474,107.63770607612531],[12.188309299939021,107.63770961188598]]}]}]}