{"id":654,"ref":"Trạm thu phí","highways":[{"ways":[{"nodes":[[103.6314528,23.0256272]],"buffer_geometry":[[23.025627199880013,103.6316482343264],[23.02566228962445,103.63164447916051],[23.025696030898303,103.6316333578663],[23.025727127041854,103.63161529782406],[23.025754383045538,103.63159099306785],[23.025776751473796,103.6315613776147],[23.02579337271787,103.63152758957102],[23.02580360803045,103.63149092739556],[23.025807064072744,103.6314528],[23.02580360803045,103.63141467260444],[23.02579337271787,103.63137801042899],[23.025776751473796,103.6313442223853],[23.025754383045538,103.63131460693215],[23.025727127041854,103.63129030217596],[23.025696030898303,103.6312722421337],[23.02566228962445,103.6312611208395],[23.025627199880013,103.6312573656736],[23.02559211014471,103.63126112093927],[23.025558368896867,103.63127224231808],[23.02552727279224,103.63129030241684],[23.025500016834478,103.63131460719289],[23.02547764845213,103.6313442226262],[23.025461027246983,103.63137801061336],[23.025450791960413,103.63141467270422],[23.025447335927254,103.6314528],[23.025450791960413,103.63149092729579],[23.025461027246983,103.63152758938664],[23.02547764845213,103.63156137737381],[23.025500016834478,103.6315909928071],[23.02552727279224,103.63161529758315],[23.025558368896867,103.63163335768193],[23.02559211014471,103.63164447906074],[23.025627199880013,103.6316482343264]]}]}]}