{"id":482,"ref":"Trạm thu phí","highways":[{"ways":[{"nodes":[[108.8811639,11.3736043]],"buffer_geometry":[[11.37360429994321,108.88134736697337],[11.373639389685243,108.88134384172909],[11.373673130952243,108.88133340142255],[11.373704227085545,108.88131644726674],[11.373731483077135,108.88129363079894],[11.373753851493303,108.88126582884267],[11.373770472727125,108.88123410981206],[11.373780708032863,108.88119969265308],[11.373784164072744,108.8811639],[11.373780708032863,108.88112810734692],[11.373770472727125,108.88109369018795],[11.373753851493303,108.88106197115734],[11.373731483077135,108.88103416920109],[11.373704227085545,108.88101135273327],[11.373673130952243,108.88099439857747],[11.373639389685243,108.88098395827093],[11.37360429994321,108.88098043302665],[11.373569210205503,108.88098395831526],[11.37353546895081,108.88099439865938],[11.373504372835932,108.8810113528403],[11.373477116866074,108.88103416931695],[11.373454748471639,108.88106197126439],[11.373438127256241,108.88109369026986],[11.373427891962818,108.88112810739126],[11.373424435927255,108.8811639],[11.373427891962818,108.88119969260875],[11.373438127256241,108.88123410973014],[11.373454748471639,108.88126582873564],[11.373477116866074,108.88129363068307],[11.373504372835932,108.88131644715972],[11.37353546895081,108.88133340134063],[11.373569210205503,108.88134384168475],[11.37360429994321,108.88134736697337]]}]}]}