{"id":139,"ref":"Trạm thu phí","highways":[{"ways":[{"nodes":[[104.2045207,23.8785689]],"buffer_geometry":[[23.87856889987502,104.2047174005734],[23.878603989619652,104.20471362107935],[23.87863773089404,104.20470242773044],[23.878668827038403,104.20468425067578],[23.878696083043042,104.204659788446],[23.878718451472253,104.20462998110968],[23.87873507271714,104.20459597414722],[23.87874530803027,104.2045590744305],[23.878748764072743,104.2045207],[23.87874530803027,104.2044823255695],[23.87873507271714,104.20444542585277],[23.878718451472253,104.20441141889033],[23.878696083043042,104.20438161155401],[23.878668827038403,104.20435714932422],[23.87863773089404,104.20433897226955],[23.878603989619652,104.20432777892066],[23.87856889987502,104.2043239994266],[23.87853381013991,104.20432777902528],[23.878500068892606,104.20433897246285],[23.878468972788788,104.20435714957678],[23.87844171683198,104.20438161182736],[23.878419348450592,104.20441141914287],[23.878402727246254,104.20444542604608],[23.878392491960224,104.20448232567409],[23.878389035927256,104.2045207],[23.878392491960224,104.2045590743259],[23.878402727246254,104.20459597395393],[23.878419348450592,104.20462998085712],[23.87844171683198,104.20465978817263],[23.878468972788788,104.20468425042323],[23.878500068892606,104.20470242753716],[23.87853381013991,104.20471362097473],[23.87856889987502,104.2047174005734]]}]}]}