{"id":900,"ref":"Trạm thu phí","highways":[{"ways":[{"nodes":[[102.6167325,13.7271496]],"buffer_geometry":[[13.727149599931039,102.616917652627],[13.727184689673535,102.61691409499836],[13.727218430941853,102.61690355877266],[13.72724952707713,102.61688644884858],[13.727276783071048,102.61686342274909],[13.727299151489547,102.61683536535371],[13.727315772725344,102.61680335489301],[13.7273260080324,102.61676862151279],[13.727329464072746,102.6167325],[13.7273260080324,102.6166963784872],[13.727315772725344,102.61666164510699],[13.727299151489547,102.61662963464629],[13.727276783071048,102.6166015772509],[13.72724952707713,102.61657855115142],[13.727218430941853,102.61656144122733],[13.727184689673535,102.61655090500163],[13.727149599931039,102.616547347373],[13.727114510193793,102.61655090505597],[13.72708076894042,102.61656144132772],[13.727049672827517,102.61657855128259],[13.72702241685999,102.61660157739288],[13.727000048467882,102.61662963477745],[13.726983427254458,102.61666164520739],[13.726973191962356,102.61669637854155],[13.726969735927256,102.6167325],[13.726973191962356,102.61676862145845],[13.726983427254458,102.61680335479261],[13.727000048467882,102.61683536522254],[13.72702241685999,102.61686342260711],[13.727049672827517,102.61688644871741],[13.72708076894042,102.61690355867228],[13.727114510193793,102.61691409494402],[13.727149599931039,102.616917652627]]}]}]}