{"id":676,"ref":"Trạm thu phí","highways":[{"ways":[{"nodes":[[106.9130529,11.0283015]],"buffer_geometry":[[11.028301499944977,106.91323614815066],[11.028336589686944,106.91323262711028],[11.028370330953752,106.9132221992554],[11.028401427086767,106.91320526532058],[11.028428683078019,106.91318247606603],[11.028451051493848,106.91315470726956],[11.028467672727384,106.9131230260709],[11.028477908032928,106.91308864996218],[11.028481364072745,106.91305290000001],[11.028477908032928,106.91301715003783],[11.028467672727384,106.9129827739291],[11.028451051493848,106.91295109273045],[11.028428683078019,106.91292332393398],[11.028401427086767,106.91290053467942],[11.028370330953752,106.9128836007446],[11.028336589686944,106.91287317288973],[11.028301499944977,106.91286965184935],[11.028266410207204,106.91287317293263],[11.028232668952318,106.91288360082387],[11.028201572837155,106.91290053478302],[11.028174316866957,106.91292332404609],[11.028151948472184,106.91295109283404],[11.028135327256498,106.91298277400837],[11.028125091962885,106.91301715008073],[11.028121635927254,106.91305290000001],[11.028125091962885,106.91308864991927],[11.028135327256498,106.91312302599164],[11.028151948472184,106.91315470716597],[11.028174316866957,106.91318247595392],[11.028201572837155,106.91320526521699],[11.028232668952318,106.91322219917613],[11.028266410207204,106.91323262706737],[11.028301499944977,106.91323614815066]]}]}]}