{"id":301,"ref":"Trạm thu phí","highways":[{"ways":[{"nodes":[[109.0116424,23.0880182]],"buffer_geometry":[[23.088018199879652,109.01183792493077],[23.088053289624106,109.01183416802411],[23.088087030897995,109.01182304157415],[23.088118127041607,109.01180497315924],[23.088145383045358,109.01178065713526],[23.088167751473687,109.01175102795222],[23.088184372717816,109.01171722424412],[23.08819460803044,109.01168054507177],[23.088198064072746,109.0116424],[23.08819460803044,109.01160425492822],[23.088184372717816,109.01156757575586],[23.088167751473687,109.01153377204777],[23.088145383045358,109.01150414286474],[23.088118127041607,109.01147982684074],[23.088087030897995,109.01146175842585],[23.088053289624106,109.01145063197588],[23.088018199879652,109.01144687506923],[23.08798311014436,109.011450632076],[23.08794936889656,109.01146175861086],[23.087918272791992,109.01147982708248],[23.087891016834295,109.01150414312637],[23.087868648452023,109.01153377228951],[23.087852027246935,109.01156757594089],[23.087841791960397,109.01160425502836],[23.087838335927255,109.0116424],[23.087841791960397,109.01168054497164],[23.087852027246935,109.01171722405911],[23.087868648452023,109.01175102771049],[23.087891016834295,109.01178065687361],[23.087918272791992,109.01180497291752],[23.08794936889656,109.01182304138912],[23.08798311014436,109.011834167924],[23.088018199879652,109.01183792493077]]}]}]}