{"id":74,"ref":"Trạm thu phí","highways":[{"ways":[{"nodes":[[103.2155232,23.5086337]],"buffer_geometry":[[23.508633699877194,103.21571934403173],[23.50866878962174,103.2157155752304],[23.508702530895896,103.21570441355102],[23.508733627039902,103.21568628792573],[23.50876088304413,103.21566189490883],[23.508783251472927,103.21563217190915],[23.508799872717457,103.215598261166],[23.50881010803035,103.21556146585357],[23.508813564072742,103.2155232],[23.50881010803035,103.21548493414645],[23.508799872717457,103.21544813883402],[23.508783251472927,103.21541422809086],[23.50876088304413,103.21538450509118],[23.508733627039902,103.21536011207428],[23.508702530895896,103.21534198644899],[23.50866878962174,103.21533082476961],[23.508633699877194,103.21532705596829],[23.508598610142002,103.21533082487211],[23.508564868894457,103.21534198663836],[23.50853377279029,103.21536011232172],[23.508506516833066,103.21538450535901],[23.50848414845126,103.21541422833833],[23.508467527246573,103.21544813902341],[23.508457291960305,103.21548493424893],[23.508453835927256,103.2155232],[23.508457291960305,103.21556146575108],[23.508467527246573,103.2155982609766],[23.50848414845126,103.21563217166168],[23.508506516833066,103.215661894641],[23.50853377279029,103.2156862876783],[23.508564868894457,103.21570441336165],[23.508598610142002,103.2157155751279],[23.508633699877194,103.21571934403173]]}]}]}