{"id":509,"ref":"Trạm thu phí","highways":[{"ways":[{"nodes":[[108.1736662,15.8904723]],"buffer_geometry":[[15.890472299919628,108.17385321032584],[15.890507389662561,108.17384961700685],[15.890541130932112,108.1738389750715],[15.89057222706924,108.17382169348032],[15.890599483065342,108.17379843635311],[15.89062185148602,108.17377009744752],[15.890638472723667,108.17373776581248],[15.890648708031962,108.17370268393667],[15.890652164072742,108.1736662],[15.890648708031962,108.17362971606333],[15.890638472723667,108.17359463418752],[15.89062185148602,108.1735623025525],[15.890599483065342,108.17353396364689],[15.89057222706924,108.17351070651968],[15.890541130932112,108.1734934249285],[15.890507389662561,108.17348278299315],[15.890472299919628,108.17347918967417],[15.890437210182819,108.17348278305711],[15.890403468930682,108.17349342504667],[15.890372372819629,108.17351070667408],[15.890345116854283,108.17353396381401],[15.890322748464357,108.1735623027069],[15.890306127252783,108.1735946343057],[15.890295891961918,108.1736297161273],[15.890292435927252,108.1736662],[15.890295891961918,108.1737026838727],[15.890306127252783,108.1737377656943],[15.890322748464357,108.1737700972931],[15.890345116854283,108.17379843618599],[15.890372372819629,108.17382169332593],[15.890403468930682,108.17383897495333],[15.890437210182819,108.1738496169429],[15.890472299919628,108.17385321032584]]}]}]}