{"id":667,"ref":"Trạm thu phí","highways":[{"ways":[{"nodes":[[109.3367529,22.0569505]],"buffer_geometry":[[22.05695049988561,109.33694696768319],[22.056985589629836,109.33694323877431],[22.057019330903078,109.33693219524768],[22.057050427045723,109.33691426149532],[22.057077683048337,109.33689012669821],[22.057100051475523,109.336860718342],[22.057116672718692,109.33682716657438],[22.057126908030668,109.33679076077404],[22.057130364072748,109.3367529],[22.057126908030668,109.33671503922595],[22.057116672718692,109.3366786334256],[22.057100051475523,109.33664508165799],[22.057077683048337,109.33661567330178],[22.057050427045723,109.33659153850466],[22.057019330903078,109.3365736047523],[22.056985589629836,109.33656256122568],[22.05695049988561,109.3365588323168],[22.05691541015009,109.33656256132014],[22.056881668901646,109.33657360492684],[22.056850572796108,109.33659153873272],[22.056823316837274,109.33661567354861],[22.05680094845386,109.33664508188605],[22.056784327247804,109.33667863360016],[22.056774091960623,109.33671503932041],[22.056770635927254,109.3367529],[22.056774091960623,109.33679076067958],[22.056784327247804,109.33682716639983],[22.05680094845386,109.33686071811394],[22.056823316837274,109.33689012645137],[22.056850572796108,109.33691426126727],[22.056881668901646,109.33693219507315],[22.05691541015009,109.33694323867985],[22.05695049988561,109.33694696768319]]}]}]}