{"id":709,"ref":"Trạm thu phí","highways":[{"ways":[{"nodes":[[106.8075178,10.7915684]],"buffer_geometry":[[10.791568399946186,106.80770090227027],[10.791603489688107,106.80769738403245],[10.791637230954786,106.80768696447859],[10.791668327087603,106.80767004402428],[10.791695583078623,106.80764727291174],[10.79171795149422,106.80761952622157],[10.791734572727561,106.80758787024399],[10.791744808032973,106.80755352150183],[10.791748264072744,106.8075178],[10.791744808032973,106.80748207849817],[10.791734572727561,106.80744772975599],[10.79171795149422,106.80741607377841],[10.791695583078623,106.80738832708826],[10.791668327087603,106.80736555597571],[10.791637230954786,106.8073486355214],[10.791603489688107,106.80733821596755],[10.791568399946186,106.80733469772971],[10.791533310208367,106.80733821600947],[10.79149956895335,106.80734863559887],[10.791468472837991,106.80736555607693],[10.791441216867563,106.80738832719781],[10.791418848472558,106.80741607387965],[10.791402227256675,106.80744772983347],[10.79139199196293,106.80748207854009],[10.791388535927254,106.8075178],[10.79139199196293,106.80755352145991],[10.791402227256675,106.80758787016653],[10.791418848472558,106.80761952612035],[10.791441216867563,106.80764727280217],[10.791468472837991,106.80767004392307],[10.79149956895335,106.80768696440111],[10.791533310208367,106.80769738399053],[10.791568399946186,106.80770090227027]]}]}]}