{"id":165,"ref":"Trạm thu phí","highways":[{"ways":[{"nodes":[[109.0921705,22.1250133]],"buffer_geometry":[[22.125013299885214,109.09236466127481],[22.12504838962946,109.09236093056778],[22.12508213090274,109.09234988171542],[22.12511322704545,109.09233193931438],[22.125140483048135,109.09230779287797],[22.1251628514754,109.09227837033916],[22.12517947271863,109.0922448023907],[22.12518970803065,109.09220837903305],[22.125193164072744,109.09217050000001],[22.12518970803065,109.09213262096696],[22.12517947271863,109.09209619760931],[22.1251628514754,109.09206262966084],[22.125140483048135,109.09203320712203],[22.12511322704545,109.09200906068563],[22.12508213090274,109.09199111828458],[22.12504838962946,109.09198006943222],[22.125013299885214,109.09197633872519],[22.124978210149713,109.09198006952705],[22.124944468901308,109.0919911184598],[22.124913372795838,109.09200906091458],[22.124886116837075,109.09203320736984],[22.124863748453734,109.09206262988978],[22.124847127247744,109.09209619778454],[22.124836891960612,109.0921326210618],[22.12483343592725,109.09217050000001],[22.124836891960612,109.09220837893821],[22.124847127247744,109.09224480221548],[22.124863748453734,109.09227837011022],[22.124886116837075,109.09230779263017],[22.124913372795838,109.09233193908543],[22.124944468901308,109.0923498815402],[22.124978210149713,109.09236093047295],[22.125013299885214,109.09236466127481]]}]}]}