{"id":618,"ref":"Trạm thu phí","highways":[{"ways":[{"nodes":[[106.8439789,11.0356465]],"buffer_geometry":[[11.035646499944942,106.84416215273058],[11.035681589686911,106.84415863160221],[11.035715330953725,106.84414820348672],[11.035746427086744,106.84413126912867],[11.035773683078002,106.84410847930455],[11.03579605149384,106.84408070981405],[11.035812672727383,106.8440490278236],[11.035822908032928,106.84401465085568],[11.035826364072747,106.8439789],[11.035822908032928,106.8439431491443],[11.035812672727383,106.84390877217639],[11.03579605149384,106.84387709018593],[11.035773683078002,106.84384932069543],[11.035746427086744,106.84382653087131],[11.035715330953725,106.84380959651327],[11.035681589686911,106.84379916839778],[11.035646499944942,106.84379564726942],[11.035611410207167,106.84379916844071],[11.035577668952289,106.8438095965926],[11.03554657283713,106.84382653097498],[11.035519316866942,106.84384932080762],[11.035496948472176,106.8438770902896],[11.035480327256495,106.84390877225573],[11.035470091962884,106.84394314918724],[11.035466635927257,106.8439789],[11.035470091962884,106.84401465081275],[11.035480327256495,106.84404902774426],[11.035496948472176,106.8440807097104],[11.035519316866942,106.84410847919236],[11.03554657283713,106.84413126902501],[11.035577668952289,106.84414820340739],[11.035611410207167,106.84415863155927],[11.035646499944942,106.84416215273058]]}]}]}