{"id":501,"ref":"Trạm thu phí","highways":[{"ways":[{"nodes":[[104.891303,21.6457528]],"buffer_geometry":[[21.645752799887962,104.8914965099642],[21.6457878896321,104.89149279177063],[21.645821630905086,104.8914817799805],[21.645852727047348,104.89146389776627],[21.64587998304951,104.89143983232846],[21.64590235147625,104.89141050848727],[21.645918972719034,104.89137705314253],[21.64592920803076,104.89134075196736],[21.645932664072742,104.89130300000001],[21.64592920803076,104.89126524803265],[21.645918972719034,104.89122894685748],[21.64590235147625,104.89119549151273],[21.64587998304951,104.89116616767154],[21.645852727047348,104.89114210223373],[21.645821630905086,104.8911242200195],[21.6457878896321,104.89111320822937],[21.645752799887962,104.8911094900358],[21.645717710152358,104.89111320832163],[21.645683968903654,104.89112422018997],[21.645652872797736,104.89114210245646],[21.645625616838455,104.89116616791262],[21.645603248454588,104.89119549173546],[21.64558662724815,104.89122894702794],[21.645576391960716,104.8912652481249],[21.645572935927255,104.89130300000001],[21.645576391960716,104.8913407518751],[21.64558662724815,104.89137705297206],[21.645603248454588,104.89141050826454],[21.645625616838455,104.89143983208739],[21.645652872797736,104.89146389754355],[21.645683968903654,104.89148177981004],[21.645717710152358,104.89149279167837],[21.645752799887962,104.8914965099642]]}]}]}