{"id":645,"ref":"Trạm thu phí","highways":[{"ways":[{"nodes":[[106.3482678,10.314724]],"buffer_geometry":[[10.31472399994862,106.34845061859372],[10.314759089690446,106.34844710580569],[10.314792830956861,106.34843670239383],[10.314823927089286,106.3484198081535],[10.31485118307984,106.34839707231957],[10.314873551494973,106.34836936861696],[10.314890172727917,106.34833776168387],[10.314900408033067,106.34830346615831],[10.314903864072745,106.3482678],[10.314900408033067,106.34823213384169],[10.314890172727917,106.34819783831614],[10.314873551494973,106.34816623138303],[10.31485118307984,106.34813852768042],[10.314823927089286,106.34811579184651],[10.314792830956861,106.34809889760618],[10.314759089690446,106.34808849419431],[10.31472399994862,106.34808498140629],[10.314688910210704,106.34808849423428],[10.314655168955426,106.34809889768003],[10.31462407283967,106.348115791943],[10.314596816868782,106.34813852778487],[10.314574448473309,106.34816623147954],[10.314557827257033,106.34819783838999],[10.314547591963022,106.34823213388167],[10.314544135927255,106.3482678],[10.314547591963022,106.34830346611834],[10.314557827257033,106.34833776161001],[10.314574448473309,106.34836936852047],[10.314596816868782,106.34839707221512],[10.31462407283967,106.348419808057],[10.314655168955426,106.34843670231997],[10.314688910210704,106.34844710576573],[10.31472399994862,106.34845061859372]]}]}]}