{"id":150,"ref":"Trạm thu phí","highways":[{"ways":[{"nodes":[[105.1464179,12.4868966]],"buffer_geometry":[[12.486896599937479,105.14660212174967],[12.486931689679729,105.14659858200491],[12.486965430947354,105.14658809874925],[12.486996527081583,105.14657107484594],[12.48702378307427,105.14654816451247],[12.487046151491535,105.14652024817957],[12.487062772726286,105.14648839865677],[12.487073008032642,105.14645383990498],[12.487076464072747,105.14641790000002],[12.487073008032642,105.14638196009504],[12.487062772726286,105.14634740134325],[12.487046151491535,105.14631555182045],[12.48702378307427,105.14628763548755],[12.486996527081583,105.14626472515408],[12.486965430947354,105.14624770125077],[12.486931689679729,105.14623721799511],[12.486896599937479,105.14623367825035],[12.48686151019999,105.14623721804412],[12.486827768945917,105.14624770134134],[12.48679667283197,105.1462647252724],[12.48676941686321,105.14628763561562],[12.48674704846987,105.14631555193878],[12.4867304272554,105.14634740143381],[12.486720191962599,105.14638196014405],[12.486716735927255,105.14641790000002],[12.486720191962599,105.14645383985597],[12.4867304272554,105.1464883985662],[12.48674704846987,105.14652024806124],[12.48676941686321,105.1465481643844],[12.48679667283197,105.14657107472762],[12.486827768945917,105.14658809865868],[12.48686151019999,105.1465985819559],[12.486896599937479,105.14660212174967]]}]}]}