{"id":548,"ref":"Trạm thu phí","highways":[{"ways":[{"nodes":[[102.4020748,18.4921833]],"buffer_geometry":[[18.49218329990558,102.40226445662555],[18.492218389649047,102.40226081246476],[18.49225213092012,102.40225001994494],[18.492283227059527,102.40223249381289],[18.49231048305832,102.40220890758559],[18.492332851481688,102.40218016766764],[18.492349472721614,102.40214737851882],[18.49235970803143,102.40211180021025],[18.492363164072742,102.4020748],[18.49235970803143,102.40203779978974],[18.492349472721614,102.40200222148117],[18.492332851481688,102.40196943233235],[18.49231048305832,102.4019406924144],[18.492283227059527,102.4019171061871],[18.49225213092012,102.40189958005504],[18.492218389649047,102.40188878753523],[18.49218329990558,102.40188514337444],[18.492148210169304,102.40188878761141],[18.49211446891869,102.40189958019583],[18.492083372809915,102.40191710637106],[18.49205611684726,102.40194069261354],[18.492033748460024,102.40196943251632],[18.49201712725073,102.40200222162196],[18.492006891961385,102.40203779986595],[18.492003435927252,102.4020748],[18.492006891961385,102.40211180013404],[18.49201712725073,102.40214737837803],[18.492033748460024,102.40218016748366],[18.49205611684726,102.40220890738645],[18.492083372809915,102.40223249362893],[18.49211446891869,102.40225001980416],[18.492148210169304,102.40226081238858],[18.49218329990558,102.40226445662555]]}]}]}