{"id":423,"ref":"Trạm thu phí","highways":[{"ways":[{"nodes":[[105.1234126,21.438763]],"buffer_geometry":[[21.438762999889146,105.12360583418807],[21.438798089633234,105.12360212129292],[21.438831830906093,105.12359112519556],[21.438862927048167,105.12357326846548],[21.438890183050102,105.12354923732384],[21.43891255147662,105.12351995527293],[21.43892917271921,105.12348654760655],[21.43893940803081,105.12345029816554],[21.438942864072743,105.1234126],[21.43893940803081,105.12337490183444],[21.43892917271921,105.12333865239344],[21.43891255147662,105.12330524472706],[21.438890183050102,105.12327596267615],[21.438862927048167,105.12325193153451],[21.438831830906093,105.12323407480442],[21.438798089633234,105.12322307870707],[21.438762999889146,105.1232193658119],[21.438727910153496,105.12322307879823],[21.438694168904664,105.12323407497287],[21.438663072798555,105.12325193175458],[21.438635816839042,105.12327596291433],[21.43861344845495,105.12330524494713],[21.438596827248325,105.12333865256187],[21.438586591960764,105.1233749019256],[21.438583135927257,105.1234126],[21.438586591960764,105.12345029807439],[21.438596827248325,105.12348654743812],[21.43861344845495,105.12351995505286],[21.438635816839042,105.12354923708564],[21.438663072798555,105.12357326824541],[21.438694168904664,105.12359112502712],[21.438727910153496,105.12360212120176],[21.438762999889146,105.12360583418807]]}]}]}