{"id":158,"ref":"Trạm thu phí","highways":[{"ways":[{"nodes":[[106.6658016,10.8158574]],"buffer_geometry":[[10.815857399946065,106.66598471708313],[10.815892489687988,106.66598119856073],[10.815926230954679,106.66597077816398],[10.815957327087519,106.66595385634085],[10.815984583078562,106.66593108338614],[10.816006951494185,106.66590333445127],[10.816023572727545,106.66587167591271],[10.816033808032971,106.66583732439173],[10.816037264072746,106.6658016],[10.816033808032971,106.66576587560826],[10.816023572727545,106.66573152408726],[10.816006951494185,106.66569986554872],[10.815984583078562,106.66567211661385],[10.815957327087519,106.66564934365914],[10.815926230954679,106.665632421836],[10.815892489687988,106.66562200143925],[10.815857399946065,106.66561848291686],[10.81582231020825,106.66562200148128],[10.815788568953247,106.66563242191366],[10.815757472837905,106.6656493437606],[10.815730216867504,106.66567211672367],[10.81570784847252,106.66569986565018],[10.815691227256657,106.66573152416493],[10.815680991962926,106.6657658756503],[10.815677535927254,106.6658016],[10.815680991962926,106.6658373243497],[10.815691227256657,106.66587167583506],[10.81570784847252,106.6659033343498],[10.815730216867504,106.66593108327632],[10.815757472837905,106.66595385623938],[10.815788568953247,106.66597077808633],[10.81582231020825,106.66598119851871],[10.815857399946065,106.66598471708313]]}]}]}