{"id":598,"ref":"Trạm thu phí","highways":[{"ways":[{"nodes":[[104.2976692,23.2717064]],"buffer_geometry":[[23.27170639987858,104.29786499352109],[23.271741489623075,104.29786123145406],[23.27177523089708,104.29785008972019],[23.271806327040863,104.29783199648519],[23.271833583044817,104.29780764705865],[23.271855951473352,104.29777797717425],[23.271872572717662,104.29774412703014],[23.2718828080304,104.29770739747165],[23.27188626407274,104.2976692],[23.2718828080304,104.29763100252835],[23.271872572717662,104.29759427296986],[23.271855951473352,104.29756042282575],[23.271833583044817,104.29753075294136],[23.271806327040863,104.29750640351482],[23.27177523089708,104.29748831027982],[23.271741489623075,104.29747716854594],[23.27170639987858,104.29747340647891],[23.271671310143333,104.2974771686471],[23.271637568895645,104.29748831046673],[23.27160647279125,104.29750640375904],[23.27157921683376,104.2975307532057],[23.27155684845169,104.29756042306998],[23.27154022724677,104.29759427315678],[23.27152999196036,104.2976310026295],[23.271526535927254,104.2976692],[23.27152999196036,104.2977073973705],[23.27154022724677,104.29774412684323],[23.27155684845169,104.29777797693004],[23.27157921683376,104.2978076467943],[23.27160647279125,104.29783199624096],[23.271637568895645,104.29785008953327],[23.271671310143333,104.2978612313529],[23.27170639987858,104.29786499352109]]}]}]}