{"id":149,"ref":"Trạm thu phí","highways":[{"ways":[{"nodes":[[106.8518605,10.7857914]],"buffer_geometry":[[10.78579139994622,106.85204359875232],[10.785826489688139,106.85204008058209],[10.785860230954812,106.8520296612284],[10.785891327087626,106.85201274109917],[10.78591858307864,106.85198997042414],[10.785940951494233,106.85196222426707],[10.785957572727568,106.8519305688977],[10.785967808032977,106.8518962208155],[10.785971264072746,106.8518605],[10.785967808032977,106.8518247791845],[10.785957572727568,106.85179043110229],[10.785940951494233,106.85175877573292],[10.78591858307864,106.85173102957586],[10.785891327087626,106.85170825890081],[10.785860230954812,106.85169133877159],[10.785826489688139,106.85168091941792],[10.78579139994622,106.85167740124768],[10.785756310208395,106.85168091945982],[10.785722568953378,106.85169133884902],[10.785691472838012,106.85170825900198],[10.78566421686758,106.85173102968535],[10.785641848472569,106.85175877583409],[10.785625227256682,106.85179043117972],[10.785614991962934,106.8518247792264],[10.785611535927258,106.8518605],[10.785614991962934,106.8518962207736],[10.785625227256682,106.85193056882028],[10.785641848472569,106.8519622241659],[10.78566421686758,106.85198997031463],[10.785691472838012,106.85201274099802],[10.785722568953378,106.85202966115098],[10.785756310208395,106.85204008054018],[10.78579139994622,106.85204359875232]]}]}]}