{"id":130,"ref":"Trạm thu phí","highways":[{"ways":[{"nodes":[[102.0016342,23.6958226]],"buffer_geometry":[[23.695822599876095,102.00183062422674],[23.695857689620688,102.0018268500421],[23.69589143089496,102.00181567241846],[23.695922527039148,102.00179752090067],[23.695949783043577,102.00177309303804],[23.695972151472592,102.00174332757842],[23.6959887727173,102.00170936839297],[23.695999008030306,102.00167252051743],[23.696002464072745,102.0016342],[23.695999008030306,102.00159587948257],[23.6959887727173,102.00155903160703],[23.695972151472592,102.00152507242156],[23.695949783043577,102.00149530696196],[23.695922527039148,102.00147087909933],[23.69589143089496,102.00145272758154],[23.695857689620688,102.0014415499579],[23.695822599876095,102.00143777577325],[23.695787510140942,102.00144155006146],[23.695753768893525,102.00145272777289],[23.695722672789532,102.00147087934934],[23.695695416832518,102.00149530723259],[23.695673048450924,102.00152507267158],[23.695656427246412,102.00155903179838],[23.695646191960265,102.00159587958612],[23.695642735927255,102.0016342],[23.695646191960265,102.00167252041388],[23.695656427246412,102.00170936820162],[23.695673048450924,102.00174332732841],[23.695695416832518,102.00177309276741],[23.695722672789532,102.00179752065065],[23.695753768893525,102.00181567222711],[23.695787510140942,102.00182684993852],[23.695822599876095,102.00183062422674]]}]}]}