{"id":109,"ref":"Trạm thu phí","highways":[{"ways":[{"nodes":[[106.0144162,20.2886634]],"buffer_geometry":[[20.288663399895633,106.01460796141882],[20.288698489639476,106.01460427681951],[20.288732230911634,106.01459336452865],[20.288763327052653,106.01457564389537],[20.288790583053345,106.01455179591089],[20.28881295147862,106.01452273703893],[20.28882957272016,106.01448958399664],[20.288839808031053,106.01445361083952],[20.288843264072746,106.0144162],[20.288839808031053,106.01437878916046],[20.28882957272016,106.01434281600336],[20.28881295147862,106.01430966296107],[20.288790583053345,106.01428060408911],[20.288763327052653,106.01425675610463],[20.288732230911634,106.01423903547135],[20.288698489639476,106.01422812318049],[20.288663399895633,106.01422443858118],[20.288628310159737,106.01422812326565],[20.2885945689102,106.0142390356287],[20.288563472803038,106.01425675631023],[20.288536216842285,106.01428060431165],[20.288513848456954,106.01430966316667],[20.288497227249273,106.01434281616072],[20.288486991961012,106.01437878924563],[20.288483535927256,106.0144162],[20.288486991961012,106.01445361075437],[20.288497227249273,106.01448958383926],[20.288513848456954,106.01452273683333],[20.288536216842285,106.01455179568835],[20.288563472803038,106.01457564368977],[20.2885945689102,106.0145933643713],[20.288628310159737,106.01460427673435],[20.288663399895633,106.01460796141882]]}]}]}