{"id":847,"ref":"Trạm thu phí","highways":[{"ways":[{"nodes":[[106.972112,22.5843602]],"buffer_geometry":[[22.58436019988257,106.97230680248529],[22.584395289626915,106.97230305945884],[22.584429030900488,106.97229197411897],[22.58446012704362,106.97227397246442],[22.584487383046813,106.97224974628551],[22.584509751474585,106.97222022657965],[22.584526372718244,106.97218654777363],[22.58453660803055,106.97215000412825],[22.584540064072744,106.972112],[22.58453660803055,106.97207399587174],[22.584526372718244,106.97203745222636],[22.584509751474585,106.97200377342034],[22.584487383046813,106.97197425371446],[22.58446012704362,106.97195002753557],[22.584429030900488,106.971932025881],[22.584395289626915,106.97192094054115],[22.58436019988257,106.9719171975147],[22.584325110147173,106.9719209406385],[22.58429136889905,106.97193202606087],[22.584260272794012,106.97195002777056],[22.584233016835757,106.97197425396882],[22.58421064845292,106.97200377365535],[22.584194027247356,106.97203745240621],[22.58418379196051,106.97207399596907],[22.58418033592725,106.972112],[22.58418379196051,106.97215000403091],[22.584194027247356,106.97218654759378],[22.58421064845292,106.97222022634465],[22.584233016835757,106.97224974603117],[22.584260272794012,106.97227397222943],[22.58429136889905,106.97229197393911],[22.584325110147173,106.9723030593615],[22.58436019988257,106.97230680248529]]}]}]}