{"id":487,"ref":"Trạm thu phí","highways":[{"ways":[{"nodes":[[106.5080382,20.7766163]],"buffer_geometry":[[20.77661629989289,106.50823057405651],[20.776651389636843,106.5082268776868],[20.776685130909293,106.5082159305344],[20.77671622705076,106.50819815328802],[20.77674348305198,106.50817422911445],[20.776765851477773,106.50814507740525],[20.776782472719763,106.50811181844526],[20.77679270803095,106.50807573036047],[20.776796164072746,106.5080382],[20.77679270803095,106.50800066963953],[20.776782472719763,106.50796458155475],[20.776765851477773,106.50793132259476],[20.77674348305198,106.50790217088556],[20.77671622705076,106.50787824671198],[20.776685130909293,106.5078604694656],[20.776651389636843,106.50784952231321],[20.77661629989289,106.50784582594349],[20.7765812101571,106.50784952240089],[20.776547468907864,106.50786046962762],[20.776516372801144,106.50787824692365],[20.776489116840917,106.50790217111468],[20.776466748456112,106.50793132280644],[20.77645012724887,106.50796458171676],[20.77643989196091,106.50800066972721],[20.776436435927256,106.5080382],[20.77643989196091,106.5080757302728],[20.77645012724887,106.50811181828324],[20.776466748456112,106.50814507719356],[20.776489116840917,106.50817422888532],[20.776516372801144,106.50819815307635],[20.776547468907864,106.50821593037239],[20.7765812101571,106.50822687759911],[20.77661629989289,106.50823057405651]]}]}]}