{"id":862,"ref":"Trạm thu phí","highways":[{"ways":[{"nodes":[[102.4545076,18.9534003]],"buffer_geometry":[[18.95340029990305,102.454697774768],[18.953435389646607,102.45469412065238],[18.95346913091796,102.45468329864823],[18.953500227057777,102.45466572463532],[18.95352748305705,102.45464207397056],[18.953549851480908,102.45461325553487],[18.953566472721246,102.45458037680545],[18.953576708031328,102.45454470129594],[18.953580164072743,102.4545076],[18.953576708031328,102.45447049870404],[18.953566472721246,102.45443482319455],[18.953549851480908,102.45440194446513],[18.95352748305705,102.45437312602944],[18.953500227057777,102.45434947536468],[18.95346913091796,102.45433190135175],[18.953435389646607,102.45432107934761],[18.95340029990305,102.454317425232],[18.953365210166865,102.45432107942607],[18.953331468916527,102.45433190149674],[18.95330037280816,102.4543494755541],[18.953273116845995,102.45437312623444],[18.95325074845924,102.45440194465453],[18.953234127250358,102.45443482333953],[18.953223891961287,102.4544704987825],[18.953220435927257,102.4545076],[18.953223891961287,102.45454470121749],[18.953234127250358,102.45458037666047],[18.95325074845924,102.45461325534546],[18.953273116845995,102.45464207376554],[18.95330037280816,102.4546657244459],[18.953331468916527,102.45468329850326],[18.953365210166865,102.45469412057392],[18.95340029990305,102.454697774768]]}]}]}