{"id":406,"ref":"Trạm thu phí","highways":[{"ways":[{"nodes":[[107.1639082,10.9182247]],"buffer_geometry":[[10.91822469994554,107.1640913799009],[10.918259789687486,107.16408786017169],[10.918293530954234,107.16407743620043],[10.918324627087157,107.16406050857242],[10.9183518830783,107.16403772780556],[10.918374251494024,107.16400996935147],[10.918390872727468,107.16397829995243],[10.91840110803295,107.16394393664707],[10.918404564072747,107.1639082],[10.91840110803295,107.1638724633529],[10.918390872727468,107.16383810004756],[10.918374251494024,107.16380643064852],[10.9183518830783,107.16377867219443],[10.918324627087157,107.16375589142756],[10.918293530954234,107.16373896379955],[10.918259789687486,107.16372853982828],[10.91822469994554,107.16372502009908],[10.918189610207746,107.16372853987075],[10.918155868952798,107.163738963878],[10.918124772837544,107.16375589153004],[10.918097516867242,107.16377867230534],[10.918075148472358,107.163806430751],[10.91805852725658,107.16383810012599],[10.918048291962908,107.16387246339536],[10.918044835927255,107.1639082],[10.918048291962908,107.16394393660462],[10.91805852725658,107.163978299874],[10.918075148472358,107.164009969249],[10.918097516867242,107.16403772769463],[10.918124772837544,107.16406050846994],[10.918155868952798,107.16407743612199],[10.918189610207746,107.16408786012924],[10.91822469994554,107.1640913799009]]}]}]}