{"id":673,"ref":"Trạm thu phí","highways":[{"ways":[{"nodes":[[105.8516357,20.1245796]],"buffer_geometry":[[20.12457959989655,105.85182725939904],[20.124614689640357,105.85182357868106],[20.124648430912416,105.85181267788595],[20.12467952705329,105.85179497592104],[20.124706783053806,105.85177115306024],[20.1247291514789,105.85174212480176],[20.124745772720296,105.85170900668624],[20.12475600803108,105.851673071427],[20.124759464072746,105.8516357],[20.12475600803108,105.851598328573],[20.124745772720296,105.85156239331378],[20.1247291514789,105.85152927519826],[20.124706783053806,105.85150024693978],[20.12467952705329,105.85147642407897],[20.124648430912416,105.85145872211407],[20.124614689640357,105.85144782131896],[20.12457959989655,105.85144414060096],[20.124544510160618,105.85144782140327],[20.124510768910984,105.85145872226988],[20.124479672803673,105.85147642428255],[20.124452416842743,105.85150024716012],[20.12443004845724,105.85152927540183],[20.124413427249404,105.85156239346959],[20.124403191961044,105.85159832865733],[20.12439973592726,105.8516357],[20.124403191961044,105.85167307134269],[20.124413427249404,105.85170900653043],[20.12443004845724,105.85174212459818],[20.124452416842743,105.85177115283989],[20.124479672803673,105.85179497571747],[20.124510768910984,105.85181267773014],[20.124544510160618,105.85182357859674],[20.12457959989655,105.85182725939904]]}]}]}