{"id":827,"ref":"Trạm thu phí","highways":[{"ways":[{"nodes":[[106.0321193,10.4071412]],"buffer_geometry":[[10.407141199948146,106.03230217251513],[10.407176289689993,106.0322986586912],[10.407210030956458,106.03228825221107],[10.407241127088957,106.03227135298796],[10.407268383079602,106.03224861044826],[10.407290751494825,106.03222089857455],[10.407307372727848,106.03218928231907],[10.407317608033047,106.03215497667804],[10.407321064072743,106.0321193],[10.407317608033047,106.03208362332198],[10.407307372727848,106.03204931768096],[10.407290751494825,106.03201770142546],[10.407268383079602,106.03198998955175],[10.407241127088957,106.03196724701205],[10.407210030956458,106.03195034778895],[10.407176289689993,106.0319399413088],[10.407141199948146,106.03193642748488],[10.407106110210252,106.03193994134915],[10.407072368955022,106.03195034786351],[10.407041272839345,106.03196724710946],[10.407014016868544,106.03198998965719],[10.406991648473161,106.03201770152288],[10.406975027256962,106.03204931775551],[10.406964791963004,106.03208362336233],[10.406961335927253,106.0321193],[10.406964791963004,106.0321549766377],[10.406975027256962,106.0321892822445],[10.406991648473161,106.03222089847714],[10.407014016868544,106.03224861034282],[10.407041272839345,106.03227135289055],[10.407072368955022,106.03228825213651],[10.407106110210252,106.03229865865086],[10.407141199948146,106.03230217251513]]}]}]}