{"id":538,"ref":"Trạm thu phí","highways":[{"ways":[{"nodes":[[104.2314481,23.4305632]],"buffer_geometry":[[23.43056319987765,104.23164412802517],[23.430598289622186,104.23164036145266],[23.430632030896284,104.23162920637455],[23.430663127040223,104.23161109146928],[23.430690383044357,104.23158671287923],[23.430712751473067,104.23155700745882],[23.430729372717526,104.2315231167718],[23.43073960803037,104.23148634322158],[23.430743064072747,104.2314481],[23.43073960803037,104.23140985677841],[23.430729372717526,104.23137308322818],[23.430712751473067,104.23133919254117],[23.430690383044357,104.23130948712074],[23.430663127040223,104.2312851085307],[23.430632030896284,104.23126699362544],[23.430598289622186,104.23125583854731],[23.43056319987765,104.23125207197481],[23.43052811014244,104.23125583864937],[23.430494368894852,104.23126699381402],[23.43046327279061,104.23128510877707],[23.430436016833294,104.23130948738742],[23.430413648451403,104.23133919278756],[23.430397027246638,104.23137308341677],[23.430386791960323,104.23140985688046],[23.430383335927257,104.2314481],[23.430386791960323,104.23148634311951],[23.430397027246638,104.23152311658322],[23.430413648451403,104.23155700721242],[23.430436016833294,104.23158671261255],[23.43046327279061,104.2316110912229],[23.430494368894852,104.23162920618597],[23.43052811014244,104.2316403613506],[23.43056319987765,104.23164412802517]]}]}]}