{"id":444,"ref":"Trạm thu phí","highways":[{"ways":[{"nodes":[[106.3714743,21.4910087]],"buffer_geometry":[[21.49100869988884,106.37166760348379],[21.491043789632947,106.37166388925726],[21.491077530905834,106.3716528892167],[21.491108627047957,106.3716350260831],[21.49113588304995,106.37161098632367],[21.49115825147652,106.3715816937719],[21.49117487271916,106.37154827412513],[21.49118510803079,106.37151201168462],[21.491188564072743,106.3714743],[21.49118510803079,106.37143658831539],[21.49117487271916,106.37140032587487],[21.49115825147652,106.3713669062281],[21.49113588304995,106.37133761367635],[21.491108627047957,106.37131357391692],[21.491077530905834,106.3712957107833],[21.491043789632947,106.37128471074276],[21.49100869988884,106.37128099651622],[21.4909736101532,106.37128471083419],[21.490939868904402,106.37129571095225],[21.490908772798342,106.37131357413766],[21.49088151683889,106.37133761391526],[21.490859148454852,106.37136690644886],[21.490842527248272,106.37140032604381],[21.490832291960746,106.37143658840684],[21.490828835927253,106.3714743],[21.490832291960746,106.37151201159318],[21.490842527248272,106.3715482739562],[21.490859148454852,106.37158169355116],[21.49088151683889,106.37161098608475],[21.490908772798342,106.37163502586235],[21.490939868904402,106.37165288904775],[21.4909736101532,106.37166388916583],[21.49100869988884,106.37166760348379]]}]}]}