{"id":853,"ref":"Trạm thu phí","highways":[{"ways":[{"nodes":[[107.2493395,23.9630456]],"buffer_geometry":[[23.963045599874526,107.24953632925833],[23.963080689619176,107.24953254729188],[23.96311443089362,107.24952134662027],[23.963145527038062,107.24950315767397],[23.963172783042793,107.24947867944061],[23.963195151472107,107.24944885260378],[23.963211772717067,107.24941482339327],[23.96322200803025,107.24937789953594],[23.96322546407275,107.2493395],[23.96322200803025,107.24930110046407],[23.963211772717067,107.24926417660674],[23.963195151472107,107.24923014739623],[23.963172783042793,107.2492003205594],[23.963145527038062,107.24917584232603],[23.96311443089362,107.24915765337974],[23.963080689619176,107.24914645270813],[23.963045599874526,107.24914267074168],[23.963010510139437,107.24914645281324],[23.962976768892183,107.24915765357393],[23.96294567278845,107.24917584257975],[23.962918416831734,107.249200320834],[23.96289604845044,107.24923014764995],[23.962879427246186,107.24926417680092],[23.96286919196021,107.24930110056916],[23.962865735927256,107.2493395],[23.96286919196021,107.24937789943085],[23.962879427246186,107.24941482319909],[23.96289604845044,107.24944885235006],[23.962918416831734,107.24947867916599],[23.96294567278845,107.24950315742026],[23.962976768892183,107.24952134642608],[23.963010510139437,107.24953254718677],[23.963045599874526,107.24953632925833]]}]}]}