{"id":801,"ref":"Trạm thu phí","highways":[{"ways":[{"nodes":[[106.5726631,20.9084412]],"buffer_geometry":[[20.908441199892142,106.57285564263827],[20.908476289636123,106.57285194302966],[20.908510030908655,106.57284098628428],[20.908541127050242,106.57282319345947],[20.9085683830516,106.57279924832065],[20.90859075147754,106.57277007106508],[20.908607372719647,106.57273678295934],[20.90861760803092,106.57270066324949],[20.90862106407274,106.5726631],[20.90861760803092,106.57262553675052],[20.908607372719647,106.57258941704067],[20.90859075147754,106.57255612893493],[20.9085683830516,106.57252695167936],[20.908541127050242,106.57250300654054],[20.908510030908655,106.57248521371574],[20.908476289636123,106.57247425697035],[20.908441199892142,106.57247055736174],[20.908406110156378,106.57247425705873],[20.90837236890722,106.572485213879],[20.908341272800627,106.57250300675388],[20.908314016840542,106.57252695191028],[20.908291648455872,106.57255612914825],[20.90827502724876,106.57258941720394],[20.908264791960875,106.57262553683888],[20.908261335927254,106.5726631],[20.908264791960875,106.57270066316113],[20.90827502724876,106.57273678279606],[20.908291648455872,106.57277007085175],[20.908314016840542,106.57279924808974],[20.908341272800627,106.57282319324614],[20.90837236890722,106.572840986121],[20.908406110156378,106.57285194294128],[20.908441199892142,106.57285564263827]]}]}]}