{"id":695,"ref":"Trạm thu phí","highways":[{"ways":[{"nodes":[[106.6018002,10.8251583]],"buffer_geometry":[[10.825158299946017,106.60198332276471],[10.825193389687943,106.60197980413318],[10.825227130954639,106.60196938341313],[10.825258227087486,106.60195246106495],[10.825285483078538,106.60192968740368],[10.825307851494172,106.60190193760785],[10.825324472727537,106.60187027808702],[10.825334708032969,106.60183592550017],[10.825338164072745,106.6018002],[10.825334708032969,106.60176447449983],[10.825324472727537,106.60173012191298],[10.825307851494172,106.60169846239215],[10.825285483078538,106.60167071259632],[10.825258227087486,106.60164793893505],[10.825227130954639,106.60163101658686],[10.825193389687943,106.60162059586682],[10.825158299946017,106.60161707723529],[10.825123210208202,106.60162059590888],[10.825089468953207,106.6016310166646],[10.825058372837875,106.6016479390366],[10.825031116867478,106.60167071270624],[10.825008748472506,106.60169846249372],[10.824992127256651,106.60173012199071],[10.824981891962926,106.6017644745419],[10.824978435927255,106.6018002],[10.824981891962926,106.6018359254581],[10.824992127256651,106.60187027800929],[10.825008748472506,106.60190193750628],[10.825031116867478,106.60192968729376],[10.825058372837875,106.6019524609634],[10.825089468953207,106.6019693833354],[10.825123210208202,106.60197980409112],[10.825158299946017,106.60198332276471]]}]}]}