{"id":647,"ref":"Trạm thu phí","highways":[{"ways":[{"nodes":[[105.7727931,10.0059877]],"buffer_geometry":[[10.00598769995019,105.77297574213254],[10.006022789691958,105.77297223273455],[10.006056530958201,105.77296183936379],[10.006087627090372,105.77294496142986],[10.006114883080626,105.77292224754103],[10.006137251495458,105.77289457057887],[10.006153872728149,105.77286299415394],[10.006164108033127,105.7728287317318],[10.006167564072744,105.7727931],[10.006164108033127,105.7727574682682],[10.006153872728149,105.77272320584606],[10.006137251495458,105.77269162942113],[10.006114883080626,105.77266395245896],[10.006087627090372,105.77264123857013],[10.006056530958201,105.7726243606362],[10.006022789691958,105.77261396726546],[10.00598769995019,105.77261045786744],[10.005952610212217,105.77261396730417],[10.005918868956769,105.77262436070772],[10.005887772840758,105.7726412386636],[10.005860516869566,105.77266395256012],[10.005838148473794,105.7726916295146],[10.005821527257263,105.77272320591759],[10.005811291963083,105.7727574683069],[10.005807835927255,105.7727931],[10.005811291963083,105.7728287316931],[10.005821527257263,105.7728629940824],[10.005838148473794,105.77289457048539],[10.005860516869566,105.77292224743987],[10.005887772840758,105.7729449613364],[10.005918868956769,105.77296183929226],[10.005952610212217,105.77297223269582],[10.00598769995019,105.77297574213254]]}]}]}