{"id":368,"ref":"Trạm thu phí","highways":[{"ways":[{"nodes":[[107.0009565,22.3517925]],"buffer_geometry":[[22.351792499883913,107.0011509757493],[22.3518275896282,107.00114723900033],[22.35186133090163,107.00113617225308],[22.35189242704455,107.00111820079184],[22.351919683047488,107.00109401524661],[22.351942051474996,107.00106454505331],[22.35195867271844,107.001030922736],[22.351968908030603,107.00099444038459],[22.351972364072747,107.0009565],[22.351968908030603,107.00091855961541],[22.35195867271844,107.000882077264],[22.351942051474996,107.00084845494669],[22.351919683047488,107.0008189847534],[22.35189242704455,107.00079479920818],[22.35186133090163,107.00077682774692],[22.3518275896282,107.00076576099967],[22.351792499883913,107.0007620242507],[22.351757410148462,107.00076576109574],[22.351723668900195,107.00077682792441],[22.35169257279494,107.0007947994401],[22.351665316836424,107.00081898500441],[22.351642948453335,107.00084845517861],[22.351626327247555,107.0008820774415],[22.35161609196056,107.00091855971148],[22.351612635927253,107.0009565],[22.35161609196056,107.00099444028852],[22.351626327247555,107.0010309225585],[22.351642948453335,107.00106454482139],[22.351665316836424,107.00109401499559],[22.35169257279494,107.0011182005599],[22.351723668900195,107.00113617207559],[22.351757410148462,107.00114723890427],[22.351792499883913,107.0011509757493]]}]}]}