{"id":160,"ref":"Trạm thu phí","highways":[{"ways":[{"nodes":[[109.5659606,21.7636068]],"buffer_geometry":[[21.76360679988729,109.56615426846554],[21.763641889631455,109.56615054722671],[21.763675630904512,109.56613952641722],[21.763706727046888,109.56612162955608],[21.763733983049175,109.56609754440665],[21.763756351476044,109.56606819654665],[21.76377297271894,109.56603471379894],[21.763783208030734,109.56599838288975],[21.763786664072747,109.5659606],[21.763783208030734,109.56592281711025],[21.76377297271894,109.56588648620105],[21.763756351476044,109.56585300345334],[21.763733983049175,109.56582365559335],[21.763706727046888,109.56579957044391],[21.763675630904512,109.56578167358276],[21.763641889631455,109.56577065277327],[21.76360679988729,109.56576693153444],[21.763571710151712,109.56577065286616],[21.76353796890308,109.5657816737544],[21.763506872797272,109.56579957066816],[21.76347961683812,109.56582365583607],[21.76345724845438,109.56585300367759],[21.763440627248052,109.56588648637268],[21.763430391960693,109.56592281720313],[21.763426935927257,109.5659606],[21.763430391960693,109.56599838279686],[21.763440627248052,109.56603471362732],[21.76345724845438,109.5660681963224],[21.76347961683812,109.56609754416392],[21.763506872797272,109.56612162933183],[21.76353796890308,109.56613952624559],[21.763571710151712,109.56615054713383],[21.76360679988729,109.56615426846554]]}]}]}