{"id":966,"ref":"Trạm thu phí","highways":[{"ways":[{"nodes":[[105.8962614,10.3350201]],"buffer_geometry":[[10.335020099948517,105.89644423039213],[10.335055189690348,105.89644071737744],[10.335088930956774,105.89643031329422],[10.335120027089214,105.89641341796361],[10.335147283079788,105.89639068066242],[10.335169651494942,105.89636297517191],[10.335186272727903,105.89633136619902],[10.335196508033064,105.89629706846011],[10.335199964072745,105.8962614],[10.335196508033064,105.8962257315399],[10.335186272727903,105.896191433801],[10.335169651494942,105.8961598248281],[10.335147283079788,105.8961321193376],[10.335120027089214,105.8961093820364],[10.335088930956774,105.8960924867058],[10.335055189690348,105.89608208262257],[10.335020099948517,105.89607856960788],[10.334985010210607,105.89608208266262],[10.334951268955338,105.8960924867798],[10.3349201728396,105.89610938213309],[10.334892916868728,105.89613211944226],[10.334870548473276,105.8961598249248],[10.334853927257019,105.89619143387502],[10.334843691963021,105.89622573157996],[10.334840235927254,105.8962614],[10.334843691963021,105.89629706842005],[10.334853927257019,105.896331366125],[10.334870548473276,105.8963629750752],[10.334892916868728,105.89639068055776],[10.3349201728396,105.89641341786691],[10.334951268955338,105.89643031322021],[10.334985010210607,105.89644071733738],[10.335020099948517,105.89644423039213]]}]}]}