{"id":760,"ref":"Trạm thu phí","highways":[{"ways":[{"nodes":[[105.4423758,23.7142008]],"buffer_geometry":[[23.71420079987599,105.44257225189256],[23.714235889620582,105.44256847717635],[23.714269630894865,105.44255729797842],[23.714300727039074,105.44253914390407],[23.714327983043525,105.44251471260084],[23.714350351472554,105.44248494294885],[23.714366972717283,105.4424509789803],[23.714377208030307,105.44241412591481],[23.714380664072742,105.4423758],[23.714377208030307,105.44233747408516],[23.714366972717283,105.44230062101968],[23.714350351472554,105.44226665705114],[23.714327983043525,105.44223688739913],[23.714300727039074,105.44221245609592],[23.714269630894865,105.44219430202156],[23.714235889620582,105.44218312282364],[23.71420079987599,105.44217934810743],[23.714165710140843,105.44218312292729],[23.714131968893433,105.44219430221311],[23.71410087278946,105.44221245634618],[23.714073616832465,105.44223688767003],[23.71405124845089,105.4422666573014],[23.7140346272464,105.44230062121123],[23.714024391960262,105.44233747418885],[23.714020935927255,105.4423758],[23.714024391960262,105.44241412581114],[23.7140346272464,105.44245097878876],[23.71405124845089,105.44248494269858],[23.714073616832465,105.44251471232995],[23.71410087278946,105.44253914365379],[23.714131968893433,105.44255729778688],[23.714165710140843,105.44256847707268],[23.71420079987599,105.44257225189256]]}]}]}