{"id":174,"ref":"Trạm thu phí","highways":[{"ways":[{"nodes":[[103.9411538,22.544049]],"buffer_geometry":[[22.544048999882808,103.94134854554322],[22.54408408962714,103.94134480361076],[22.54411783090069,103.94133372151114],[22.544148927043786,103.94131572511854],[22.544176183046932,103.9412915060211],[22.544198551474658,103.94126199494406],[22.54421517271828,103.94122832598264],[22.544225408030567,103.94119179301929],[22.544228864072746,103.9411538],[22.544225408030567,103.9411158069807],[22.54421517271828,103.94107927401735],[22.544198551474658,103.94104560505595],[22.544176183046932,103.9410160939789],[22.544148927043786,103.94099187488146],[22.54411783090069,103.94097387848885],[22.54408408962714,103.94096279638924],[22.544048999882808,103.94095905445678],[22.544013910147402,103.94096279648635],[22.543980168899253,103.9409738786683],[22.543949072794174,103.94099187511591],[22.543921816835876,103.94101609423268],[22.543899448452997,103.9410456052904],[22.543882827247398,103.94107927419681],[22.543872591960522,103.94111580707782],[22.543869135927253,103.9411538],[22.543872591960522,103.94119179292218],[22.543882827247398,103.9412283258032],[22.543899448452997,103.94126199470959],[22.543921816835876,103.94129150576731],[22.543949072794174,103.94131572488408],[22.543980168899253,103.9413337213317],[22.544013910147402,103.94134480351364],[22.544048999882808,103.94134854554322]]}]}]}