{"id":888,"ref":"Trạm thu phí","highways":[{"ways":[{"nodes":[[103.0066356,21.4016269]],"buffer_geometry":[[21.40162689988935,103.00682878506072],[21.401661989633432,103.00682507310944],[21.401695730906273,103.00681407980763],[21.401726827048307,103.00679622761733],[21.401754083050204,103.00677220258531],[21.401776451476678,103.006742927979],[21.40179307271924,103.00670952880616],[21.401803308030807,103.00667328858118],[21.401806764072745,103.0066356],[21.401803308030807,103.00659791141881],[21.40179307271924,103.00656167119384],[21.401776451476678,103.00652827202099],[21.401754083050204,103.00649899741468],[21.401726827048307,103.00647497238266],[21.401695730906273,103.00645712019237],[21.401661989633432,103.00644612689055],[21.40162689988935,103.00644241493927],[21.401591810153693,103.00644612698152],[21.401558068904837,103.00645712036044],[21.401526972798695,103.00647497260225],[21.401499716839144,103.00649899765237],[21.401477348455014,103.00652827224059],[21.40146072724835,103.00656167136191],[21.401450491960766,103.00659791150977],[21.401447035927255,103.0066356],[21.401450491960766,103.00667328849022],[21.40146072724835,103.00670952863808],[21.401477348455014,103.0067429277594],[21.401499716839144,103.00677220234762],[21.401526972798695,103.00679622739774],[21.401558068904837,103.00681407963955],[21.401591810153693,103.00682507301848],[21.40162689988935,103.00682878506072]]}]}]}