{"id":805,"ref":"Trạm thu phí","highways":[{"ways":[{"nodes":[[105.9312135,9.6597376]],"buffer_geometry":[[9.659737599951946,105.93139595093044],[9.659772689693646,105.93139244520562],[9.659806430959701,105.93138206271479],[9.659837527091584,105.93136520244943],[9.659864783081503,105.93134251233889],[9.659887151496,105.93131486435097],[9.659903772728404,105.93128332098277],[9.659914008033194,105.93124909442942],[9.659917464072743,105.9312135],[9.659914008033194,105.93117790557058],[9.659903772728404,105.93114367901724],[9.659887151496,105.93111213564903],[9.659864783081503,105.93108448766111],[9.659837527091584,105.93106179755057],[9.659806430959701,105.93104493728522],[9.659772689693646,105.9310345547944],[9.659737599951946,105.93103104906956],[9.659702510213906,105.93103455483168],[9.659668768958264,105.93104493735416],[9.65963767284197,105.93106179764065],[9.659610416870443,105.93108448775861],[9.659588048474335,105.9311121357391],[9.65957142725752,105.93114367908618],[9.65956119196315,105.93117790560788],[9.659557735927253,105.9312135],[9.65956119196315,105.93124909439213],[9.65957142725752,105.93128332091383],[9.659588048474335,105.93131486426091],[9.659610416870443,105.9313425122414],[9.65963767284197,105.93136520235936],[9.659668768958264,105.93138206264585],[9.659702510213906,105.93139244516831],[9.659737599951946,105.93139595093044]]}]}]}