{"id":885,"ref":"Trạm thu phí","highways":[{"ways":[{"nodes":[[106.6440943,10.4628211]],"buffer_geometry":[[10.462821099947863,106.64427720524705],[10.462856189689719,106.6442736907943],[10.462889930956214,106.64426328245163],[10.462921027088761,106.64424638020384],[10.462948283079461,106.64422363359351],[10.46297065149474,106.6441959167597],[10.462987272727805,106.64416429484523],[10.462997508033038,106.64412998306385],[10.463000964072743,106.6440943],[10.462997508033038,106.64405861693618],[10.462987272727805,106.64402430515479],[10.46297065149474,106.64399268324031],[10.462948283079461,106.6439649664065],[10.462921027088761,106.64394221979617],[10.462889930956214,106.64392531754838],[10.462856189689719,106.64391490920572],[10.462821099947863,106.64391139475296],[10.46278601020998,106.64391490924629],[10.46275226895478,106.64392531762337],[10.462721172839148,106.64394221989413],[10.4626939168684,106.64396496651253],[10.462671548473073,106.64399268333827],[10.46265492725692,106.64402430522976],[10.462644691962993,106.64405861697675],[10.462641235927252,106.6440943],[10.462644691962993,106.64412998302326],[10.46265492725692,106.64416429477025],[10.462671548473073,106.64419591666174],[10.4626939168684,106.64422363348748],[10.462721172839148,106.64424638010588],[10.46275226895478,106.64426328237664],[10.46278601020998,106.64427369075372],[10.462821099947863,106.64427720524705]]}]}]}