{"id":98,"ref":"Trạm thu phí","highways":[{"ways":[{"nodes":[[106.5922168,23.8772929]],"buffer_geometry":[[23.877292899875027,106.59241349863422],[23.87732798961966,106.59240971917741],[23.877361730894044,106.59239852593886],[23.87739282703841,106.5923803490634],[23.877420083043045,106.59235588707477],[23.877442451472255,106.59232608003231],[23.877459072717144,106.59229207340512],[23.877469308030268,106.59225517405218],[23.877472764072742,106.5922168],[23.877469308030268,106.59217842594782],[23.877459072717144,106.59214152659489],[23.877442451472255,106.5921075199677],[23.877420083043045,106.59207771292523],[23.87739282703841,106.5920532509366],[23.877361730894044,106.59203507406114],[23.87732798961966,106.5920238808226],[23.877292899875027,106.59202010136579],[23.87725781013992,106.5920238809272],[23.877224068892616,106.59203507425441],[23.877192972788794,106.59205325118914],[23.877165716831986,106.59207771319856],[23.877143348450595,106.59210752022022],[23.877126727246257,106.59214152678817],[23.877116491960226,106.59217842605243],[23.877113035927255,106.5922168],[23.877116491960226,106.59225517394759],[23.877126727246257,106.59229207321184],[23.877143348450595,106.59232607977978],[23.877165716831986,106.59235588680144],[23.877192972788794,106.59238034881086],[23.877224068892616,106.5923985257456],[23.87725781013992,106.5924097190728],[23.877292899875027,106.59241349863422]]}]}]}