{"id":757,"ref":"Trạm thu phí","highways":[{"ways":[{"nodes":[[102.8462778,23.8372386]],"buffer_geometry":[[23.837238599875263,102.84647443783112],[23.837273689619888,102.84647065954252],[23.83730743089425,102.84645946976391],[23.837338527038572,102.84644129850719],[23.837365783043165,102.8464168440802],[23.837388151472332,102.84638704625164],[23.837404772717175,102.84635305013657],[23.837415008030277,102.84631616218996],[23.837418464072744,102.8462778],[23.837415008030277,102.84623943781003],[23.837404772717175,102.84620254986342],[23.837388151472332,102.84616855374836],[23.837365783043165,102.8461387559198],[23.837338527038572,102.8461143014928],[23.83730743089425,102.84609613023608],[23.837273689619888,102.84608494045747],[23.837238599875263,102.84608116216887],[23.837203510140142,102.84608494056185],[23.837169768892814,102.84609613042893],[23.83713867278896,102.84611430174478],[23.8371114168321,102.84613875619253],[23.837089048450668,102.84616855400033],[23.83707242724629,102.84620255005628],[23.837062191960236,102.84623943791438],[23.837058735927254,102.8462778],[23.837062191960236,102.84631616208561],[23.83707242724629,102.84635304994372],[23.837089048450668,102.84638704599966],[23.8371114168321,102.84641684380746],[23.83713867278896,102.84644129825521],[23.837169768892814,102.84645946957106],[23.837203510140142,102.84647065943814],[23.837238599875263,102.84647443783112]]}]}]}