{"id":228,"ref":"Trạm thu phí","highways":[{"ways":[{"nodes":[[108.3369795,22.7194052]],"buffer_geometry":[[22.719405199881795,108.3371744941915],[22.71944028962616,108.33717074748184],[22.71947403089982,108.33715965123311],[22.719505127043085,108.3371416318632],[22.719532383046428,108.33711738184326],[22.719554751474348,108.33708783308681],[22.719571372718136,108.33705412113711],[22.719581608030524,108.33701754152865],[22.719585064072746,108.3369795],[22.719581608030524,108.33694145847134],[22.719571372718136,108.33690487886288],[22.719554751474348,108.33687116691318],[22.719532383046428,108.33684161815674],[22.719505127043085,108.33681736813679],[22.71947403089982,108.33679934876689],[22.71944028962616,108.33678825251816],[22.719405199881795,108.33678450580848],[22.719370110146425,108.33678825261624],[22.719336368898386,108.33679934894812],[22.719305272793473,108.33681736837357],[22.719278016835368,108.33684161841303],[22.719255648452684,108.33687116714998],[22.719239027247244,108.33690487904411],[22.719228791960482,108.33694145856941],[22.719225335927256,108.3369795],[22.719228791960482,108.33701754143057],[22.719239027247244,108.33705412095588],[22.719255648452684,108.33708783285002],[22.719278016835368,108.33711738158695],[22.719305272793473,108.33714163162641],[22.719336368898386,108.33715965105188],[22.719370110146425,108.33717074738375],[22.719405199881795,108.3371744941915]]}]}]}