{"id":111,"ref":"Trạm thu phí","highways":[{"ways":[{"nodes":[[108.2286605,15.930717]],"buffer_geometry":[[15.930716999919417,108.22884754777375],[15.930752089662356,108.2288439537353],[15.930785830931937,108.22883330966903],[15.930816927069099,108.22881602461734],[15.93084418306524,108.22879276283304],[15.930866551485959,108.22876441825268],[15.930883172723645,108.22873208014333],[15.930893408031956,108.2286969912425],[15.930896864072745,108.2286605],[15.930893408031956,108.22862400875752],[15.930883172723645,108.22858891985668],[15.930866551485959,108.22855658174733],[15.93084418306524,108.22852823716698],[15.930816927069099,108.22850497538266],[15.930785830931937,108.22848769033098],[15.930752089662356,108.22847704626471],[15.930716999919417,108.22847345222625],[15.930681910182612,108.22847704632886],[15.930648168930503,108.2284876904495],[15.930617072819485,108.22850497553752],[15.93058981685418,108.22852823733459],[15.930567448464299,108.22855658190218],[15.930550827252757,108.22858891997518],[15.930540591961913,108.22862400882167],[15.930537135927258,108.2286605],[15.930540591961913,108.22869699117835],[15.930550827252757,108.22873208002483],[15.930567448464299,108.22876441809782],[15.93058981685418,108.22879276266544],[15.930617072819485,108.2288160244625],[15.930648168930503,108.22883330955051],[15.930681910182612,108.22884395367116],[15.930716999919417,108.22884754777375]]}]}]}