{"id":477,"ref":"Trạm thu phí","highways":[{"ways":[{"nodes":[[108.5184263,15.5485524]],"buffer_geometry":[[15.548552399921446,108.51861299648264],[15.54858748966431,108.51860940919329],[15.548621230933666,108.51859878511677],[15.5486523270705,108.51858153252738],[15.548679583066251,108.51855831443044],[15.548701951486587,108.5185300230837],[15.548718572723939,108.51849774570846],[15.548728808032033,108.51846272270814],[15.548732264072742,108.51842630000002],[15.548728808032033,108.51838987729188],[15.548718572723939,108.51835485429156],[15.548701951486587,108.51832257691632],[15.548679583066251,108.51829428556958],[15.5486523270705,108.51827106747264],[15.548621230933666,108.51825381488325],[15.54858748966431,108.51824319080673],[15.548552399921446,108.51823960351737],[15.54851731018457,108.51824319086914],[15.548483568932234,108.51825381499857],[15.548452472820886,108.5182710676233],[15.548425216855192,108.51829428573265],[15.548402848464919,108.51832257706698],[15.54838622725305,108.51835485440688],[15.54837599196199,108.5183898773543],[15.548372535927255,108.51842630000002],[15.54837599196199,108.51846272264572],[15.54838622725305,108.51849774559314],[15.548402848464919,108.51853002293304],[15.548425216855192,108.51855831426737],[15.548452472820886,108.51858153237671],[15.548483568932234,108.51859878500144],[15.54851731018457,108.51860940913087],[15.548552399921446,108.51861299648264]]}]}]}