{"id":785,"ref":"Trạm thu phí","highways":[{"ways":[{"nodes":[[103.7936772,10.9534995]],"buffer_geometry":[[10.95349949994536,103.79386040169283],[10.953534589687314,103.79385688154497],[10.95356833095408,103.79384645633367],[10.953599427087033,103.79382952669192],[10.95362668307821,103.79380674321497],[10.953649051493969,103.79377898145859],[10.953665672727443,103.79374730829198],[10.953675908032942,103.79371294089856],[10.953679364072745,103.79367720000002],[10.953675908032942,103.79364145910147],[10.953665672727443,103.79360709170804],[10.953649051493969,103.79357541854144],[10.95362668307821,103.79354765678505],[10.953599427087033,103.7935248733081],[10.95356833095408,103.79350794366636],[10.953534589687314,103.79349751845506],[10.95349949994536,103.7934939983072],[10.95346441020757,103.79349751849766],[10.953430668952645,103.79350794374506],[10.95339957283742,103.79352487341093],[10.953372316867151,103.79354765689635],[10.953349948472303,103.79357541864427],[10.953333327256555,103.79360709178674],[10.953323091962899,103.79364145914406],[10.953319635927256,103.79367720000002],[10.953323091962899,103.79371294085597],[10.953333327256555,103.79374730821328],[10.953349948472303,103.79377898135576],[10.953372316867151,103.79380674310367],[10.95339957283742,103.79382952658909],[10.953430668952645,103.79384645625497],[10.95346441020757,103.79385688150236],[10.95349949994536,103.79386040169283]]}]}]}