{"id":553,"ref":"Trạm thu phí","highways":[{"ways":[{"nodes":[[109.8603201,19.0808058]],"buffer_geometry":[[19.080805799902343,109.86051042057484],[19.080840889645934,109.8605067636579],[19.08087463091736,109.86049593335679],[19.080905727057292,109.86047834587004],[19.0809329830567,109.8604546770724],[19.080955351480686,109.86042583654158],[19.08097197272114,109.8603929326039],[19.080982208031305,109.86035722974178],[19.08098566407274,109.8603201],[19.080982208031305,109.86028297025823],[19.08097197272114,109.8602472673961],[19.080955351480686,109.86021436345843],[19.0809329830567,109.86018552292761],[19.080905727057292,109.86016185412997],[19.08087463091736,109.86014426664322],[19.080840889645934,109.86013343634211],[19.080805799902343,109.86012977942516],[19.080770710166192,109.8601334364212],[19.08073696891593,109.86014426678936],[19.08070587280768,109.86016185432089],[19.080678616845642,109.86018552313426],[19.080656248459025,109.86021436364936],[19.080639627250257,109.86024726754223],[19.080629391961267,109.86028297033732],[19.080625935927255,109.8603201],[19.080629391961267,109.86035722966268],[19.080639627250257,109.86039293245777],[19.080656248459025,109.86042583635064],[19.080678616845642,109.86045467686574],[19.08070587280768,109.86047834567911],[19.08073696891593,109.86049593321064],[19.080770710166192,109.86050676357881],[19.080805799902343,109.86051042057484]]}]}]}