{"id":825,"ref":"Trạm thu phí","highways":[{"ways":[{"nodes":[[107.3907281,11.9120625]],"buffer_geometry":[[11.912062499940442,107.39091192259093],[11.912097589682581,107.39090839051468],[11.91213133094988,107.39089792997241],[11.912162427083631,107.39088094295464],[11.912189683075749,107.39085808226145],[11.912212051492448,107.3908302264159],[11.91222867272672,107.39079844590307],[11.912238908032753,107.39076396203176],[11.912242364072743,107.3907281],[11.912238908032753,107.39069223796825],[11.91222867272672,107.39065775409692],[11.912212051492448,107.3906259735841],[11.912189683075749,107.39059811773856],[11.912162427083631,107.39057525704537],[11.91213133094988,107.3905582700276],[11.912097589682581,107.39054780948533],[11.912062499940442,107.39054427740908],[11.912027410202839,107.39054780953191],[11.911993668948446,107.39055827011367],[11.911962572834017,107.39057525715783],[11.911935316864689,107.39059811786028],[11.911912948470784,107.39062597369656],[11.911896327255832,107.390657754183],[11.91188609196271,107.39069223801484],[11.911882635927252,107.3907281],[11.91188609196271,107.39076396198516],[11.911896327255832,107.390798445817],[11.911912948470784,107.39083022630344],[11.911935316864689,107.39085808213972],[11.911962572834017,107.39088094284217],[11.911993668948446,107.39089792988632],[11.912027410202839,107.39090839046808],[11.912062499940442,107.39091192259093]]}]}]}