{"id":83,"ref":"Trạm thu phí","highways":[{"ways":[{"nodes":[[102.0261667,15.9797821]],"buffer_geometry":[[15.979782099919152,102.02635379357426],[15.979817189662105,102.02635019865589],[15.979850930931708,102.0263395519834],[15.979882027068914,102.02632226269937],[15.979909283065107,102.02629899521918],[15.979931651485877,102.02627064369835],[15.979948272723604,102.02623829767064],[15.979958508031947,102.02620320017785],[15.979961964072745,102.0261667],[15.979958508031947,102.02613019982216],[15.979948272723604,102.02609510232936],[15.979931651485877,102.02606275630166],[15.979909283065107,102.02603440478083],[15.979882027068914,102.02601113730064],[15.979850930931708,102.02599384801661],[15.979817189662105,102.02598320134412],[15.979782099919152,102.02597960642575],[15.979747010182365,102.02598320140848],[15.979713268930277,102.02599384813554],[15.9796821728193,102.02601113745604],[15.979654916854047,102.02603440494902],[15.979632548464213,102.02606275645705],[15.979615927252716,102.0260951024483],[15.979605691961904,102.02613019988654],[15.979602235927254,102.0261667],[15.979605691961904,102.02620320011349],[15.979615927252716,102.02623829755171],[15.979632548464213,102.02627064354296],[15.979654916854047,102.026298995051],[15.9796821728193,102.02632226254397],[15.979713268930277,102.02633955186447],[15.979747010182365,102.02635019859153],[15.979782099919152,102.02635379357426]]}]}]}