{"id":107,"ref":"Trạm thu phí","highways":[{"ways":[{"nodes":[[106.5574592,10.681678]],"buffer_geometry":[[10.68167799994675,106.55764223569354],[10.68171308968865,106.55763871873474],[10.681746830955266,106.55762830296929],[10.681777927087992,106.5576113886672],[10.681805183078904,106.55758862583428],[10.681827551494397,106.55756088923297],[10.681844172727645,106.55752924476576],[10.681854408032997,106.55749490851314],[10.681857864072747,106.5574592],[10.681854408032997,106.55742349148687],[10.681844172727645,106.55738915523425],[10.681827551494397,106.55735751076702],[10.681805183078904,106.55732977416571],[10.681777927087992,106.5573070113328],[10.681746830955266,106.5572900970307],[10.68171308968865,106.55727968126526],[10.68167799994675,106.55727616430647],[10.681642910208907,106.55727968130674],[10.681609168953832,106.55729009710734],[10.68157807283838,106.55730701143293],[10.681550816867846,106.5573297742741],[10.681528448472733,106.55735751086716],[10.68151182725676,106.55738915531087],[10.681501591962954,106.55742349152834],[10.681498135927255,106.5574592],[10.681501591962954,106.55749490847165],[10.68151182725676,106.55752924468914],[10.681528448472733,106.55756088913283],[10.681550816867846,106.55758862572591],[10.68157807283838,106.55761138856707],[10.681609168953832,106.55762830289265],[10.681642910208907,106.55763871869325],[10.68167799994675,106.55764223569354]]}]}]}