{"id":837,"ref":"Trạm thu phí","highways":[{"ways":[{"nodes":[[109.5472044,22.2235367]],"buffer_geometry":[[22.223536699884654,109.54739869739817],[22.223571789628917,109.5473949640758],[22.22360553090226,109.54738390747748],[22.223636627045064,109.54736595249743],[22.223663883047855,109.5473417891324],[22.223686251475232,109.54731234596589],[22.22370287271855,109.54727875448334],[22.223713108030633,109.54724230558966],[22.223716564072745,109.5472044],[22.223713108030633,109.54716649441033],[22.22370287271855,109.54713004551665],[22.223686251475232,109.5470964540341],[22.223663883047855,109.54706701086758],[22.223636627045064,109.54704284750257],[22.22360553090226,109.54702489252251],[22.223571789628917,109.54701383592419],[22.223536699884654,109.54701010260183],[22.223501610149174,109.54701383601954],[22.22346786890083,109.54702489269873],[22.22343677279545,109.5470428477328],[22.2234095168368,109.5470670111168],[22.22338714845357,109.54709645426435],[22.223370527247663,109.54713004569287],[22.22336029196059,109.5471664945057],[22.223356835927255,109.5472044],[22.22336029196059,109.5472423054943],[22.223370527247663,109.54727875430711],[22.22338714845357,109.54731234573565],[22.2234095168368,109.54734178888319],[22.22343677279545,109.5473659522672],[22.22346786890083,109.54738390730127],[22.223501610149174,109.54739496398044],[22.223536699884654,109.54739869739817]]}]}]}