{"id":962,"ref":"Trạm thu phí","highways":[{"ways":[{"nodes":[[109.7126446,23.6207424]],"buffer_geometry":[[23.62074239987654,109.71284091149464],[23.620777489621116,109.71283713947588],[23.620811230895338,109.71282596826717],[23.620842327039455,109.71280782716683],[23.6208695830438,109.71278341332383],[23.620891951472725,109.71275366494731],[23.620908572717365,109.71271972525187],[23.62091880803033,109.71268289852426],[23.620922264072746,109.7126446],[23.62091880803033,109.71260630147574],[23.620908572717365,109.71256947474814],[23.620891951472725,109.7125355350527],[23.6208695830438,109.71250578667618],[23.620842327039455,109.71248137283318],[23.620811230895338,109.71246323173284],[23.620777489621116,109.71245206052413],[23.62074239987654,109.71244828850537],[23.62070731014137,109.71245206062727],[23.620673568893903,109.71246323192341],[23.620642472789843,109.71248137308217],[23.620615216832743,109.71250578694568],[23.620592848451064,109.71253553530168],[23.620576227246477,109.7125694749387],[23.620565991960284,109.71260630157886],[23.620562535927256,109.7126446],[23.620565991960284,109.71268289842114],[23.620576227246477,109.7127197250613],[23.620592848451064,109.71275366469833],[23.620615216832743,109.71278341305432],[23.620642472789843,109.71280782691784],[23.620673568893903,109.7128259680766],[23.62070731014137,109.71283713937274],[23.62074239987654,109.71284091149464]]}]}]}