{"id":476,"ref":"Trạm thu phí","highways":[{"ways":[{"nodes":[[108.5185122,15.5486334]],"buffer_geometry":[[15.548633399921446,108.51869889655607],[15.548668489664308,108.5186953092653],[15.548702230933664,108.51868468518461],[15.548733327070499,108.51866743258843],[15.548760583066251,108.51864421448236],[15.548782951486583,108.5186159231245],[15.548799572723938,108.51858364573656],[15.548809808032033,108.51854862272246],[15.548813264072741,108.5185122],[15.548809808032033,108.51847577727756],[15.548799572723938,108.51844075426347],[15.548782951486583,108.51840847687552],[15.548760583066251,108.51838018551766],[15.548733327070499,108.51835696741159],[15.548702230933664,108.51833971481541],[15.548668489664308,108.51832909073471],[15.548633399921446,108.51832550344395],[15.548598310184568,108.51832909079711],[15.548564568932232,108.51833971493072],[15.548533472820884,108.51835696756224],[15.548506216855195,108.51838018568071],[15.548483848464919,108.51840847702617],[15.548467227253049,108.51844075437877],[15.54845699196199,108.51847577733996],[15.548453535927251,108.5185122],[15.54845699196199,108.51854862266005],[15.548467227253049,108.51858364562123],[15.548483848464919,108.51861592297384],[15.548506216855195,108.5186442143193],[15.548533472820884,108.51866743243777],[15.548564568932232,108.5186846850693],[15.548598310184568,108.5186953092029],[15.548633399921446,108.51869889655607]]}]}]}