{"id":298,"ref":"Trạm thu phí","highways":[{"ways":[{"nodes":[[105.8158842,23.3730751]],"buffer_geometry":[[23.373075099877987,105.81608014292259],[23.373110189622505,105.81607637798514],[23.373143930896575,105.81606522774972],[23.373175027040457,105.81604712070869],[23.373202283044524,105.81602275270221],[23.373224651473173,105.81599306017797],[23.373241272717575,105.81595918420416],[23.37325150803038,105.81592242661873],[23.373254964072746,105.8158842],[23.37325150803038,105.81584597338127],[23.373241272717575,105.81580921579584],[23.373224651473173,105.81577533982204],[23.373202283044524,105.81574564729779],[23.373175027040457,105.81572127929131],[23.373143930896575,105.81570317225028],[23.373110189622505,105.81569202201486],[23.373075099877987,105.81568825707741],[23.373040010142763,105.81569202211658],[23.373006268895143,105.81570317243826],[23.37297517279084,105.81572127953692],[23.372947916833464,105.81574564756362],[23.372925548451512,105.81577534006763],[23.37290892724669,105.81580921598382],[23.37289869196034,105.815845973483],[23.372895235927256,105.8158842],[23.37289869196034,105.815922426517],[23.37290892724669,105.81595918401618],[23.372925548451512,105.81599305993237],[23.372947916833464,105.81602275243638],[23.37297517279084,105.81604712046308],[23.373006268895143,105.81606522756174],[23.373040010142763,105.81607637788342],[23.373075099877987,105.81608014292259]]}]}]}