{"id":21,"ref":"Trạm thu phí","highways":[{"ways":[{"nodes":[[107.3683216,22.3569959]],"buffer_geometry":[[22.356995899883884,107.36851608301258],[22.35703098962818,107.36851234612406],[22.357064730901605,107.36850127896352],[22.35709582704453,107.36848330683105],[22.35712308304747,107.36845912038257],[22.35714545147499,107.36842964908861],[22.357162072718438,107.36839602551558],[22.357172308030606,107.3683595418016],[22.357175764072746,107.3683216],[22.357172308030606,107.36828365819841],[22.357162072718438,107.36824717448444],[22.35714545147499,107.36821355091139],[22.35712308304747,107.36818407961744],[22.35709582704453,107.36815989316895],[22.357064730901605,107.3681419210365],[22.35703098962818,107.36813085387594],[22.356995899883884,107.36812711698742],[22.356960810148436,107.36813085397203],[22.356927068900173,107.36814192121405],[22.35689597279492,107.36815989340094],[22.356868716836413,107.36818407986854],[22.356846348453328,107.36821355114338],[22.356829727247554,107.36824717466199],[22.35681949196056,107.3682836582945],[22.356816035927256,107.3683216],[22.35681949196056,107.36835954170552],[22.356829727247554,107.36839602533801],[22.356846348453328,107.36842964885662],[22.356868716836413,107.36845912013146],[22.35689597279492,107.36848330659906],[22.356927068900173,107.36850127878596],[22.356960810148436,107.36851234602797],[22.356995899883884,107.36851608301258]]}]}]}