{"id":327,"ref":"Trạm thu phí","highways":[{"ways":[{"nodes":[[103.7908137,23.4236422]],"buffer_geometry":[[23.42364219987769,103.7910097177653],[23.42367728962222,103.79100595138992],[23.42371103089632,103.79099479689563],[23.42374212704025,103.79097668293846],[23.423769383044373,103.79095230562437],[23.42379175147308,103.7909226017587],[23.42380837271753,103.79088871284549],[23.423818608030366,103.79085194121997],[23.42382206407274,103.7908137],[23.423818608030366,103.79077545878003],[23.42380837271753,103.79073868715452],[23.42379175147308,103.79070479824131],[23.423769383044373,103.79067509437563],[23.42374212704025,103.79065071706152],[23.42371103089632,103.79063260310437],[23.42367728962222,103.79062144861008],[23.42364219987769,103.7906176822347],[23.423607110142477,103.7906214487121],[23.42357336889489,103.79063260329288],[23.423542272790634,103.79065071730783],[23.423515016833313,103.79067509464221],[23.423492648451415,103.7907047984876],[23.423476027246643,103.79073868734302],[23.423465791960325,103.79077545888205],[23.423462335927255,103.7908137],[23.423465791960325,103.79085194111795],[23.423476027246643,103.79088871265698],[23.423492648451415,103.7909226015124],[23.423515016833313,103.79095230535779],[23.423542272790634,103.79097668269218],[23.42357336889489,103.79099479670712],[23.423607110142477,103.7910059512879],[23.42364219987769,103.7910097177653]]}]}]}