{"id":36,"ref":"Trạm thu phí","highways":[{"ways":[{"nodes":[[105.6874674,23.5954266]],"buffer_geometry":[[23.595426599876685,105.68766367358835],[23.595461689621253,105.68765990229788],[23.59549543089546,105.6876487332462],[23.595526527039553,105.68763059564873],[23.595553783043872,105.68760618651986],[23.59557615147277,105.68757644388754],[23.595592772717385,105.68754251074563],[23.59560300803033,105.68750569112906],[23.595606464072745,105.6874674],[23.59560300803033,105.68742910887094],[23.595592772717385,105.68739228925439],[23.59557615147277,105.68735835611247],[23.595553783043872,105.68732861348016],[23.595526527039553,105.68730420435128],[23.59549543089546,105.68728606675381],[23.595461689621253,105.68727489770214],[23.595426599876685,105.68727112641166],[23.59539151014151,105.68727489780512],[23.595357768894026,105.68728606694411],[23.59532667278994,105.68730420459993],[23.59529941683281,105.68732861374929],[23.595277048451102,105.68735835636112],[23.595260427246494,105.68739228944469],[23.595250191960286,105.68742910897394],[23.595246735927255,105.6874674],[23.595250191960286,105.68750569102606],[23.595260427246494,105.68754251055533],[23.595277048451102,105.68757644363889],[23.59529941683281,105.68760618625073],[23.59532667278994,105.68763059540008],[23.595357768894026,105.6876487330559],[23.59539151014151,105.6876599021949],[23.595426599876685,105.68766367358835]]}]}]}