{"id":252,"ref":"Trạm thu phí","highways":[{"ways":[{"nodes":[[106.3484549,10.3147373]],"buffer_geometry":[[10.31473729994862,106.34863771860144],[10.314772389690447,106.34863420581327],[10.314806130956862,106.34862380240097],[10.314837227089287,106.34860690815991],[10.31486448307984,106.34858417232503],[10.314886851494975,106.34855646862125],[10.31490347272792,106.34852486168683],[10.314913708033068,106.34849056615981],[10.314917164072746,106.34845490000001],[10.314913708033068,106.34841923384019],[10.31490347272792,106.34838493831317],[10.314886851494975,106.34835333137875],[10.31486448307984,106.34832562767497],[10.314837227089287,106.34830289184009],[10.314806130956862,106.34828599759904],[10.314772389690447,106.34827559418673],[10.31473729994862,106.34827208139856],[10.314702210210706,106.3482755942267],[10.314668468955428,106.34828599767289],[10.314637372839673,106.3483028919366],[10.314610116868781,106.34832562777942],[10.314587748473311,106.34835333147525],[10.314571127257034,106.34838493838703],[10.314560891963023,106.34841923388016],[10.314557435927258,106.34845490000001],[10.314560891963023,106.34849056611984],[10.314571127257034,106.34852486161297],[10.314587748473311,106.34855646852475],[10.314610116868781,106.34858417222058],[10.314637372839673,106.3486069080634],[10.314668468955428,106.34862380232711],[10.314702210210706,106.3486342057733],[10.31473729994862,106.34863771860144]]}]}]}