{"id":748,"ref":"Trạm thu phí","highways":[{"ways":[{"nodes":[[105.7861744,21.6440768]],"buffer_geometry":[[21.644076799887973,105.78636790771793],[21.644111889632107,105.78636418956752],[21.644145630905097,105.78635317790521],[21.644176727047356,105.78633529589857],[21.644203983049515,105.78631123074008],[21.644226351476256,105.78628190723929],[21.644242972719034,105.7862484522829],[21.64425320803076,105.78621215152913],[21.644256664072746,105.7861744],[21.64425320803076,105.78613664847087],[21.644242972719034,105.78610034771708],[21.644226351476256,105.78606689276072],[21.644203983049515,105.78603756925992],[21.644176727047356,105.78601350410143],[21.644145630905097,105.78599562209479],[21.644111889632107,105.78598461043248],[21.644076799887973,105.78598089228207],[21.64404171015237,105.78598461052474],[21.64400796890366,105.78599562226525],[21.643976872797744,105.78601350432415],[21.64394961683846,105.78603756950096],[21.643927248454588,105.78606689298341],[21.64391062724815,105.78610034788754],[21.643900391960717,105.78613664856313],[21.643896935927255,105.7861744],[21.643900391960717,105.78621215143687],[21.64391062724815,105.78624845211246],[21.643927248454588,105.78628190701659],[21.64394961683846,105.78631123049904],[21.643976872797744,105.78633529567585],[21.64400796890366,105.78635317773475],[21.64404171015237,105.78636418947526],[21.644076799887973,105.78636790771793]]}]}]}