{"id":92,"ref":"Trạm thu phí","highways":[{"ways":[{"nodes":[[106.8020695,23.7275071]],"buffer_geometry":[[23.727507099875908,106.80226597194081],[23.727542189620507,106.80226219683942],[23.727575930894794,106.80225101650068],[23.727607027039014,106.80223286057368],[23.727634283043486,106.80220842677721],[23.72765665147253,106.80217865408717],[23.72767327271727,106.80214468665253],[23.7276835080303,106.80210782982607],[23.727686964072742,106.8020695],[23.7276835080303,106.80203117017392],[23.72767327271727,106.80199431334748],[23.72765665147253,106.80196034591283],[23.727634283043486,106.80193057322279],[23.727607027039014,106.80190613942632],[23.727575930894794,106.80188798349933],[23.727542189620507,106.80187680316058],[23.727507099875908,106.80187302805918],[23.72747201014076,106.8018768032643],[23.727438268893366,106.80188798369102],[23.727407172789405,106.80190613967677],[23.727379916832422,106.80193057349389],[23.72735754845087,106.80196034616328],[23.727340927246384,106.80199431353918],[23.72733069196026,106.80203117027767],[23.727327235927255,106.8020695],[23.72733069196026,106.80210782972233],[23.727340927246384,106.80214468646082],[23.72735754845087,106.8021786538367],[23.727379916832422,106.80220842650611],[23.727407172789405,106.80223286032323],[23.727438268893366,106.80225101630899],[23.72747201014076,106.80226219673568],[23.727507099875908,106.80226597194081]]}]}]}