{"id":657,"ref":"Trạm thu phí","highways":[{"ways":[{"nodes":[[103.541041,23.1575892]],"buffer_geometry":[[23.157589199879247,103.54123662633476],[23.157624289623715,103.54123286747986],[23.15765803089765,103.54122173525958],[23.15768912704133,103.54120365747406],[23.157716383045155,103.54117932883923],[23.157738751473563,103.54114968428973],[23.15775537271776,103.54111586305012],[23.157765608030427,103.5410791648549],[23.157769064072745,103.541041],[23.157765608030427,103.54100283514511],[23.15775537271776,103.54096613694989],[23.157738751473563,103.54093231571028],[23.157716383045155,103.54090267116078],[23.15768912704133,103.54087834252596],[23.15765803089765,103.54086026474043],[23.157624289623715,103.54084913252015],[23.157589199879247,103.54084537366525],[23.157554110143973,103.54084913262068],[23.157520368896215,103.54086026492617],[23.15748927279171,103.54087834276862],[23.157462016834092,103.54090267142345],[23.1574396484519,103.54093231595294],[23.157423027246875,103.54096613713563],[23.157412791960386,103.54100283524562],[23.157409335927255,103.541041],[23.157412791960386,103.5410791647544],[23.157423027246875,103.54111586286439],[23.1574396484519,103.54114968404706],[23.157462016834092,103.54117932857656],[23.15748927279171,103.54120365723138],[23.157520368896215,103.54122173507383],[23.157554110143973,103.54123286737934],[23.157589199879247,103.54123662633476]]}]}]}