{"id":557,"ref":"Trạm thu phí","highways":[{"ways":[{"nodes":[[109.0686715,12.507413]],"buffer_geometry":[[12.507412999937372,109.06885573637109],[12.507448089679627,109.06885219634542],[12.507481830947262,109.06884171225776],[12.507512927081509,109.06882468700331],[12.507540183074214,109.0688017748515],[12.5075625514915,109.06877385630288],[12.50757917272627,109.06874200425221],[12.507589408032638,109.06870744275751],[12.507592864072745,109.0686715],[12.507589408032638,109.06863555724249],[12.50757917272627,109.06860099574777],[12.5075625514915,109.06856914369712],[12.507540183074214,109.06854122514851],[12.507512927081509,109.06851831299669],[12.507481830947262,109.06850128774224],[12.507448089679627,109.06849080365457],[12.507412999937372,109.06848726362891],[12.507377910199887,109.06849080370367],[12.507344168945826,109.06850128783296],[12.507313072831897,109.06851831311522],[12.507285816863156,109.0685412252768],[12.507263448469837,109.06856914381565],[12.507246827255385,109.0686009958385],[12.507236591962595,109.06863555729159],[12.507233135927253,109.0686715],[12.507236591962595,109.06870744270842],[12.507246827255385,109.06874200416149],[12.507263448469837,109.06877385618435],[12.507285816863156,109.06880177472318],[12.507313072831897,109.06882468688478],[12.507344168945826,109.06884171216704],[12.507377910199887,109.06885219629633],[12.507412999937372,109.06885573637109]]}]}]}