{"id":123,"ref":"Trạm thu phí","highways":[{"ways":[{"nodes":[[105.9379204,20.6474964]],"buffer_geometry":[[20.647496399893615,105.93811261020545],[20.64753148963754,105.93810891698375],[20.647565230909915,105.93809797915515],[20.647596327051257,105.93808021705004],[20.647623583052336,105.93805631325337],[20.647645951477994,105.93802718637366],[20.647662572719863,105.93799395574155],[20.647672808030975,105.93795789839437],[20.647676264072743,105.9379204],[20.647672808030975,105.93788290160562],[20.647662572719863,105.93784684425844],[20.647645951477994,105.93781361362635],[20.647623583052336,105.93778448674662],[20.647596327051257,105.93776058294996],[20.647565230909915,105.93774282084486],[20.64753148963754,105.93773188301626],[20.647496399893615,105.93772818979456],[20.647461310157798,105.93773188310325],[20.64742756890848,105.93774282100563],[20.64739647280165,105.93776058316003],[20.64736921684128,105.937784486974],[20.64734684845633,105.9378136138364],[20.647330227248975,105.93784684441924],[20.647319991960934,105.93788290169263],[20.647316535927256,105.9379204],[20.647319991960934,105.93795789830736],[20.647330227248975,105.93799395558077],[20.64734684845633,105.9380271861636],[20.64736921684128,105.93805631302601],[20.64739647280165,105.93808021683996],[20.64742756890848,105.93809797899436],[20.647461310157798,105.93810891689674],[20.647496399893615,105.93811261020545]]}]}]}