{"id":1022,"ref":"Trạm thu phí","highways":[{"ways":[{"nodes":[[105.5619003,18.9626274]],"buffer_geometry":[[18.962627399902996,105.5620904852887],[18.96266248964656,105.56208683097097],[18.962696230917917,105.56207600836814],[18.962727327057742,105.56205843338303],[18.962754583057027,105.56203478140989],[18.96277695148089,105.56200596137992],[18.962793572721235,105.56197308083159],[18.96280380803133,105.56193740334848],[18.962807264072744,105.5619003],[18.96280380803133,105.56186319665154],[18.962793572721235,105.56182751916843],[18.96277695148089,105.5617946386201],[18.962754583057027,105.56176581859013],[18.962727327057742,105.561742166617],[18.962696230917917,105.56172459163189],[18.96266248964656,105.56171376902905],[18.962627399902996,105.56171011471132],[18.96259231016682,105.56171376910757],[18.962558568916485,105.56172459177692],[18.96252747280813,105.56174216680652],[18.962500216845967,105.56176581879527],[18.962477848459223,105.56179463880962],[18.962461227250348,105.56182751931347],[18.962450991961287,105.56186319673006],[18.962447535927254,105.5619003],[18.962450991961287,105.56193740326997],[18.962461227250348,105.56197308068656],[18.962477848459223,105.56200596119041],[18.962500216845967,105.56203478120476],[18.96252747280813,105.5620584331935],[18.962558568916485,105.5620760082231],[18.96259231016682,105.56208683089245],[18.962627399902996,105.5620904852887]]}]}]}