{"id":71,"ref":"Trạm thu phí","highways":[{"ways":[{"nodes":[[102.859581,23.9384633]],"buffer_geometry":[[23.93846329987467,102.85977779175016],[23.938498389619312,102.85977401050434],[23.938532130893744,102.8597628119671],[23.938563227038163,102.8597446264869],[23.938590483042866,102.85972015291816],[23.938612851472147,102.8596903317652],[23.93862947271709,102.85965630903938],[23.93863970803025,102.85961939221839],[23.938643164072744,102.859581],[23.93863970803025,102.85954260778163],[23.93862947271709,102.85950569096063],[23.938612851472147,102.85947166823483],[23.938590483042866,102.85944184708187],[23.938563227038163,102.85941737351312],[23.938532130893744,102.85939918803292],[23.938498389619312,102.85938798949569],[23.93846329987467,102.85938420824985],[23.938428210139566,102.85938798960063],[23.938394468892305,102.85939918822685],[23.938363372788544,102.85941737376649],[23.93833611683181,102.85944184735614],[23.938313748450483,102.85947166848821],[23.9382971272462,102.85950569115457],[23.93828689196021,102.85954260788658],[23.938283435927254,102.859581],[23.93828689196021,102.85961939211344],[23.9382971272462,102.85965630884546],[23.938313748450483,102.8596903315118],[23.93833611683181,102.85972015264389],[23.938363372788544,102.85974462623352],[23.938394468892305,102.85976281177318],[23.938428210139566,102.85977401039938],[23.93846329987467,102.85977779175016]]}]}]}