{"id":821,"ref":"Trạm thu phí","highways":[{"ways":[{"nodes":[[106.9031708,20.9862403]],"buffer_geometry":[[20.98624029989171,106.90336344274769],[20.9862753896357,106.90335974121571],[20.986309130908285,106.90334877877369],[20.986340227049936,106.9033309766979],[20.986367483051385,106.90330701910923],[20.98638985147741,106.90327782668338],[20.986406472719583,106.90324452126993],[20.986416708030898,106.90320838278006],[20.986420164072747,106.9031708],[20.986416708030898,106.90313321721995],[20.986406472719583,106.90309707873007],[20.98638985147741,106.90306377331662],[20.986367483051385,106.90303458089078],[20.986340227049936,106.90301062330211],[20.986309130908285,106.9029928212263],[20.9862753896357,106.9029818587843],[20.98624029989171,106.9029781572523],[20.98620521015596,106.90298185887308],[20.98617146890685,106.90299282139034],[20.986140372800328,106.90301062351642],[20.986113116840322,106.90303458112275],[20.986090748455744,106.90306377353093],[20.9860741272487,106.90309707889412],[20.98606389196086,106.9031332173087],[20.986060435927257,106.9031708],[20.98606389196086,106.9032083826913],[20.9860741272487,106.90324452110589],[20.986090748455744,106.90327782646908],[20.986113116840322,106.90330701887726],[20.986140372800328,106.90333097648359],[20.98617146890685,106.90334877860967],[20.98620521015596,106.90335974112693],[20.98624029989171,106.90336344274769]]}]}]}