{"id":267,"ref":"Trạm thu phí","highways":[{"ways":[{"nodes":[[105.9475629,20.5399966]],"buffer_geometry":[[20.53999659989422,105.94775497474629],[20.54003168963812,105.94775128412714],[20.540065430910424,105.94774035400668],[20.540096527051674,105.94772260441918],[20.540123783052636,105.94769871746855],[20.540146151478183,105.94766961111591],[20.54016277271995,105.94763640390306],[20.540173008030997,105.94760037196734],[20.540176464072744,105.9475629],[20.540173008030997,105.94752542803266],[20.54016277271995,105.94748939609694],[20.540146151478183,105.94745618888408],[20.540123783052636,105.94742708253145],[20.540096527051674,105.9474031955808],[20.540065430910424,105.9473854459933],[20.54003168963812,105.94737451587287],[20.53999659989422,105.94737082525371],[20.539961510158378,105.94737451595932],[20.539927768908996,105.94738544615306],[20.53989667280206,105.94740319578952],[20.53986941684158,105.94742708275736],[20.539847048456515,105.9474561890928],[20.53983042724906,105.94748939625669],[20.539820191960953,105.94752542811912],[20.539816735927253,105.9475629],[20.539820191960953,105.94760037188087],[20.53983042724906,105.9476364037433],[20.539847048456515,105.94766961090718],[20.53986941684158,105.94769871724263],[20.53989667280206,105.94772260421047],[20.539927768908996,105.94774035384692],[20.539961510158378,105.94775128404066],[20.53999659989422,105.94775497474629]]}]}]}