{"id":274,"ref":"Trạm thu phí","highways":[{"ways":[{"nodes":[[109.519659,22.9050313]],"buffer_geometry":[[22.90503129988072,109.51985426009031],[22.90506638962513,109.51985050827199],[22.905100130898905,109.51983939689254],[22.905131227042343,109.51982135295124],[22.90515848304589,109.51979706986346],[22.905180851474015,109.51976748081353],[22.905197472717976,109.51973372289314],[22.90520770803048,109.51969709340345],[22.90521116407275,109.519659],[22.90520770803048,109.51962090659656],[22.905197472717976,109.51958427710687],[22.905180851474015,109.5195505191865],[22.90515848304589,109.51952093013655],[22.905131227042343,109.51949664704877],[22.905100130898905,109.51947860310749],[22.90506638962513,109.51946749172802],[22.90503129988072,109.5194637399097],[22.904996210145388,109.51946749182713],[22.90496246889747,109.51947860329062],[22.904931372792728,109.51949664728805],[22.90490411683483,109.51952093039554],[22.90488174845235,109.51955051942576],[22.904865127247092,109.51958427729001],[22.904854891960444,109.51962090669566],[22.904851435927256,109.519659],[22.904854891960444,109.51969709330434],[22.904865127247092,109.51973372271],[22.90488174845235,109.51976748057425],[22.90490411683483,109.51979706960448],[22.904931372792728,109.51982135271196],[22.90496246889747,109.5198393967094],[22.904996210145388,109.51985050817288],[22.90503129988072,109.51985426009031]]}]}]}