{"id":860,"ref":"Trạm thu phí","highways":[{"ways":[{"nodes":[[105.7942839,21.2148895]],"buffer_geometry":[[21.214889499890415,105.79447683963129],[21.21492458963446,105.79447313239535],[21.214958330907184,105.79446215305947],[21.214989427049044,105.79444432354903],[21.215016683050738,105.79442032903918],[21.21503905147701,105.7943910916245],[21.215055672719394,105.79435773488345],[21.215065908030855,105.79432154069977],[21.215069364072747,105.7942839],[21.215065908030855,105.79424625930021],[21.215055672719394,105.79421006511653],[21.21503905147701,105.79417670837547],[21.215016683050738,105.7941474709608],[21.214989427049044,105.79412347645096],[21.214958330907184,105.79410564694052],[21.21492458963446,105.79409466760463],[21.214889499890415,105.7940909603687],[21.214854410154715,105.7940946676946],[21.214820668905745,105.79410564710676],[21.214789572799432,105.79412347666816],[21.214762316839675,105.7941474711959],[21.214739948455346,105.79417670859269],[21.21472332724851,105.79421006528277],[21.214713091960814,105.79424625939018],[21.214709635927257,105.7942839],[21.214713091960814,105.7943215406098],[21.21472332724851,105.79435773471721],[21.214739948455346,105.7943910914073],[21.214762316839675,105.79442032880408],[21.214789572799432,105.79444432333182],[21.214820668905745,105.79446215289323],[21.214854410154715,105.79447313230538],[21.214889499890415,105.79447683963129]]}]}]}