{"id":271,"ref":"Trạm thu phí","highways":[{"ways":[{"nodes":[[109.1707554,23.1871203]],"buffer_geometry":[[23.187120299879073,109.1709510694972],[23.18715538962355,109.17094730981302],[23.187189130897497,109.17093617513662],[23.187220227041202,109.17091809336252],[23.187247483045063,109.1708937593599],[23.187269851473506,109.1708641082697],[23.18728647271773,109.17083027956782],[23.18729670803042,109.17079357327556],[23.18730016407274,109.1707554],[23.18729670803042,109.17071722672445],[23.18728647271773,109.17068052043219],[23.187269851473506,109.17064669173031],[23.187247483045063,109.17061704064011],[23.187220227041202,109.17059270663749],[23.187189130897497,109.17057462486338],[23.18715538962355,109.17056349018699],[23.187120299879073,109.1705597305028],[23.187085210143806,109.17056349028768],[23.187051468896065,109.17057462504943],[23.18702037279159,109.17059270688057],[23.186993116834007,109.17061704090322],[23.18697074845184,109.17064669197339],[23.186954127246846,109.17068052061822],[23.186943891960375,109.17071722682513],[23.18694043592725,109.1707554],[23.186943891960375,109.17079357317488],[23.186954127246846,109.17083027938179],[23.18697074845184,109.17086410802662],[23.186993116834007,109.17089375909678],[23.18702037279159,109.17091809311944],[23.187051468896065,109.17093617495058],[23.187085210143806,109.17094730971233],[23.187120299879073,109.1709510694972]]}]}]}