{"id":740,"ref":"Trạm thu phí","highways":[{"ways":[{"nodes":[[106.0280653,20.8497471]],"buffer_geometry":[[20.849747099892475,106.02825776741612],[20.849782189636443,106.02825406925272],[20.84981593090894,106.02824311678779],[20.849847027050473,106.02822533091417],[20.84987428305177,106.02820139513017],[20.849896651477643,106.02817222927352],[20.849913272719697,106.02813895417277],[20.84992350803093,106.0281028485742],[20.849926964072747,106.0280653],[20.84992350803093,106.02802775142578],[20.849913272719697,106.02799164582721],[20.849896651477643,106.02795837072647],[20.84987428305177,106.02792920486984],[20.849847027050473,106.02790526908582],[20.84981593090894,106.02788748321221],[20.849782189636443,106.02787653074726],[20.849747099892475,106.02787283258387],[20.8497120101567,106.02787653083533],[20.849678268907507,106.02788748337491],[20.849647172800857,106.02790526929843],[20.84961991684071,106.02792920509995],[20.84959754845598,106.02795837093907],[20.849580927248812,106.02799164598993],[20.84957069196089,106.02802775151383],[20.849567235927253,106.0280653],[20.84957069196089,106.02810284848616],[20.849580927248812,106.02813895401006],[20.84959754845598,106.02817222906091],[20.84961991684071,106.02820139490004],[20.849647172800857,106.02822533070157],[20.849678268907507,106.02824311662508],[20.8497120101567,106.02825406916466],[20.849747099892475,106.02825776741612]]}]}]}