{"id":664,"ref":"Trạm thu phí","highways":[{"ways":[{"nodes":[[108.7387153,22.6887929]],"buffer_geometry":[[22.688792899881964,108.7389102506071],[22.688827989626333,108.73890650473481],[22.68886173089997,108.73889541096621],[22.688892827043205,108.7388773956239],[22.68892008304651,108.73885315102422],[22.688942451474396,108.73882360887241],[22.688959072718156,108.73878990445792],[22.688969308030526,108.73875333302567],[22.68897276407274,108.7387153],[22.688969308030526,108.7386772669743],[22.688959072718156,108.73864069554206],[22.688942451474396,108.73860699112758],[22.68892008304651,108.73857744897578],[22.688892827043205,108.73855320437609],[22.68886173089997,108.73853518903377],[22.688827989626333,108.73852409526518],[22.688792899881964,108.73852034939289],[22.688757810146587,108.73852409536309],[22.688724068898534,108.73853518921469],[22.68869297279359,108.73855320461247],[22.68866571683545,108.73857744923163],[22.688643348452732,108.73860699136397],[22.688626727247268,108.73864069572299],[22.688616491960488,108.73867726707223],[22.68861303592725,108.7387153],[22.688616491960488,108.73875333292776],[22.688626727247268,108.738789904277],[22.688643348452732,108.73882360863603],[22.68866571683545,108.73885315076835],[22.68869297279359,108.73887739538752],[22.688724068898534,108.7388954107853],[22.688757810146587,108.7389065046369],[22.688792899881964,108.7389102506071]]}]}]}