{"id":840,"ref":"Trạm thu phí","highways":[{"ways":[{"nodes":[[107.2249605,23.5692702]],"buffer_geometry":[[23.569270199876833,107.225156734479],[23.569305289621397,107.22515296393993],[23.569339030895588,107.22514179711374],[23.569370127039655,107.2251236631303],[23.569397383043945,107.22509925886517],[23.56941975147281,107.22506952215936],[23.5694363727174,107.22503559577898],[23.569446608030333,107.22499878349912],[23.56945006407274,107.2249605],[23.569446608030333,107.22492221650087],[23.5694363727174,107.22488540422101],[23.56941975147281,107.22485147784063],[23.569397383043945,107.22482174113482],[23.569370127039655,107.22479733686968],[23.569339030895588,107.22477920288625],[23.569305289621397,107.22476803606006],[23.569270199876833,107.22476426552099],[23.569235110141655,107.2247680361629],[23.569201368894152,107.22477920307628],[23.569170272790043,107.22479733711795],[23.569143016832886,107.22482174140356],[23.569120648451147,107.22485147808891],[23.569104027246514,107.22488540441104],[23.569093791960288,107.22492221660372],[23.56909033592725,107.2249605],[23.569093791960288,107.22499878339627],[23.569104027246514,107.22503559558895],[23.569120648451147,107.22506952191108],[23.569143016832886,107.22509925859643],[23.569170272790043,107.22512366288204],[23.569201368894152,107.22514179692371],[23.569235110141655,107.22515296383709],[23.569270199876833,107.225156734479]]}]}]}