{"id":957,"ref":"Trạm thu phí","highways":[{"ways":[{"nodes":[[106.6635431,10.814217]],"buffer_geometry":[[10.814216999946073,106.66372621608161],[10.814252089687995,106.66372269757846],[10.814285830954686,106.6637122772387],[10.814316927087525,106.66369535550811],[10.814344183078566,106.66367258267796],[10.814366551494187,106.66364483389486],[10.814383172727545,106.66361317552946],[10.81439340803297,106.66357882419634],[10.814396864072746,106.66354310000001],[10.81439340803297,106.66350737580368],[10.814383172727545,106.66347302447055],[10.814366551494187,106.66344136610515],[10.814344183078566,106.66341361732205],[10.814316927087525,106.6633908444919],[10.814285830954686,106.66337392276131],[10.814252089687995,106.66336350242155],[10.814216999946073,106.6633599839184],[10.814181910208257,106.66336350246357],[10.814148168953253,106.66337392283896],[10.814117072837911,106.66339084459335],[10.814089816867506,106.66341361743186],[10.814067448472521,106.6634413662066],[10.81405082725666,106.6634730245482],[10.814040591962925,106.6635073758457],[10.814037135927254,106.66354310000001],[10.814040591962925,106.66357882415431],[10.81405082725666,106.66361317545181],[10.814067448472521,106.66364483379341],[10.814089816867506,106.66367258256815],[10.814117072837911,106.66369535540667],[10.814148168953253,106.66371227716105],[10.814181910208257,106.66372269753644],[10.814216999946073,106.66372621608161]]}]}]}