{"id":597,"ref":"Trạm thu phí","highways":[{"ways":[{"nodes":[[104.3227404,23.1197866]],"buffer_geometry":[[23.11978659987947,104.32293597118634],[23.119821689623933,104.32293221339098],[23.119855430897836,104.32292108430889],[23.11988652704148,104.32290301161956],[23.119913783045263,104.32287868984314],[23.119936151473627,104.32284905365064],[23.11995277271779,104.32281524194553],[23.11996300803044,104.32277855409588],[23.119966464072743,104.3227404],[23.11996300803044,104.32270224590413],[23.11995277271779,104.32266555805447],[23.119936151473627,104.32263174634936],[23.119913783045263,104.32260211015686],[23.11988652704148,104.32257778838043],[23.119855430897836,104.32255971569111],[23.119821689623933,104.32254858660902],[23.11978659987947,104.32254482881365],[23.119751510144187,104.32254858670932],[23.119717768896404,104.32255971587647],[23.119686672791865,104.3225777886226],[23.119659416834207,104.322602110419],[23.119637048451967,104.32263174659153],[23.119620427246904,104.32266555823982],[23.119610191960398,104.32270224600443],[23.119606735927256,104.3227404],[23.119610191960398,104.32277855399558],[23.119620427246904,104.32281524176018],[23.119637048451967,104.32284905340848],[23.119659416834207,104.322878689581],[23.119686672791865,104.3229030113774],[23.119717768896404,104.32292108412354],[23.119751510144187,104.32293221329068],[23.11978659987947,104.32293597118634]]}]}]}