{"id":715,"ref":"Trạm thu phí","highways":[{"ways":[{"nodes":[[106.9256107,10.8606723]],"buffer_geometry":[[10.860672299945834,106.92579384450659],[10.86070738968777,106.92579032545736],[10.860741130954485,106.92577990350013],[10.86077222708736,106.92576297914283],[10.860799483078447,106.92574020277769],[10.860821851494114,106.92571244968714],[10.86083847272751,106.9256807864074],[10.860848708032961,106.92564642974186],[10.860852164072746,106.9256107],[10.860848708032961,106.92557497025813],[10.86083847272751,106.9255406135926],[10.860821851494114,106.92550895031285],[10.860799483078447,106.9254811972223],[10.86077222708736,106.92545842085715],[10.860741130954485,106.92544149649987],[10.86070738968777,106.92543107454264],[10.860672299945834,106.9254275554934],[10.860637210208028,106.92543107458485],[10.86060346895305,106.92544149657788],[10.860572372837748,106.92545842095906],[10.860545116867387,106.9254811973326],[10.86052274847245,106.92550895041475],[10.860506127256624,106.92554061367059],[10.86049589196292,106.92557497030033],[10.860492435927254,106.9256107],[10.86049589196292,106.92564642969965],[10.860506127256624,106.9256807863294],[10.86052274847245,106.92571244958523],[10.860545116867387,106.92574020266738],[10.860572372837748,106.92576297904093],[10.86060346895305,106.92577990342213],[10.860637210208028,106.92579032541514],[10.860672299945834,106.92579384450659]]}]}]}