{"id":693,"ref":"Trạm thu phí","highways":[{"ways":[{"nodes":[[106.7712123,10.9740108]],"buffer_geometry":[[10.974010799945257,106.7713955143985],[10.974045889687213,106.77139199400655],[10.974079630953991,106.77138156807227],[10.974110727086961,106.77136463725641],[10.974137983078156,106.77134185219936],[10.974160351493937,106.77131408851758],[10.974176972727427,106.77128241315431],[10.97418720803294,106.77124804337734],[10.974190664072745,106.7712123],[10.97418720803294,106.77117655662266],[10.974176972727427,106.7711421868457],[10.974160351493937,106.77111051148242],[10.974137983078156,106.77108274780065],[10.974110727086961,106.77105996274359],[10.974079630953991,106.77104303192773],[10.974045889687213,106.77103260599345],[10.974010799945257,106.7710290856015],[10.97397571020747,106.77103260603613],[10.973941968952557,106.7710430320066],[10.973910872837347,106.77105996284664],[10.9738836168671,106.77108274791217],[10.97386124847227,106.77111051158545],[10.97384462725654,106.77114218692455],[10.973834391962898,106.77117655666534],[10.973830935927255,106.7712123],[10.973834391962898,106.77124804333467],[10.97384462725654,106.77128241307545],[10.97386124847227,106.77131408841456],[10.9738836168671,106.77134185208783],[10.973910872837347,106.77136463715337],[10.973941968952557,106.7713815679934],[10.97397571020747,106.77139199396387],[10.974010799945257,106.7713955143985]]}]}]}