{"id":960,"ref":"Trạm thu phí","highways":[{"ways":[{"nodes":[[104.2170593,13.3801346]],"buffer_geometry":[[13.380134599932845,104.21724418249156],[13.380169689675274,104.21724063005274],[13.380203430943396,104.21723010919868],[13.38023452707838,104.21721302423734],[13.380261783071953,104.21719003173253],[13.380284151490104,104.21716201527269],[13.380300772725608,104.21713005151526],[13.380311008032466,104.21709536881123],[13.380314464072745,104.2170593],[13.380311008032466,104.21702323118878],[13.380300772725608,104.21698854848474],[13.380284151490104,104.21695658472731],[13.380261783071953,104.21692856826748],[13.38023452707838,104.21690557576265],[13.380203430943396,104.21688849080132],[13.380169689675274,104.21687796994726],[13.380134599932845,104.21687441750845],[13.380099510195532,104.2168779700001],[13.380065768941964,104.21688849089894],[13.380034672828765,104.2169055758902],[13.380007416860893,104.21692856840552],[13.37998504846844,104.21695658485486],[13.379968427254722,104.21698854858235],[13.379958191962425,104.21702323124161],[13.379954735927255,104.2170593],[13.379958191962425,104.2170953687584],[13.379968427254722,104.21713005141764],[13.37998504846844,104.21716201514515],[13.380007416860893,104.21719003159447],[13.380034672828765,104.21721302410981],[13.380065768941964,104.21723010910107],[13.380099510195532,104.2172406299999],[13.380134599932845,104.21724418249156]]}]}]}