{"id":375,"ref":"Trạm thu phí","highways":[{"ways":[{"nodes":[[106.9564618,10.7657864]],"buffer_geometry":[[10.76578639994632,106.95664488658551],[10.765821489688234,106.95664136864902],[10.7658552309549,106.95663094998766],[10.765886327087696,106.95661403098275],[10.76591358307869,106.9565912618208],[10.765935951494262,106.95656351750745],[10.765952572727583,106.9565318642416],[10.76596280803298,106.95649751844184],[10.765966264072745,106.9564618],[10.76596280803298,106.95642608155816],[10.765952572727583,106.95639173575839],[10.765935951494262,106.95636008249254],[10.76591358307869,106.9563323381792],[10.765886327087696,106.95630956901725],[10.7658552309549,106.95629265001233],[10.765821489688234,106.95628223135098],[10.76578639994632,106.95627871341449],[10.765751310208493,106.9562822313928],[10.765717568953463,106.95629265008961],[10.765686472838082,106.95630956911822],[10.76565921686763,106.95633233828848],[10.7656368484726,106.9563600825935],[10.765620227256695,106.95639173583567],[10.765609991962936,106.95642608159999],[10.765606535927255,106.9564618],[10.765609991962936,106.95649751840001],[10.765620227256695,106.95653186416433],[10.7656368484726,106.9565635174065],[10.76565921686763,106.95659126171152],[10.765686472838082,106.95661403088178],[10.765717568953463,106.95663094991039],[10.765751310208493,106.9566413686072],[10.76578639994632,106.95664488658551]]}]}]}