{"id":861,"ref":"Trạm thu phí","highways":[{"ways":[{"nodes":[[102.3338622,18.9451329]],"buffer_geometry":[[18.945132899903097,102.33405236534672],[18.945167989646656,102.33404871141211],[18.945201730918004,102.33403788994407],[18.945232827057815,102.33402031680177],[18.94526008305708,102.33399666730867],[18.945282451480924,102.33396785030064],[18.945299072721255,102.33393497320004],[18.945309308031334,102.33389929945793],[18.94531276407275,102.3338622],[18.945309308031334,102.33382510054206],[18.945299072721255,102.33378942679995],[18.945282451480924,102.33375654969934],[18.94526008305708,102.33372773269133],[18.945232827057815,102.33370408319821],[18.945201730918004,102.33368651005591],[18.945167989646656,102.33367568858789],[18.945132899903097,102.33367203465328],[18.945097810166914,102.33367568866629],[18.945064068916572,102.33368651020082],[18.9450329728082,102.33370408338754],[18.94500571684602,102.33372773289624],[18.94498334845926,102.33375654988868],[18.944966727250367,102.33378942694485],[18.944956491961292,102.33382510062047],[18.944953035927256,102.3338622],[18.944956491961292,102.33389929937951],[18.944966727250367,102.33393497305515],[18.94498334845926,102.33396785011132],[18.94500571684602,102.33399666710376],[18.9450329728082,102.33402031661245],[18.945064068916572,102.33403788979918],[18.945097810166914,102.3340487113337],[18.945132899903097,102.33405236534672]]}]}]}