{"id":510,"ref":"Trạm thu phí","highways":[{"ways":[{"nodes":[[108.1628309,15.9727209]],"buffer_geometry":[[15.972720899919192,108.16301798697306],[15.972755989662142,108.1630143921815],[15.97278973093174,108.16300374588465],[15.97282082706894,108.16298645721062],[15.972848083065125,108.16296319055137],[15.97287045148589,108.16293484003087],[15.972887072723609,108.16290249514444],[15.972897308031948,108.16286739888999],[15.972900764072746,108.1628309],[15.972897308031948,108.16279440111002],[15.972887072723609,108.16275930485557],[15.97287045148589,108.16272695996913],[15.972848083065125,108.16269860944864],[15.97282082706894,108.16267534278938],[15.97278973093174,108.16265805411535],[15.972755989662142,108.16264740781851],[15.972720899919192,108.16264381302695],[15.9726858101824,108.16264740788284],[15.972652068930309,108.16265805423424],[15.972620972819326,108.16267534294471],[15.972593716854066,108.16269860961674],[15.972571348464227,108.16272696012444],[15.972554727252723,108.16275930497444],[15.972544491961909,108.16279440117435],[15.972541035927255,108.1628309],[15.972544491961909,108.16286739882565],[15.972554727252723,108.16290249502556],[15.972571348464227,108.16293483987556],[15.972593716854066,108.16296319038327],[15.972620972819326,108.1629864570553],[15.972652068930309,108.16300374576576],[15.9726858101824,108.16301439211716],[15.972720899919192,108.16301798697306]]}]}]}