{"id":690,"ref":"Trạm thu phí","highways":[{"ways":[{"nodes":[[106.8494275,10.9767977]],"buffer_geometry":[[10.976797699945243,106.8496107161268],[10.976832789687197,106.84960719570164],[10.976866530953979,106.84959676966902],[10.97689762708695,106.84957983869344],[10.97692488307815,106.84955705342146],[10.976947251493932,106.84952928947779],[10.976963872727422,106.84949761381571],[10.97697410803294,106.84946324371452],[10.976977564072746,106.8494275],[10.97697410803294,106.84939175628548],[10.976963872727422,106.84935738618431],[10.976947251493932,106.84932571052222],[10.97692488307815,106.84929794657856],[10.97689762708695,106.84927516130656],[10.976866530953979,106.849258230331],[10.976832789687197,106.84924780429839],[10.976797699945243,106.84924428387322],[10.976762610207455,106.84924780434106],[10.976728868952545,106.84925823040989],[10.976697772837337,106.84927516140964],[10.976670516867092,106.84929794669011],[10.976648148472265,106.84932571062528],[10.976631527256538,106.84935738626318],[10.976621291962894,106.84939175632819],[10.976617835927255,106.8494275],[10.976621291962894,106.84946324367183],[10.976631527256538,106.84949761373683],[10.976648148472265,106.84952928937473],[10.976670516867092,106.8495570533099],[10.976697772837337,106.84957983859039],[10.976728868952545,106.84959676959012],[10.976762610207455,106.84960719565895],[10.976797699945243,106.8496107161268]]}]}]}