{"id":750,"ref":"Trạm thu phí","highways":[{"ways":[{"nodes":[[102.0377111,23.7608403]],"buffer_geometry":[[23.760840299875714,102.03790762222758],[23.760875389620317,102.03790384616005],[23.760909130894632,102.03789266295976],[23.760940227038883,102.03787450238583],[23.760967483043387,102.03785006233556],[23.76098985147247,102.03782028202522],[23.76100647271724,102.0377863058966],[23.761016708030294,102.03774943963663],[23.761020164072743,102.0377111],[23.761016708030294,102.03767276036336],[23.76100647271724,102.03763589410339],[23.76098985147247,102.03760191797477],[23.760967483043387,102.03757213766443],[23.760940227038883,102.03754769761416],[23.760909130894632,102.03752953704023],[23.760875389620317,102.03751835383994],[23.760840299875714,102.03751457777241],[23.760805210140575,102.03751835394388],[23.7607714688932,102.03752953723226],[23.760740372789268,102.03754769786508],[23.760713116832324,102.03757213793601],[23.760690748450806,102.03760191822569],[23.760674127246354,102.03763589429543],[23.760663891960252,102.0376727604673],[23.760660435927257,102.0377111],[23.760663891960252,102.03774943953269],[23.760674127246354,102.03778630570456],[23.760690748450806,102.0378202817743],[23.760713116832324,102.03785006206398],[23.760740372789268,102.03787450213491],[23.7607714688932,102.03789266276772],[23.760805210140575,102.03790384605611],[23.760840299875714,102.03790762222758]]}]}]}