{"id":822,"ref":"Trạm thu phí","highways":[{"ways":[{"nodes":[[107.3550042,21.0088754]],"buffer_geometry":[[21.00887539989158,107.3551968719601],[21.008910489635582,107.35519316986688],[21.008944230908178,107.35518220576256],[21.00897532704985,107.35516440098728],[21.00900258305132,107.35514043976569],[21.00902495147737,107.35511124291308],[21.009041572719568,107.35507793244915],[21.0090518080309,107.35504178847918],[21.00905526407275,107.3550042],[21.0090518080309,107.35496661152082],[21.009041572719568,107.35493046755086],[21.00902495147737,107.35489715708692],[21.00900258305132,107.35486796023432],[21.00897532704985,107.35484399901273],[21.008944230908178,107.35482619423745],[21.008910489635582,107.35481523013313],[21.00887539989158,107.35481152803989],[21.00884031015584,107.35481523022202],[21.008806568906742,107.35482619440168],[21.008775472800238,107.35484399922733],[21.00874821684026,107.35486796046659],[21.008725848455704,107.35489715730152],[21.008709227248684,107.3549304677151],[21.00869899196086,107.35496661160971],[21.008695535927256,107.3550042],[21.00869899196086,107.3550417883903],[21.008709227248684,107.35507793228489],[21.008725848455704,107.35511124269848],[21.00874821684026,107.3551404395334],[21.008775472800238,107.35516440077268],[21.008806568906742,107.35518220559831],[21.00884031015584,107.35519316977799],[21.00887539989158,107.3551968719601]]}]}]}