{"id":894,"ref":"Trạm thu phí","highways":[{"ways":[{"nodes":[[108.0048236,14.0072277]],"buffer_geometry":[[14.00722769992957,108.00500897619672],[14.007262789672124,108.00500541427286],[14.007296530940604,108.0049948653253],[14.007327627076116,108.00497773474149],[14.007354883070317,108.00495468083837],[14.007377251489093,108.00492658956388],[14.007393872725128,108.00489454045056],[14.007404108032341,108.0048597651297],[14.007407564072743,108.0048236],[14.007404108032341,108.00478743487031],[14.007393872725128,108.00475265954944],[14.007377251489093,108.00472061043612],[14.007354883070317,108.00469251916164],[14.007327627076116,108.00466946525852],[14.007296530940604,108.0046523346747],[14.007262789672124,108.00464178572713],[14.00722769992957,108.00463822380327],[14.007192610192384,108.00464178578268],[14.007158868939168,108.00465233477735],[14.007127772826504,108.00466946539262],[14.007100516859255,108.0046925193068],[14.007078148467428,108.00472061057025],[14.00706152725424,108.00475265965208],[14.007051291962298,108.00478743492586],[14.007047835927255,108.0048236],[14.007051291962298,108.00485976507413],[14.00706152725424,108.00489454034792],[14.007078148467428,108.00492658942976],[14.007100516859255,108.0049546806932],[14.007127772826504,108.00497773460737],[14.007158868939168,108.00499486522266],[14.007192610192384,108.00500541421732],[14.00722769992957,108.00500897619672]]}]}]}