{"id":967,"ref":"Trạm thu phí","highways":[{"ways":[{"nodes":[[105.896377,10.3348917]],"buffer_geometry":[[10.334891699948518,105.89655983031741],[10.334926789690348,105.89655631730416],[10.334960530956772,105.89654591322518],[10.334991627089215,105.89652901790147],[10.335018883079787,105.89650628060959],[10.33504125149494,105.8964785751304],[10.335057872727903,105.89644696617042],[10.335068108033063,105.89641266844552],[10.335071564072743,105.896377],[10.335068108033063,105.89634133155448],[10.335057872727903,105.8963070338296],[10.33504125149494,105.89627542486961],[10.335018883079787,105.89624771939043],[10.334991627089215,105.89622498209853],[10.334960530956772,105.89620808677483],[10.334926789690348,105.89619768269586],[10.334891699948518,105.8961941696826],[10.334856610210608,105.89619768273592],[10.334822868955339,105.89620808684883],[10.3347917728396,105.89622498219522],[10.334764516868729,105.8962477194951],[10.334742148473277,105.8962754249663],[10.334725527257017,105.8963070339036],[10.33471529196302,105.89634133159453],[10.334711835927253,105.896377],[10.33471529196302,105.89641266840547],[10.334725527257017,105.8964469660964],[10.334742148473277,105.8964785750337],[10.334764516868729,105.89650628050491],[10.3347917728396,105.8965290178048],[10.334822868955339,105.89654591315117],[10.334856610210608,105.8965563172641],[10.334891699948518,105.89655983031741]]}]}]}