{"id":479,"ref":"Trạm thu phí","highways":[{"ways":[{"nodes":[[108.8395454,15.0634678]],"buffer_geometry":[[15.063467799924018,108.83973166439023],[15.063502889666784,108.83972808540233],[15.063536630935861,108.83971748591341],[15.063567727072277,108.83970027325304],[15.063594983067537,108.83967710889212],[15.063617351487379,108.83964888302339],[15.063633972724315,108.83961668035182],[15.063644208032132,108.83958173840999],[15.063647664072747,108.8395454],[15.063644208032132,108.83950906159004],[15.063633972724315,108.8394741196482],[15.063617351487379,108.83944191697664],[15.063594983067537,108.8394136911079],[15.063567727072277,108.83939052674698],[15.063536630935861,108.8393733140866],[15.063502889666784,108.8393627145977],[15.063467799924018,108.83935913560978],[15.06343271018704,108.83936271465792],[15.063398968934429,108.83937331419789],[15.063367872822663,108.83939052689237],[15.06334061685648,108.83941369126526],[15.063318248465713,108.83944191712203],[15.063301627253429,108.83947411975947],[15.063291391962089,108.83950906165025],[15.063287935927253,108.8395454],[15.063291391962089,108.83958173834978],[15.063301627253429,108.83961668024055],[15.063318248465713,108.839648882878],[15.06334061685648,108.83967710873475],[15.063367872822663,108.83970027310765],[15.063398968934429,108.83971748580213],[15.06343271018704,108.8397280853421],[15.063467799924018,108.83973166439023]]}]}]}