{"id":394,"ref":"Trạm thu phí","highways":[{"ways":[{"nodes":[[102.3007386,12.110494]],"buffer_geometry":[[12.11049399993942,102.30092255809177],[12.110529089681599,102.30091902341233],[12.110562830949009,102.30090855515964],[12.110593927082926,102.30089155562048],[12.110621183075239,102.30086867807611],[12.110643551492133,102.30084080169715],[12.11066017272657,102.30080899775778],[12.110670408032716,102.30077448846707],[12.110673864072742,102.3007386],[12.110670408032716,102.30070271153294],[12.11066017272657,102.30066820224222],[12.110643551492133,102.30063639830286],[12.110621183075239,102.30060852192389],[12.110593927082926,102.30058564437952],[12.110562830949009,102.30056864484037],[12.110529089681599,102.30055817658767],[12.11049399993942,102.30055464190823],[12.110458910201858,102.30055817663508],[12.110425168947573,102.30056864492799],[12.110394072833312,102.30058564449399],[12.110366816864179,102.30060852204781],[12.11034444847047,102.30063639841732],[12.110327827255682,102.30066820232985],[12.110317591962673,102.30070271158034],[12.110314135927252,102.3007386],[12.110317591962673,102.30077448841966],[12.110327827255682,102.30080899767016],[12.11034444847047,102.30084080158268],[12.110366816864179,102.3008686779522],[12.110394072833312,102.30089155550601],[12.110425168947573,102.30090855507201],[12.110458910201858,102.30091902336493],[12.11049399993942,102.30092255809177]]}]}]}