{"id":214,"ref":"Trạm thu phí","highways":[{"ways":[{"nodes":[[105.8274702,14.8477889]],"buffer_geometry":[[14.847788899925154,105.82765627719172],[14.847823989667877,105.82765270180028],[14.847857730936834,105.82764211296364],[14.847888827073062,105.82762491760198],[14.847916083068105,105.8276017765215],[14.84793845148773,105.82757357902028],[14.847955072724481,105.82754140871316],[14.847965308032174,105.82750650188888],[14.847968764072741,105.8274702],[14.847965308032174,105.82743389811112],[14.847955072724481,105.82739899128684],[14.84793845148773,105.8273668209797],[14.847916083068105,105.82733862347848],[14.847888827073062,105.827315482398],[14.847857730936834,105.82729828703636],[14.847823989667877,105.82728769819973],[14.847788899925154,105.82728412280828],[14.847753810188136,105.82728769825898],[14.847720068935397,105.82729828714585],[14.84768897282345,105.82731548254108],[14.847661716857049,105.82733862363334],[14.847639348466064,105.82736682112277],[14.847622727253594,105.82739899139634],[14.84761249196213,105.82743389817038],[14.847609035927254,105.8274702],[14.84761249196213,105.82750650182962],[14.847622727253594,105.82754140860366],[14.847639348466064,105.82757357887722],[14.847661716857049,105.82760177636665],[14.84768897282345,105.8276249174589],[14.847720068935397,105.82764211285414],[14.847753810188136,105.82765270174102],[14.847788899925154,105.82765627719172]]}]}]}