{"id":251,"ref":"Trạm thu phí","highways":[{"ways":[{"nodes":[[105.475644,15.2932814]],"buffer_geometry":[[15.293281399922803,105.4758304671826],[15.293316489665612,105.4758268842986],[15.293350230934823,105.47581627327008],[15.293381327071438,105.47579904186998],[15.29340858306693,105.47577585228932],[15.293430951487007,105.47574759569004],[15.293447572724139,105.47571535795805],[15.293457808032084,105.47568037797333],[15.293461264072747,105.475644],[15.293457808032084,105.47560762202667],[15.293447572724139,105.47557264204195],[15.293430951487007,105.47554040430998],[15.29340858306693,105.47551214771069],[15.293381327071438,105.47548895813004],[15.293350230934823,105.47547172672992],[15.293316489665612,105.4754611157014],[15.293281399922803,105.4754575328174],[15.29324631018587,105.47546111576266],[15.293212568933395,105.47547172684311],[15.293181472821827,105.47548895827792],[15.293154216855873,105.47551214787075],[15.29313184846534,105.47554040445786],[15.293115227253251,105.47557264215514],[15.293104991962043,105.47560762208794],[15.293101535927255,105.475644],[15.293104991962043,105.47568037791208],[15.293115227253251,105.47571535784488],[15.29313184846534,105.47574759554216],[15.293154216855873,105.47577585212926],[15.293181472821827,105.4757990417221],[15.293212568933395,105.4758162731569],[15.29324631018587,105.47582688423735],[15.293281399922803,105.4758304671826]]}]}]}