{"id":134,"ref":"Trạm thu phí","highways":[{"ways":[{"nodes":[[108.8931798,22.8758481]],"buffer_geometry":[[22.875848099880884,108.89337501810323],[22.87588318962529,108.89337126709158],[22.87591693089904,108.89336015810136],[22.875948027042458,108.89334211804004],[22.87597528304597,108.89331784017388],[22.875997651474066,108.89328825748655],[22.876014272718,108.89325450682522],[22.87602450803049,108.8932178852121],[22.876027964072744,108.8931798],[22.87602450803049,108.8931417147879],[22.876014272718,108.8931050931748],[22.875997651474066,108.89307134251347],[22.87597528304597,108.89304175982613],[22.875948027042458,108.89301748195996],[22.87591693089904,108.89299944189864],[22.87588318962529,108.89298833290842],[22.875848099880884,108.89298458189678],[22.87581301014555,108.89298833300738],[22.87577926889761,108.89299944208149],[22.87574817279284,108.89301748219884],[22.87572091683491,108.8930417600847],[22.875698548452398,108.89307134275235],[22.87568192724711,108.89310509335762],[22.875671691960445,108.89314171488687],[22.875668235927254,108.8931798],[22.875671691960445,108.89321788511315],[22.87568192724711,108.89325450664239],[22.875698548452398,108.89328825724766],[22.87572091683491,108.89331783991531],[22.87574817279284,108.89334211780115],[22.87577926889761,108.89336015791852],[22.87581301014555,108.89337126699263],[22.875848099880884,108.89337501810323]]}]}]}