{"id":567,"ref":"Trạm thu phí","highways":[{"ways":[{"nodes":[[107.3055899,22.4284122]],"buffer_geometry":[[22.42841219988347,107.30578448291766],[22.42844728962778,107.30578074410971],[22.428481030901253,107.30576967126414],[22.428512127044243,107.30575168989957],[22.428539383047262,107.30572749102664],[22.428561751474863,107.30569800459337],[22.428578372718377,107.30566436374795],[22.428588608030587,107.30562786129231],[22.428592064072742,107.3055899],[22.428588608030587,107.3055519387077],[22.428578372718377,107.30551543625205],[22.428561751474863,107.30548179540662],[22.428539383047262,107.30545230897336],[22.428512127044243,107.30542811010042],[22.428481030901253,107.30541012873584],[22.42844728962778,107.30539905589029],[22.42841219988347,107.30539531708233],[22.428377110148038,107.30539905598677],[22.42834336889982,107.30541012891412],[22.42831227279463,107.30542811033335],[22.428285016836202,107.30545230922549],[22.4282626484532,107.30548179563955],[22.428246027247486,107.30551543643033],[22.428235791960546,107.30555193880419],[22.428232335927255,107.3055899],[22.428235791960546,107.30562786119582],[22.428246027247486,107.30566436356968],[22.4282626484532,107.30569800436044],[22.428285016836202,107.30572749077452],[22.42831227279463,107.30575168966664],[22.42834336889982,107.30576967108587],[22.428377110148038,107.30578074401322],[22.42841219988347,107.30578448291766]]}]}]}