{"id":720,"ref":"Trạm thu phí","highways":[{"ways":[{"nodes":[[107.5792117,23.3661183]],"buffer_geometry":[[23.36611829987803,107.57940763264249],[23.36615338962255,107.57940386790254],[23.36618713089661,107.5793927182521],[23.366218227040484,107.57937461216103],[23.366245483044544,107.57935024543302],[23.366267851473186,107.5793205544666],[23.36628447271758,107.57928668027009],[23.366294708030384,107.57924992461317],[23.366298164072745,107.5792117],[23.366294708030384,107.57917347538685],[23.36628447271758,107.57913671972993],[23.366267851473186,107.57910284553341],[23.366245483044544,107.579073154567],[23.366218227040484,107.57904878783899],[23.36618713089661,107.57903068174792],[23.36615338962255,107.57901953209748],[23.36611829987803,107.57901576735753],[23.3660832101428,107.57901953219917],[23.366049468895177,107.57903068193583],[23.36601837279087,107.57904878808448],[23.365991116833484,107.57907315483273],[23.36596874845152,107.57910284577893],[23.365952127246697,107.57913671991783],[23.36594189196034,107.57917347548853],[23.36593843592726,107.5792117],[23.36594189196034,107.57924992451149],[23.365952127246697,107.57928668008219],[23.36596874845152,107.57932055422108],[23.365991116833484,107.57935024516729],[23.36601837279087,107.57937461191554],[23.366049468895177,107.57939271806418],[23.3660832101428,107.57940386780085],[23.36611829987803,107.57940763264249]]}]}]}