{"id":384,"ref":"Trạm thu phí","highways":[{"ways":[{"nodes":[[106.5019771,23.0335285]],"buffer_geometry":[[23.033528499879967,106.50217254578324],[23.033563589624407,106.50216879039723],[23.033597330898264,106.50215766845108],[23.03362842704182,106.50213960735012],[23.033655683045513,106.50211530116911],[23.033678051473782,106.50208568397984],[23.03369467271786,106.5020518939554],[23.033704908030455,106.50201522963071],[23.033708364072744,106.5019771],[23.033704908030455,106.50193897036931],[23.03369467271786,106.50190230604461],[23.033678051473782,106.50186851602018],[23.033655683045513,106.50183889883091],[23.03362842704182,106.5018145926499],[23.033597330898264,106.50179653154893],[23.033563589624407,106.50178540960279],[23.033528499879967,106.50178165421677],[23.03349341014467,106.50178540970262],[23.033459668896825,106.50179653173339],[23.033428572792207,106.5018145928909],[23.033401316834453,106.50183889909177],[23.033378948452114,106.50186851626117],[23.033362327246977,106.50190230622907],[23.03335209196041,106.50193897046914],[23.03334863592725,106.5019771],[23.03335209196041,106.50201522953088],[23.033362327246977,106.50205189377095],[23.033378948452114,106.50208568373884],[23.033401316834453,106.50211530090826],[23.033428572792207,106.50213960710911],[23.033459668896825,106.50215766826662],[23.03349341014467,106.5021687902974],[23.033528499879967,106.50217254578324]]}]}]}