{"id":569,"ref":"Trạm thu phí","highways":[{"ways":[{"nodes":[[106.8933238,22.3666016]],"buffer_geometry":[[22.36660159988383,106.89351829642655],[22.36663668962812,106.89351455928032],[22.36667043090156,106.89350349135647],[22.366701527044494,106.89348551798444],[22.366728783047446,106.89346132986776],[22.366751151474976,106.89343185654108],[22.36676777271843,106.89339823064893],[22.3667780080306,106.89336174441857],[22.366781464072744,106.8933238],[22.3667780080306,106.89328585558145],[22.36676777271843,106.89324936935108],[22.366751151474976,106.89321574345894],[22.366728783047446,106.89318627013226],[22.366701527044494,106.89316208201558],[22.36667043090156,106.89314410864355],[22.36663668962812,106.8931330407197],[22.36660159988383,106.89312930357347],[22.36656651014838,106.89313304081584],[22.366532768900125,106.8931441088212],[22.36650167279488,106.8931620822477],[22.366474416836386,106.89318627038351],[22.36645204845331,106.89321574369106],[22.366435427247545,106.89324936952875],[22.366425191960555,106.89328585567759],[22.366421735927254,106.8933238],[22.366425191960555,106.89336174432242],[22.366435427247545,106.89339823047126],[22.36645204845331,106.89343185630896],[22.366474416836386,106.8934613296165],[22.36650167279488,106.89348551775232],[22.366532768900125,106.8935034911788],[22.36656651014838,106.89351455918418],[22.36660159988383,106.89351829642655]]}]}]}