{"id":986,"ref":"Trạm thu phí","highways":[{"ways":[{"nodes":[[107.9545595,10.9176848]],"buffer_geometry":[[10.917684799945542,107.95474267956796],[10.917719889687488,107.95473915984515],[10.917753630954234,107.95472873589281],[10.917784727087156,107.95471180829558],[10.9178119830783,107.95468902757014],[10.917834351494022,107.9546612691665],[10.917850972727466,107.95462959982501],[10.91786120803295,107.95459523658212],[10.917864664072743,107.9545595],[10.91786120803295,107.95452376341788],[10.917850972727466,107.95448940017499],[10.917834351494022,107.95445773083351],[10.9178119830783,107.95442997242986],[10.917784727087156,107.95440719170442],[10.917753630954234,107.95439026410719],[10.917719889687488,107.95437984015486],[10.917684799945542,107.95437632043205],[10.917649710207746,107.9543798401973],[10.9176159689528,107.95439026418562],[10.917584872837544,107.9544071918069],[10.91755761686724,107.95442997254078],[10.917535248472358,107.95445773093599],[10.91751862725658,107.95448940025341],[10.917508391962906,107.95452376346033],[10.917504935927255,107.9545595],[10.917508391962906,107.95459523653967],[10.91751862725658,107.9546295997466],[10.917535248472358,107.95466126906402],[10.91755761686724,107.95468902745922],[10.917584872837544,107.95471180819311],[10.9176159689528,107.95472873581438],[10.917649710207746,107.9547391598027],[10.917684799945542,107.95474267956796]]}]}]}