{"id":593,"ref":"Trạm thu phí","highways":[{"ways":[{"nodes":[[108.3709983,21.716895]],"buffer_geometry":[[21.716894999887554,108.37119190551398],[21.716930089631706,108.37118818548466],[21.716963830904735,108.37117716825735],[21.716994927047068,108.37115927721348],[21.717022183049306,108.37113519989285],[21.71704455147612,108.37110586157235],[21.717061172718974,108.3710723897082],[21.717071408030744,108.37103607060838],[21.717074864072742,108.3709983],[21.717071408030744,108.37096052939161],[21.717061172718974,108.37092421029179],[21.71704455147612,108.37089073842765],[21.717022183049306,108.37086140010715],[21.716994927047068,108.37083732278653],[21.716963830904735,108.37081943174265],[21.716930089631706,108.37080841451535],[21.716894999887554,108.37080469448601],[21.716859910151967,108.37080841460799],[21.716826168903307,108.37081943191383],[21.716795072797453,108.37083732301016],[21.716767816838246,108.37086140034921],[21.71674544845446,108.3708907386513],[21.71672882724809,108.37092421046296],[21.7167185919607,108.37096052948425],[21.716715135927256,108.3709983],[21.7167185919607,108.37103607051574],[21.71672882724809,108.37107238953703],[21.71674544845446,108.37110586134871],[21.716767816838246,108.37113519965078],[21.716795072797453,108.37115927698983],[21.716826168903307,108.37117716808616],[21.716859910151967,108.371188185392],[21.716894999887554,108.37119190551398]]}]}]}