{"id":378,"ref":"Trạm thu phí","highways":[{"ways":[{"nodes":[[107.3928756,21.0823378]],"buffer_geometry":[[21.082337799891167,107.39306836703766],[21.082372889635177,107.39306466311771],[21.082406630907823,107.39305369360311],[21.082437727049566,107.39303588004182],[21.082464983051114,107.39301190699615],[21.08248735147724,107.39298269573578],[21.082503972719508,107.39294936883408],[21.082514208030883,107.39291320702809],[21.082517664072746,107.3928756],[21.082514208030883,107.3928379929719],[21.082503972719508,107.3928018311659],[21.08248735147724,107.3927685042642],[21.082464983051114,107.39273929300383],[21.082437727049566,107.39271531995816],[21.082406630907823,107.39269750639687],[21.082372889635177,107.39268653688227],[21.082337799891167,107.39268283296234],[21.08230271015544,107.39268653697154],[21.082268968906387,107.39269750656183],[21.082237872799954,107.39271532017369],[21.082210616840054,107.39273929323711],[21.082188248455576,107.39276850447973],[21.082171627248623,107.39280183133086],[21.082161391960838,107.39283799306118],[21.082157935927256,107.3928756],[21.082161391960838,107.39291320693881],[21.082171627248623,107.39294936866914],[21.082188248455576,107.39298269552026],[21.082210616840054,107.39301190676287],[21.082237872799954,107.3930358798263],[21.082268968906387,107.39305369343815],[21.08230271015544,107.39306466302844],[21.082337799891167,107.39306836703766]]}]}]}