{"id":57,"ref":"Trạm thu phí","highways":[{"ways":[{"nodes":[[106.6457209,11.0052429]],"buffer_geometry":[[11.005242899945095,106.64590413379366],[11.005277989687059,106.6459006130291],[11.005311730953853,106.64589018599118],[11.005342827086851,106.64587325338304],[11.005370083078077,106.64585046591397],[11.005392451493886,106.64582269929312],[11.005409072727403,106.64579102057662],[11.005419308032934,106.6457566471612],[11.005422764072744,106.6457209],[11.005419308032934,106.6456851528388],[11.005409072727403,106.64565077942336],[11.005392451493886,106.64561910070688],[11.005370083078077,106.64559133408602],[11.005342827086851,106.64556854661694],[11.005311730953853,106.64555161400881],[11.005277989687059,106.6455411869709],[11.005242899945095,106.64553766620634],[11.005207810207317,106.6455411870137],[11.00517406895242,106.64555161408792],[11.005142972837234,106.64556854672028],[11.005115716867019,106.64559133419789],[11.00509334847222,106.64561910081022],[11.005076727256515,106.64565077950246],[11.00506649196289,106.6456851528816],[11.005063035927256,106.6457209],[11.00506649196289,106.6457566471184],[11.005076727256515,106.64579102049754],[11.00509334847222,106.64582269918976],[11.005115716867019,106.6458504658021],[11.005142972837234,106.6458732532797],[11.00517406895242,106.64589018591208],[11.005207810207317,106.64590061298628],[11.005242899945095,106.64590413379366]]}]}]}