{"id":203,"ref":"Trạm thu phí","highways":[{"ways":[{"nodes":[[102.0379885,23.7579418]],"buffer_geometry":[[23.757941799875727,102.03818501785122],[23.757976889620334,102.03818124186778],[23.758010630894642,102.03817005891652],[23.75804172703889,102.038151898747],[23.758068983043394,102.038127459241],[23.758091351472473,102.03809767959383],[23.75810797271724,102.03806370422183],[23.758118208030293,102.03802683878284],[23.758121664072743,102.0379885],[23.758118208030293,102.03795016121717],[23.75810797271724,102.03791329577817],[23.758091351472473,102.03787932040616],[23.758068983043394,102.03784954075901],[23.75804172703889,102.03782510125299],[23.758010630894642,102.03780694108347],[23.757976889620334,102.03779575813223],[23.757941799875727,102.03779198214878],[23.75790671014059,102.03779575823614],[23.75787296889321,102.03780694127549],[23.757841872789278,102.03782510150388],[23.75781461683233,102.03784954103055],[23.75779224845081,102.03787932065704],[23.757775627246357,102.03791329597018],[23.75776539196025,102.03795016132108],[23.757761935927252,102.0379885],[23.75776539196025,102.03802683867892],[23.757775627246357,102.03806370402981],[23.75779224845081,102.03809767934295],[23.75781461683233,102.03812745896944],[23.757841872789278,102.03815189849612],[23.75787296889321,102.0381700587245],[23.75790671014059,102.03818124176385],[23.757941799875727,102.03818501785122]]}]}]}