{"id":520,"ref":"Trạm thu phí","highways":[{"ways":[{"nodes":[[102.9428419,23.1828811]],"buffer_geometry":[[23.1828810998791,102.94303756329685],[23.182916189623572,102.9430338037318],[23.18294993089752,102.94302266940822],[23.182981027041222,102.94300458820707],[23.18300828304508,102.94298025497555],[23.183030651473516,102.94295060482493],[23.183047272717737,102.94291677719502],[23.183057508030423,102.94288007206592],[23.183060964072745,102.9428419],[23.183057508030423,102.94280372793408],[23.183047272717737,102.94276702280499],[23.183030651473516,102.94273319517507],[23.18300828304508,102.94270354502446],[23.182981027041222,102.94267921179292],[23.18294993089752,102.94266113059177],[23.182916189623572,102.9426499962682],[23.1828810998791,102.94264623670315],[23.18284601014383,102.94264999636887],[23.18281226889609,102.94266113077778],[23.18278117279161,102.94267921203594],[23.18275391683402,102.9427035452875],[23.182731548451848,102.94273319541809],[23.182714927246852,102.94276702299098],[23.182704691960378,102.94280372803475],[23.182701235927258,102.9428419],[23.182704691960378,102.94288007196526],[23.182714927246852,102.94291677700903],[23.182731548451848,102.94295060458191],[23.18275391683402,102.94298025471251],[23.18278117279161,102.94300458796405],[23.18281226889609,102.94302266922223],[23.18284601014383,102.94303380363114],[23.1828810998791,102.94303756329685]]}]}]}