{"id":140,"ref":"Trạm thu phí","highways":[{"ways":[{"nodes":[[106.5727889,20.9085661]],"buffer_geometry":[[20.908566099892145,106.57298144279864],[20.908601189636126,106.57297774318694],[20.908634930908658,106.57296678643243],[20.908666027050245,106.5729489935928],[20.908693283051605,106.57292504843404],[20.908715651477543,106.57289587115417],[20.90873227271965,106.57286258302071],[20.90874250803092,106.57282646328078],[20.908745964072747,106.5727889],[20.90874250803092,106.57275133671924],[20.90873227271965,106.57271521697932],[20.908715651477543,106.57268192884584],[20.908693283051605,106.57265275156598],[20.908666027050245,106.57262880640722],[20.908634930908658,106.5726110135676],[20.908601189636126,106.57260005681309],[20.908566099892145,106.57259635720139],[20.90853101015638,106.57260005690146],[20.908497268907226,106.57261101373088],[20.90846617280063,106.57262880662056],[20.908438916840545,106.5726527517969],[20.90841654845588,106.57268192905919],[20.908399927248762,106.5727152171426],[20.90838969196088,106.57275133680761],[20.908386235927253,106.5727889],[20.90838969196088,106.57282646319241],[20.908399927248762,106.57286258285743],[20.90841654845588,106.57289587094084],[20.908438916840545,106.57292504820313],[20.90846617280063,106.57294899337947],[20.908497268907226,106.57296678626915],[20.90853101015638,106.57297774309856],[20.908566099892145,106.57298144279864]]}]}]}