{"id":144,"ref":"Trạm thu phí","highways":[{"ways":[{"nodes":[[106.8913177,22.1126975]],"buffer_geometry":[[22.11269749988529,106.89151184431266],[22.112732589629527,106.89150811393151],[22.112766330902804,106.89149706604437],[22.112797427045503,106.89147912521076],[22.112824683048178,106.89145498088384],[22.112847051475427,106.89142556091541],[22.112863672718643,106.8913919958995],[22.112873908030657,106.89135557572386],[22.112877364072745,106.8913177],[22.112873908030657,106.89127982427615],[22.112863672718643,106.8912434041005],[22.112847051475427,106.8912098390846],[22.112824683048178,106.89118041911618],[22.112797427045503,106.89115627478925],[22.112766330902804,106.89113833395565],[22.112732589629527,106.89112728606851],[22.11269749988529,106.89112355568736],[22.112662410149785,106.89112728616327],[22.112628668901372,106.89113833413076],[22.112597572795888,106.89115627501803],[22.112570316837115,106.89118041936382],[22.11254794845376,106.89120983931339],[22.11253132724776,106.89124340427561],[22.11252109196061,106.89127982437091],[22.112517635927254,106.8913177],[22.11252109196061,106.89135557562909],[22.11253132724776,106.89139199572439],[22.11254794845376,106.89142556068663],[22.112570316837115,106.8914549806362],[22.112597572795888,106.89147912498198],[22.112628668901372,106.89149706586926],[22.112662410149785,106.89150811383675],[22.11269749988529,106.89151184431266]]}]}]}