{"id":127,"ref":"Trạm thu phí","highways":[{"ways":[{"nodes":[[106.6633945,10.8141292]],"buffer_geometry":[[10.814129199946073,106.66357761602801],[10.814164289687998,106.66357409752588],[10.814198030954687,106.66356367718917],[10.814229127087524,106.66354675546354],[10.814256383078567,106.66352398264004],[10.814278751494188,106.66349623386506],[10.814295372727546,106.66346457550894],[10.814305608032969,106.66343022418587],[10.814309064072745,106.6633945],[10.814305608032969,106.66335877581412],[10.814295372727546,106.66332442449105],[10.814278751494188,106.66329276613492],[10.814256383078567,106.66326501735995],[10.814229127087524,106.66324224453645],[10.814198030954687,106.66322532281082],[10.814164289687998,106.6632149024741],[10.814129199946073,106.66321138397198],[10.814094110208254,106.66321490251612],[10.814060368953255,106.66322532288847],[10.814029272837912,106.6632422446379],[10.814002016867507,106.66326501746974],[10.813979648472523,106.66329276623637],[10.81396302725666,106.66332442456869],[10.813952791962926,106.66335877585612],[10.813949335927257,106.6633945],[10.813952791962926,106.66343022414387],[10.81396302725666,106.66346457543129],[10.813979648472523,106.66349623376362],[10.814002016867507,106.66352398253024],[10.814029272837912,106.66354675536209],[10.814060368953255,106.66356367711153],[10.814094110208254,106.66357409748386],[10.814129199946073,106.66357761602801]]}]}]}