{"id":1044,"ref":"Trạm thu phí","highways":[{"ways":[{"nodes":[[109.9358748,21.8548271]],"buffer_geometry":[[21.85482709988677,109.93606859188903],[21.854862189630953,109.9360648682789],[21.85489593090407,109.93605384044612],[21.85492702704653,109.93603593217955],[21.854954283048915,109.93601183168087],[21.854976651475884,109.93598246511766],[21.854993272718865,109.93594896103151],[21.855003508030716,109.93591260696873],[21.855006964072743,109.9358748],[21.855003508030716,109.93583699303127],[21.854993272718865,109.93580063896847],[21.854976651475884,109.93576713488234],[21.854954283048915,109.93573776831911],[21.85492702704653,109.93571366782045],[21.85489593090407,109.93569575955388],[21.854862189630953,109.93568473172108],[21.85482709988677,109.93568100811096],[21.85479201015121,109.93568473181446],[21.854758268902636,109.93569575972641],[21.854727172796913,109.93571366804586],[21.854699916837856,109.93573776856311],[21.85467754845422,109.93576713510777],[21.854660927247973,109.93580063914101],[21.854650691960675,109.93583699312465],[21.854647235927256,109.9358748],[21.854650691960675,109.93591260687533],[21.854660927247973,109.935948960859],[21.85467754845422,109.93598246489223],[21.854699916837856,109.93601183143687],[21.854727172796913,109.93603593195412],[21.854758268902636,109.93605384027357],[21.85479201015121,109.93606486818553],[21.85482709988677,109.93606859188903]]}]}]}