{"id":614,"ref":"Trạm thu phí","highways":[{"ways":[{"nodes":[[102.4797948,18.2507438]],"buffer_geometry":[[18.250743799906896,102.47998419139539],[18.250778889650313,102.47998055233035],[18.25081263092125,102.47996977490314],[18.250843727060442,102.47995227328066],[18.250870983058977,102.479928720038],[18.250893351482095,102.47990002031223],[18.250909972721807,102.47986727701856],[18.250920208031477,102.47983174846583],[18.250923664072744,102.4797948],[18.250920208031477,102.47975785153416],[18.250909972721807,102.47972232298143],[18.250893351482095,102.47968957968776],[18.250870983058977,102.47966087996198],[18.250843727060442,102.47963732671933],[18.25081263092125,102.47961982509685],[18.250778889650313,102.47960904766964],[18.250743799906896,102.4796054086046],[18.250708710170574,102.47960904774467],[18.250674968919814,102.47961982523547],[18.250643872810826,102.47963732690046],[18.250616616847918,102.47966088015804],[18.25059424846043,102.47968957986889],[18.250577627250916,102.47972232312006],[18.250567391961436,102.4797578516092],[18.25056393592725,102.4797948],[18.250567391961436,102.4798317483908],[18.250577627250916,102.47986727687993],[18.25059424846043,102.4799000201311],[18.250616616847918,102.47992871984195],[18.250643872810826,102.47995227309953],[18.250674968919814,102.47996977476451],[18.250708710170574,102.47998055225531],[18.250743799906896,102.47998419139539]]}]}]}