{"id":826,"ref":"Trạm thu phí","highways":[{"ways":[{"nodes":[[106.0319739,10.4071156]],"buffer_geometry":[[10.407115599948147,106.03215677250013],[10.407150689689992,106.03215325867649],[10.407184430956457,106.0321428521972],[10.407215527088958,106.03212595297548],[10.407242783079603,106.03210321043765],[10.407265151494824,106.03207549856621],[10.407281772727849,106.03204388231332],[10.407292008033048,106.03200957667511],[10.407295464072742,106.0319739],[10.407292008033048,106.0319382233249],[10.407281772727849,106.03190391768669],[10.407265151494824,106.0318723014338],[10.407242783079603,106.03184458956235],[10.407215527088958,106.03182184702453],[10.407184430956457,106.03180494780281],[10.407150689689992,106.03179454132352],[10.407115599948147,106.03179102749988],[10.407080510210251,106.03179454136387],[10.407046768955023,106.03180494787736],[10.407015672839345,106.03182184712193],[10.406988416868543,106.0318445896678],[10.406966048473162,106.03187230153121],[10.406949427256961,106.03190391776126],[10.406939191963005,106.03193822336524],[10.406935735927254,106.0319739],[10.406939191963005,106.03200957663476],[10.406949427256961,106.03204388223875],[10.406966048473162,106.0320754984688],[10.406988416868543,106.03210321033221],[10.407015672839345,106.03212595287808],[10.407046768955023,106.03214285212265],[10.407080510210251,106.03215325863614],[10.407115599948147,106.03215677250013]]}]}]}