{"id":142,"ref":"Trạm thu phí","highways":[{"ways":[{"nodes":[[108.1149868,12.6641869]],"buffer_geometry":[[12.664186899936563,108.11517114895662],[12.664221989678849,108.115167606768],[12.664255730946572,108.11515711627383],[12.66428682708095,108.11514008061556],[12.66431408307381,108.11511715446235],[12.664336451491254,108.11508921885284],[12.664353072726152,108.11505734733745],[12.664363308032609,108.11502276472218],[12.664366764072746,108.1149868],[12.664363308032609,108.11495083527781],[12.664353072726152,108.11491625266254],[12.664336451491254,108.11488438114715],[12.66431408307381,108.11485644553764],[12.66428682708095,108.11483351938443],[12.664255730946572,108.11481648372616],[12.664221989678849,108.114805993232],[12.664186899936563,108.11480245104337],[12.664151810199108,108.11480599328176],[12.664118068945136,108.1148164838181],[12.664086972831337,108.11483351950457],[12.664059716862752,108.11485644566768],[12.664037348469588,108.11488438126727],[12.664020727255268,108.1149162527545],[12.664010491962566,108.11495083532758],[12.664007035927256,108.1149868],[12.664010491962566,108.11502276467242],[12.664020727255268,108.1150573472455],[12.664037348469588,108.1150892187327],[12.664059716862752,108.11511715433231],[12.664086972831337,108.11514008049542],[12.664118068945136,108.11515711618189],[12.664151810199108,108.11516760671823],[12.664186899936563,108.11517114895662]]}]}]}