{"id":772,"ref":"Trạm thu phí","highways":[{"ways":[{"nodes":[[103.9255411,11.0884528]],"buffer_geometry":[[11.08845279994467,103.92572438575306],[11.088487889686649,103.92572086399026],[11.08852163095349,103.92571043399572],[11.088552727086556,103.9256934965861],[11.088579983077864,103.92567070265525],[11.088602351493755,103.92564292816063],[11.08861897272734,103.92561124046095],[11.088629208032916,103.92557685729817],[11.088632664072744,103.92554110000002],[11.088629208032916,103.92550534270185],[11.08861897272734,103.92547095953907],[11.088602351493755,103.9254392718394],[11.088579983077864,103.92541149734477],[11.088552727086556,103.92538870341392],[11.08852163095349,103.9253717660043],[11.088487889686649,103.92536133600976],[11.08845279994467,103.92535781424696],[11.088417710206906,103.9253613360529],[11.088383968952057,103.92537176608406],[11.088352872836943,103.92538870351808],[11.088325616866806,103.92541149745753],[11.088303248472089,103.92543927194357],[11.088286627256455,103.9254709596188],[11.088276391962875,103.92550534274501],[11.088272935927256,103.92554110000002],[11.088276391962875,103.92557685725501],[11.088286627256455,103.92561124038122],[11.088303248472089,103.92564292805645],[11.088325616866806,103.92567070254249],[11.088352872836943,103.92569349648194],[11.088383968952057,103.92571043391597],[11.088417710206906,103.92572086394712],[11.08845279994467,103.92572438575306]]}]}]}