{"id":515,"ref":"Trạm thu phí","highways":[{"ways":[{"nodes":[[102.5072318,23.3300552]],"buffer_geometry":[[23.330055199878235,102.5074276794153],[23.330090289622746,102.507423915698],[23.330124030896783,102.5074127690764],[23.330155127040623,102.50739466790401],[23.330182383044647,102.50737030779547],[23.330204751473246,102.50734062489491],[23.33022137271761,102.50730675990074],[23.330231608030388,102.50727001422895],[23.330235064072742,102.5072318],[23.330231608030388,102.50719358577105],[23.33022137271761,102.50715684009926],[23.330204751473246,102.50712297510508],[23.330182383044647,102.50709329220453],[23.330155127040623,102.50706893209598],[23.330124030896783,102.5070508309236],[23.330090289622746,102.507039684302],[23.330055199878235,102.5070359205847],[23.330020110143003,102.50703968440348],[23.32998636889535,102.50705083111113],[23.32995527279101,102.507068932341],[23.329928016833584,102.50709329246975],[23.329905648451582,102.5071229753501],[23.329889027246722,102.50715684028678],[23.329878791960347,102.50719358587254],[23.32987533592725,102.5072318],[23.329878791960347,102.50727001412746],[23.329889027246722,102.50730675971322],[23.329905648451582,102.5073406246499],[23.329928016833584,102.50737030753025],[23.32995527279101,102.507394667659],[23.32998636889535,102.50741276888887],[23.330020110143003,102.50742391559652],[23.330055199878235,102.5074276794153]]}]}]}