{"id":552,"ref":"Trạm thu phí","highways":[{"ways":[{"nodes":[[102.5057068,18.1153328]],"buffer_geometry":[[18.11533279990764,102.50589604443529],[18.11536788965103,102.50589240819372],[18.115401630921884,102.50588163912911],[18.11543272706096,102.50586415108701],[18.11545998305935,102.50584061612066],[18.115482351482324,102.50581193866479],[18.11549897272192,102.50577922077876],[18.115509208031508,102.505743719795],[18.115512664072746,102.5057068],[18.115509208031508,102.50566988020499],[18.11549897272192,102.50563437922123],[18.115482351482324,102.5056016613352],[18.11545998305935,102.50557298387933],[18.11543272706096,102.50554944891299],[18.115401630921884,102.50553196087088],[18.11536788965103,102.50552119180628],[18.11533279990764,102.50551755556471],[18.115297710171284,102.50552119188066],[18.11526396892045,102.50553196100832],[18.11523287281134,102.50554944909253],[18.115205616848293,102.50557298407368],[18.11518324846066,102.50560166151477],[18.115166627251032,102.50563437935867],[18.115156391961463,102.50566988027937],[18.115152935927256,102.5057068],[18.115156391961463,102.50574371972063],[18.115166627251032,102.50577922064134],[18.11518324846066,102.50581193848522],[18.115205616848293,102.50584061592632],[18.11523287281134,102.50586415090747],[18.11526396892045,102.50588163899168],[18.115297710171284,102.50589240811934],[18.11533279990764,102.50589604443529]]}]}]}