{"id":362,"ref":"Trạm thu phí","highways":[{"ways":[{"nodes":[[107.049129,22.8057462]],"buffer_geometry":[[22.80574619988129,107.04932411752517],[22.805781289625685,107.04932036844593],[22.805815030899396,107.049309265179],[22.805846127042738,107.04929123441198],[22.805873383046176,107.04926696905396],[22.805895751474193,107.04923740160791],[22.80591237271806,107.04920366833531],[22.805922608030507,107.0491670655901],[22.805926064072747,107.049129],[22.805922608030507,107.0490909344099],[22.80591237271806,107.04905433166469],[22.805895751474193,107.04902059839209],[22.805873383046176,107.04899103094603],[22.805846127042738,107.04896676558802],[22.805815030899396,107.048948734821],[22.805781289625685,107.04893763155407],[22.80574619988129,107.04893388247481],[22.805711110145946,107.04893763165263],[22.80567736889796,107.04894873500311],[22.80564627279313,107.04896676582595],[22.805619016835116,107.0489910312036],[22.805596648452532,107.04902059863005],[22.805580027247174,107.0490543318468],[22.80556979196047,107.04909093450846],[22.805566335927256,107.049129],[22.80556979196047,107.04916706549153],[22.805580027247174,107.0492036681532],[22.805596648452532,107.04923740136995],[22.805619016835116,107.0492669687964],[22.80564627279313,107.04929123417404],[22.80567736889796,107.0493092649969],[22.805711110145946,107.04932036834737],[22.80574619988129,107.04932411752517]]}]}]}