{"id":836,"ref":"Trạm thu phí","highways":[{"ways":[{"nodes":[[109.5472626,22.2235366]],"buffer_geometry":[[22.223536599884653,109.54745689739802],[22.223571689628915,109.54745316407568],[22.22360543090226,109.54744210747735],[22.223636527045066,109.54742415249731],[22.223663783047858,109.5473999891323],[22.22368615147523,109.5473705459658],[22.22370277271855,109.54733695448327],[22.223713008030632,109.54730050558963],[22.223716464072748,109.5472626],[22.223713008030632,109.54722469441036],[22.22370277271855,109.54718824551672],[22.22368615147523,109.54715465403419],[22.223663783047858,109.54712521086768],[22.223636527045066,109.54710104750266],[22.22360543090226,109.54708309252264],[22.223571689628915,109.5470720359243],[22.223536599884653,109.54706830260197],[22.223501510149173,109.54707203601967],[22.22346776890083,109.54708309269886],[22.223436672795447,109.54710104773291],[22.223409416836798,109.54712521111688],[22.223387048453567,109.54715465426442],[22.223370427247666,109.54718824569294],[22.223360191960587,109.54722469450573],[22.223356735927254,109.5472626],[22.223360191960587,109.54730050549426],[22.223370427247666,109.54733695430706],[22.223387048453567,109.54737054573556],[22.223409416836798,109.5473999888831],[22.223436672795447,109.54742415226708],[22.22346776890083,109.54744210730114],[22.223501510149173,109.54745316398031],[22.223536599884653,109.54745689739802]]}]}]}