{"id":426,"ref":"Trạm thu phí","highways":[{"ways":[{"nodes":[[105.4040101,21.2855349]],"buffer_geometry":[[21.28553489989001,105.40420313216624],[21.28556998963407,105.40419942315246],[21.285603730906832,105.40418843855097],[21.285634827048764,105.40417060048948],[21.285662083050536,105.40414659447178],[21.285684451476882,105.40411734303463],[21.285701072719334,105.4040839702954],[21.285711308030837,105.40404775875265],[21.285714764072743,105.4040101],[21.285711308030837,105.40397244124735],[21.285701072719334,105.4039362297046],[21.285684451476882,105.40390285696536],[21.285662083050536,105.40387360552822],[21.285634827048764,105.40384959951051],[21.285603730906832,105.40383176144901],[21.28556998963407,105.40382077684752],[21.28553489989001,105.40381706783376],[21.285499810154327,105.40382077693786],[21.285466068905396,105.40383176161595],[21.285434972799152,105.40384959972862],[21.285407716839472,105.4038736057643],[21.28538534845522,105.40390285718347],[21.285368727248446,105.40393622987152],[21.28535849196079,105.4039724413377],[21.28535503592725,105.4040101],[21.28535849196079,105.40404775866229],[21.285368727248446,105.40408397012847],[21.28538534845522,105.40411734281652],[21.285407716839472,105.4041465942357],[21.285434972799152,105.40417060027137],[21.285466068905396,105.40418843838405],[21.285499810154327,105.40419942306212],[21.28553489989001,105.40420313216624]]}]}]}