{"id":878,"ref":"Trạm thu phí","highways":[{"ways":[{"nodes":[[106.9118135,10.8795834]],"buffer_geometry":[[10.879583399945739,106.9119966561149],[10.879618489687676,106.91199313684264],[10.8796522309544,106.91198271422486],[10.879683327087292,106.91196578879489],[10.879710583078399,106.9119430109861],[10.879732951494086,106.91191525613647],[10.879749572727496,106.91188359084978],[10.879759808032958,106.91184923200657],[10.879763264072746,106.9118135],[10.879759808032958,106.91177776799341],[10.879749572727496,106.91174340915022],[10.879732951494086,106.91171174386352],[10.879710583078399,106.9116839890139],[10.879683327087292,106.91166121120511],[10.8796522309544,106.91164428577513],[10.879618489687676,106.91163386315736],[10.879583399945739,106.91163034388511],[10.879548310207934,106.91163386319965],[10.879514568952967,106.91164428585327],[10.87948347283768,106.91166121130722],[10.879456216867341,106.91168398912441],[10.879433848472418,106.91171174396563],[10.879417227256612,106.91174340922836],[10.879406991962915,106.9117777680357],[10.879403535927253,106.9118135],[10.879406991962915,106.9118492319643],[10.879417227256612,106.91188359077162],[10.879433848472418,106.91191525603438],[10.879456216867341,106.91194301087559],[10.87948347283768,106.91196578869278],[10.879514568952967,106.91198271414673],[10.879548310207934,106.91199313680035],[10.879583399945739,106.9119966561149]]}]}]}