{"id":243,"ref":"Trạm thu phí","highways":[{"ways":[{"nodes":[[106.6626221,23.3540954]],"buffer_geometry":[[23.354095399878098,106.66281801488549],[23.354130489622612,106.6628142504867],[23.354164230896664,106.6628031018467],[23.35419532704053,106.66278499739656],[23.354222583044578,106.66276063287684],[23.354244951473206,106.66273094460124],[23.35426157271759,106.66269707347472],[23.354271808030383,106.6626603211489],[23.354275264072744,106.6626221],[23.354271808030383,106.66258387885108],[23.35426157271759,106.66254712652527],[23.354244951473206,106.66251325539874],[23.354222583044578,106.66248356712315],[23.35419532704053,106.66245920260343],[23.354164230896664,106.66244109815328],[23.354130489622612,106.66242994951327],[23.354095399878098,106.6624261851145],[23.354060310142867,106.66242994961489],[23.354026568895236,106.66244109834106],[23.353995472790917,106.66245920284878],[23.35396821683352,106.6624835673887],[23.35394584845154,106.66251325564407],[23.353929227246702,106.66254712671305],[23.35391899196034,106.6625838789527],[23.353915535927253,106.6626221],[23.35391899196034,106.66266032104728],[23.353929227246702,106.66269707328694],[23.35394584845154,106.6627309443559],[23.35396821683352,106.66276063261128],[23.353995472790917,106.6627849971512],[23.354026568895236,106.66280310165892],[23.354060310142867,106.66281425038508],[23.354095399878098,106.66281801488549]]}]}]}