{"id":348,"ref":"Trạm thu phí","highways":[{"ways":[{"nodes":[[105.6199874,23.6367353]],"buffer_geometry":[[23.636735299876445,105.6201837354687],[23.63677038962102,105.62017996298933],[23.636804130895257,105.6201687904164],[23.636835227039388,105.62015064710064],[23.63686248304375,105.62012623027617],[23.636884851472697,105.62009647826669],[23.63690147271735,105.62006253442642],[23.636911708030325,105.62002570320142],[23.636915164072747,105.6199874],[23.636911708030325,105.61994909679858],[23.63690147271735,105.61991226557357],[23.636884851472697,105.61987832173331],[23.63686248304375,105.61984856972381],[23.636835227039388,105.61982415289935],[23.636804130895257,105.6198060095836],[23.63677038962102,105.61979483701067],[23.636735299876445,105.6197910645313],[23.63670021014128,105.6197948371139],[23.636666468893825,105.61980600977434],[23.636635372789776,105.61982415314857],[23.636608116832694,105.61984856999356],[23.636585748451033,105.61987832198251],[23.636569127246464,105.61991226576431],[23.636558891960277,105.6199490969018],[23.636555435927256,105.6199874],[23.636558891960277,105.6200257030982],[23.636569127246464,105.62006253423569],[23.636585748451033,105.62009647801749],[23.636608116832694,105.62012623000642],[23.636635372789776,105.62015064685143],[23.636666468893825,105.62016879022566],[23.63670021014128,105.6201799628861],[23.636735299876445,105.6201837354687]]}]}]}