{"id":417,"ref":"Trạm thu phí","highways":[{"ways":[{"nodes":[[108.203991,16.0581191]],"buffer_geometry":[[16.058119099918738,108.20417816703018],[16.0581541896617,108.20417457070054],[16.058187930931354,108.20416391984814],[16.058219027068624,108.20414662377615],[16.0582462830649,108.20412334716082],[16.058268651485754,108.2040949845087],[16.058285272723545,108.20406262578133],[16.058295508031932,108.20402751450855],[16.058298964072748,108.203991],[16.058295508031932,108.20395448549145],[16.058285272723545,108.20391937421867],[16.058268651485754,108.20388701549132],[16.0582462830649,108.20385865283919],[16.058219027068624,108.20383537622385],[16.058187930931354,108.20381808015186],[16.0581541896617,108.20380742929947],[16.058119099918738,108.20380383296983],[16.058084010181958,108.20380742936419],[16.05805026892992,108.20381808027146],[16.058019172819016,108.20383537638011],[16.05799191685384,108.20385865300831],[16.057969548464083,108.20388701564755],[16.057952927252654,108.20391937433826],[16.057942691961884,108.20395448555617],[16.057939235927254,108.203991],[16.057942691961884,108.20402751444384],[16.057952927252654,108.20406262566175],[16.057969548464083,108.20409498435245],[16.05799191685384,108.20412334699171],[16.058019172819016,108.2041466236199],[16.05805026892992,108.20416391972856],[16.058084010181958,108.20417457063583],[16.058119099918738,108.20417816703018]]}]}]}