{"id":241,"ref":"Trạm thu phí","highways":[{"ways":[{"nodes":[[106.4437262,23.0992103]],"buffer_geometry":[[23.099210299879584,106.4439217412174],[23.099245389624038,106.44391798399784],[23.099279130897937,106.44390685662108],[23.099310227041556,106.44388878670115],[23.099337483045325,106.44386446865174],[23.099359851473665,106.44383483700067],[23.09937647271781,106.4438010304768],[23.099386708030437,106.44376434824916],[23.09939016407274,106.4437262],[23.099386708030437,106.44368805175084],[23.09937647271781,106.4436513695232],[23.099359851473665,106.44361756299935],[23.099337483045325,106.44358793134828],[23.099310227041556,106.44356361329885],[23.099279130897937,106.44354554337893],[23.099245389624038,106.44353441600218],[23.099210299879584,106.4435306587826],[23.099175210144296,106.44353441610238],[23.0991414688965,106.44354554356407],[23.099110372791944,106.44356361354075],[23.09908311683426,106.4435879316101],[23.099060748452,106.44361756324123],[23.099044127246923,106.44365136970833],[23.099033891960396,106.44368805185103],[23.099030435927254,106.4437262],[23.099033891960396,106.44376434814897],[23.099044127246923,106.44380103029168],[23.099060748452,106.44383483675878],[23.09908311683426,106.44386446838992],[23.099110372791944,106.44388878645927],[23.0991414688965,106.44390685643594],[23.099175210144296,106.44391798389763],[23.099210299879584,106.4439217412174]]}]}]}