{"id":297,"ref":"Trạm thu phí","highways":[{"ways":[{"nodes":[[105.8158333,23.3729594]],"buffer_geometry":[[23.372959399877992,105.8160292427516],[23.372994489622503,105.81602547781743],[23.373028230896573,105.81601432759172],[23.373059327040455,105.8159962205665],[23.373086583044525,105.8159718525813],[23.373108951473174,105.81594216008295],[23.373125572717573,105.81590828413871],[23.37313580803038,105.81587152658537],[23.373139264072744,105.8158333],[23.37313580803038,105.81579507341463],[23.373125572717573,105.81575831586129],[23.373108951473174,105.81572443991705],[23.373086583044525,105.8156947474187],[23.373059327040455,105.8156703794335],[23.373028230896573,105.81565227240827],[23.372994489622503,105.81564112218257],[23.372959399877992,105.8156373572484],[23.372924310142768,105.8156411222843],[23.37289056889514,105.81565227259625],[23.37285947279084,105.81567037967909],[23.372832216833466,105.81569474768455],[23.372809848451507,105.81572444016264],[23.37279322724669,105.81575831604927],[23.37278299196034,105.81579507351636],[23.372779535927254,105.8158333],[23.37278299196034,105.81587152648365],[23.37279322724669,105.81590828395073],[23.372809848451507,105.81594215983736],[23.372832216833466,105.81597185231546],[23.37285947279084,105.81599622032091],[23.37289056889514,105.81601432740375],[23.372924310142768,105.8160254777157],[23.372959399877992,105.8160292427516]]}]}]}