{"id":762,"ref":"Trạm thu phí","highways":[{"ways":[{"nodes":[[105.6875512,23.5955167]],"buffer_geometry":[[23.595516699876686,105.68774747372316],[23.595551789621254,105.6877437024301],[23.595585530895466,105.68773253337075],[23.595616627039558,105.68771439576082],[23.595643883043874,105.68768998661517],[23.59566625147277,105.68766024396244],[23.595682872717383,105.6876263107972],[23.595693108030336,105.68758949115535],[23.595696564072746,105.6875512],[23.595693108030336,105.68751290884464],[23.595682872717383,105.68747608920279],[23.59566625147277,105.68744215603756],[23.595643883043874,105.68741241338482],[23.595616627039558,105.68738800423918],[23.595585530895466,105.68736986662925],[23.595551789621254,105.68735869756989],[23.595516699876686,105.68735492627683],[23.595481610141512,105.68735869767289],[23.595447868894027,105.68736986681955],[23.595416772789942,105.68738800448781],[23.595389516832814,105.68741241365395],[23.595367148451107,105.6874421562862],[23.5953505272465,105.68747608939309],[23.59534029196029,105.68751290894764],[23.595336835927256,105.6875512],[23.59534029196029,105.68758949105235],[23.5953505272465,105.6876263106069],[23.595367148451107,105.6876602437138],[23.595389516832814,105.68768998634604],[23.595416772789942,105.68771439551217],[23.595447868894027,105.68773253318044],[23.595481610141512,105.68774370232711],[23.595516699876686,105.68774747372316]]}]}]}