{"id":153,"ref":"Trạm thu phí","highways":[{"ways":[{"nodes":[[108.9057666,22.5315935]],"buffer_geometry":[[22.531593499882877,108.90596132797526],[22.53162858962721,108.90595758638035],[22.531662330900748,108.90594650528041],[22.531693427043834,108.90592851051125],[22.53172068304697,108.9059042935986],[22.531743051474685,108.90587478518376],[22.531759672718287,108.90584111925962],[22.531769908030565,108.90580458959194],[22.531773364072745,108.9057666],[22.531769908030565,108.90572861040808],[22.531759672718287,108.9056920807404],[22.531743051474685,108.90565841481626],[22.53172068304697,108.90562890640142],[22.531693427043834,108.90560468948877],[22.531662330900748,108.9055866947196],[22.53162858962721,108.90557561361966],[22.531593499882877,108.90557187202475],[22.53155841014747,108.9055756137167],[22.531524668899312,108.90558669489891],[22.531493572794222,108.90560468972306],[22.53146631683591,108.90562890665501],[22.531443948453017,108.90565841505057],[22.531427327247407,108.90569208091972],[22.531417091960524,108.90572861050512],[22.531413635927255,108.9057666],[22.531417091960524,108.90580458949489],[22.531427327247407,108.90584111908029],[22.531443948453017,108.90587478494945],[22.53146631683591,108.905904293345],[22.531493572794222,108.90592851027696],[22.531524668899312,108.9059465051011],[22.53155841014747,108.90595758628331],[22.531593499882877,108.90596132797526]]}]}]}