{"id":437,"ref":"Trạm thu phí","highways":[{"ways":[{"nodes":[[109.718056,22.9959015]],"buffer_geometry":[[22.995901499880187,109.71825139126966],[22.99593658962462,109.71824763693101],[22.99597033089845,109.71823651808691],[22.99600142704197,109.71821846202347],[22.99602868304562,109.71819416262191],[22.99605105147385,109.71816455369347],[22.996067672717896,109.71813077309376],[22.996077908030465,109.71809411899554],[22.996081364072744,109.718056],[22.996077908030465,109.71801788100447],[22.996067672717896,109.71798122690625],[22.99605105147385,109.71794744630654],[22.99602868304562,109.7179178373781],[22.99600142704197,109.71789353797654],[22.99597033089845,109.71787548191311],[22.99593658962462,109.717864363069],[22.995901499880187,109.71786060873035],[22.995866410144878,109.71786436316862],[22.995832668897016,109.71787548209717],[22.99580157279236,109.71789353821703],[22.995774316834563,109.7179178376384],[22.995751948452185,109.71794744654704],[22.99573532724701,109.7179812270903],[22.99572509196042,109.71801788110409],[22.995721635927254,109.718056],[22.99572509196042,109.71809411889592],[22.99573532724701,109.7181307729097],[22.995751948452185,109.71816455345297],[22.995774316834563,109.71819416236161],[22.99580157279236,109.71821846178298],[22.995832668897016,109.71823651790284],[22.995866410144878,109.71824763683139],[22.995901499880187,109.71825139126966]]}]}]}