{"id":282,"ref":"Trạm thu phí","highways":[{"ways":[{"nodes":[[109.5865407,23.9299025]],"buffer_geometry":[[23.929902499874725,109.58673747869977],[23.92993758961936,109.58673369770469],[23.929971330893785,109.58672249991007],[23.930002427038197,109.58670431563584],[23.930029683042893,109.58667984369006],[23.930052051472167,109.58665002451473],[23.930068672717102,109.58661600404517],[23.930078908030254,109.58657908967237],[23.93008236407275,109.58654070000001],[23.930078908030254,109.58650231032765],[23.930068672717102,109.58646539595485],[23.930052051472167,109.58643137548529],[23.930029683042893,109.58640155630995],[23.930002427038197,109.58637708436417],[23.929971330893785,109.58635890008995],[23.92993758961936,109.58634770229533],[23.929902499874725,109.58634392130024],[23.92986741013962,109.58634770240023],[23.929833668892353,109.58635890028378],[23.929802572788585,109.58637708461744],[23.929775316831837,109.58640155658408],[23.929752948450503,109.58643137573856],[23.92973632724621,109.58646539614868],[23.929726091960216,109.58650231043255],[23.929722635927256,109.58654070000001],[23.929726091960216,109.58657908956746],[23.92973632724621,109.58661600385133],[23.929752948450503,109.58665002426146],[23.929775316831837,109.58667984341594],[23.929802572788585,109.58670431538258],[23.929833668892353,109.58672249971623],[23.92986741013962,109.58673369759978],[23.929902499874725,109.58673747869977]]}]}]}