{"id":441,"ref":"Trạm thu phí","highways":[{"ways":[{"nodes":[[106.6277949,21.6867144]],"buffer_geometry":[[21.68671439988773,106.62798846493101],[21.686749489631875,106.62798474568136],[21.68678323090489,106.6279737307634],[21.68681432704719,106.62795584346976],[21.686841583049393,106.62793177119613],[21.68686395147618,106.62790243902545],[21.686880572719,106.62786897417762],[21.686890808030753,106.62783266269096],[21.68689426407275,106.6277949],[21.686890808030753,106.62775713730903],[21.686880572719,106.62772082582238],[21.68686395147618,106.62768736097455],[21.686841583049393,106.62765802880385],[21.68681432704719,106.62763395653022],[21.68678323090489,106.6276160692366],[21.686749489631875,106.62760505431862],[21.68671439988773,106.62760133506899],[21.686679310152137,106.62760505441109],[21.68664556890345,106.62761606940747],[21.686614472797576,106.62763395675348],[21.686587216838333,106.62765802904549],[21.686564848454513,106.6276873611978],[21.686548227248114,106.62772082599325],[21.68653799196071,106.6277571374015],[21.686534535927255,106.6277949],[21.68653799196071,106.62783266259848],[21.686548227248114,106.62786897400674],[21.686564848454513,106.6279024388022],[21.686587216838333,106.62793177095449],[21.686614472797576,106.62795584324651],[21.68664556890345,106.62797373059253],[21.686679310152137,106.6279847455889],[21.68671439988773,106.62798846493101]]}]}]}