{"id":534,"ref":"Trạm thu phí","highways":[{"ways":[{"nodes":[[102.1726043,23.7792114]],"buffer_geometry":[[23.779211399875607,102.17280084998184],[23.779246489620213,102.17279707338108],[23.779280230894543,102.17278588860145],[23.779311327038805,102.17276772546279],[23.779338583043334,102.17274328196095],[23.779360951472437,102.1727134974448],[23.779377572717227,102.1726795165178],[23.77938780803029,102.17264264505127],[23.779391264072743,102.1726043],[23.77938780803029,102.17256595494874],[23.779377572717227,102.1725290834822],[23.779360951472437,102.1724951025552],[23.779338583043334,102.17246531803906],[23.779311327038805,102.17244087453722],[23.779280230894543,102.17242271139855],[23.779246489620213,102.17241152661893],[23.779211399875607,102.17240775001817],[23.779176310140475,102.17241152672297],[23.779142568893104,102.17242271159078],[23.779111472789197,102.17244087478839],[23.77908421683227,102.17246531831094],[23.77906184845077,102.17249510280638],[23.77904522724634,102.17252908367445],[23.779034991960245,102.17256595505278],[23.779031535927256,102.1726043],[23.779034991960245,102.17264264494723],[23.77904522724634,102.17267951632556],[23.77906184845077,102.17271349719363],[23.77908421683227,102.17274328168907],[23.779111472789197,102.17276772521161],[23.779142568893104,102.17278588840922],[23.779176310140475,102.17279707327704],[23.779211399875607,102.17280084998184]]}]}]}