{"id":66,"ref":"Trạm thu phí","highways":[{"ways":[{"nodes":[[107.096615,10.5012541]],"buffer_geometry":[[10.501254099947671,107.09679792794786],[10.501289189689535,107.09679441305899],[10.501322930956052,107.09678400342457],[10.50135402708863,107.09676709907906],[10.501381283079366,107.09674434964562],[10.50140365149468,107.09671662937178],[10.50142027272778,107.0966850035326],[10.501430508033032,107.09665068749263],[10.501433964072746,107.096615],[10.501430508033032,107.09657931250739],[10.50142027272778,107.09654499646741],[10.50140365149468,107.09651337062823],[10.501381283079366,107.09648565035438],[10.50135402708863,107.09646290092095],[10.501322930956052,107.09644599657543],[10.501289189689535,107.09643558694101],[10.501254099947671,107.09643207205215],[10.501219010209795,107.09643558698176],[10.501185268954616,107.0964459966507],[10.501154172839017,107.0964629010193],[10.501126916868305,107.09648565046083],[10.501104548473016,107.09651337072657],[10.501087927256894,107.09654499654268],[10.501077691962989,107.09657931254813],[10.501074235927256,107.096615],[10.501077691962989,107.09665068745188],[10.501087927256894,107.09668500345732],[10.501104548473016,107.09671662927344],[10.501126916868305,107.09674434953918],[10.501154172839017,107.09676709898072],[10.501185268954616,107.09678400334931],[10.501219010209795,107.09679441301826],[10.501254099947671,107.09679792794786]]}]}]}