{"id":213,"ref":"Trạm thu phí","highways":[{"ways":[{"nodes":[[103.677162,10.5201172]],"buffer_geometry":[[10.520117199947572,103.6773449391217],[10.520152289689442,103.67734142401817],[10.520186030955967,103.67733101374793],[10.520217127088562,103.67731410836984],[10.520244383079318,103.67729135754682],[10.52026675149465,103.67726363557972],[10.520283372727766,103.6772320078087],[10.520293608033029,103.67719768967257],[10.520297064072745,103.677162],[10.520293608033029,103.67712631032744],[10.520283372727766,103.6770919921913],[10.52026675149465,103.67706036442027],[10.520244383079318,103.67703264245318],[10.520217127088562,103.67700989163015],[10.520186030955967,103.67699298625207],[10.520152289689442,103.67698257598184],[10.520117199947572,103.67697906087831],[10.520082110209698,103.67698257602264],[10.520048368954535,103.67699298632748],[10.520017272838949,103.67700989172867],[10.519990016868256,103.67703264255984],[10.519967648472985,103.6770603645188],[10.519951027256878,103.6770919922667],[10.519940791962984,103.67712631036824],[10.519937335927255,103.677162],[10.519940791962984,103.67719768963175],[10.519951027256878,103.6772320077333],[10.519967648472985,103.67726363548121],[10.519990016868256,103.67729135744017],[10.520017272838949,103.67731410827133],[10.520048368954535,103.67733101367253],[10.520082110209698,103.67734142397737],[10.520117199947572,103.6773449391217]]}]}]}