{"id":935,"ref":"Trạm thu phí","highways":[{"ways":[{"nodes":[[108.8218737,11.4677198]],"buffer_geometry":[[11.467719799942728,108.82205722786293],[11.467754889684779,108.82205370144888],[11.467788630951832,108.82204325767754],[11.467819727085214,108.82202629789504],[11.467846983076896,108.82200347385485],[11.467869351493157,108.82197566267156],[11.467885972727055,108.82194393311384],[11.467896208032842,108.82190950453224],[11.467899664072746,108.8218737],[11.467896208032842,108.82183789546775],[11.467885972727055,108.82180346688615],[11.467869351493157,108.82177173732843],[11.467846983076896,108.82174392614515],[11.467819727085214,108.82172110210496],[11.467788630951832,108.82170414232246],[11.467754889684779,108.82169369855112],[11.467719799942728,108.82169017213707],[11.467684710205038,108.82169369859585],[11.4676509689504,108.82170414240511],[11.467619872835598,108.82172110221295],[11.467592616865835,108.82174392626202],[11.46757024847149,108.82177173743642],[11.467553627256171,108.8218034669688],[11.467543391962801,108.82183789551249],[11.467539935927256,108.8218737],[11.467543391962801,108.82190950448751],[11.467553627256171,108.82194393303119],[11.46757024847149,108.82197566256359],[11.467592616865835,108.82200347373798],[11.467619872835598,108.82202629778705],[11.4676509689504,108.82204325759488],[11.467684710205038,108.82205370140414],[11.467719799942728,108.82205722786293]]}]}]}