{"id":989,"ref":"Trạm thu phí","highways":[{"ways":[{"nodes":[[106.800782,11.056657]],"buffer_geometry":[[11.056656999944833,106.80096526584943],[11.056692089686806,106.80096174446905],[11.056725830953628,106.80095131560705],[11.056756927086667,106.80093438003671],[11.056784183077948,106.8009115885811],[11.056806551493805,106.8008838171026],[11.056823172727364,106.80085213284404],[11.056833408032922,106.80081775341509],[11.056836864072745,106.800782],[11.056833408032922,106.80074624658491],[11.056823172727364,106.80071186715595],[11.056806551493805,106.8006801828974],[11.056784183077948,106.8006524114189],[11.056756927086667,106.80062961996329],[11.056725830953628,106.80061268439296],[11.056692089686806,106.80060225553095],[11.056656999944833,106.80059873415057],[11.056621910207063,106.80060225557398],[11.056588168952196,106.80061268447244],[11.056557072837055,106.80062962006716],[11.056529816866886,106.80065241153132],[11.056507448472141,106.80068018300126],[11.056490827256479,106.80071186723545],[11.056480591962881,106.80074624662792],[11.056477135927256,106.800782],[11.056480591962881,106.80081775337207],[11.056490827256479,106.80085213276455],[11.056507448472141,106.80088381699873],[11.056529816866886,106.80091158846868],[11.056557072837055,106.80093437993284],[11.056588168952196,106.80095131552756],[11.056621910207063,106.80096174442602],[11.056656999944833,106.80096526584943]]}]}]}