{"id":631,"ref":"Trạm thu phí","highways":[{"ways":[{"nodes":[[109.208447,13.349428]],"buffer_geometry":[[13.349427999933006,109.20863185895219],[13.349463089675426,109.20862830696562],[13.349496830943533,109.20861778745103],[13.34952792707849,109.20860070466493],[13.349555183072031,109.20857771508751],[13.349577551490153,109.20854970219476],[13.34959417272563,109.20851774250701],[13.349604408032473,109.20848306421887],[13.349607864072745,109.208447],[13.349604408032473,109.20841093578115],[13.34959417272563,109.20837625749299],[13.349577551490153,109.20834429780525],[13.349555183072031,109.2083162849125],[13.34952792707849,109.20829329533508],[13.349496830943533,109.20827621254898],[13.349463089675426,109.20826569303439],[13.349427999933006,109.20826214104781],[13.349392910195686,109.20826569308709],[13.3493591689421,109.20827621264635],[13.349328072828877,109.2082932954623],[13.349300816860971,109.2083162850502],[13.349278448468489,109.20834429793247],[13.349261827254747,109.20837625759037],[13.349251591962428,109.20841093583384],[13.349248135927255,109.208447],[13.349251591962428,109.20848306416617],[13.349261827254747,109.20851774240964],[13.349278448468489,109.20854970206754],[13.349300816860971,109.20857771494981],[13.349328072828877,109.2086007045377],[13.3493591689421,109.20861778735366],[13.349392910195686,109.20862830691293],[13.349427999933006,109.20863185895219]]}]}]}