{"id":551,"ref":"Trạm thu phí","highways":[{"ways":[{"nodes":[[102.5057079,18.1151549]],"buffer_geometry":[[18.11515489990764,102.50589714424306],[18.11518998965103,102.50589350800519],[18.115223730921883,102.50588273895153],[18.115254827060955,102.50586525092719],[18.11528208305935,102.50584171598474],[18.11530445148232,102.505813038558],[18.115321072721915,102.5057803207052],[18.115331308031507,102.5057448197575],[18.115334764072745,102.5057079],[18.115331308031507,102.5056709802425],[18.115321072721915,102.5056354792948],[18.11530445148232,102.505602761442],[18.11528208305935,102.50557408401527],[18.115254827060955,102.50555054907282],[18.115223730921883,102.50553306104848],[18.11518998965103,102.50552229199482],[18.11515489990764,102.50551865575694],[18.115119810171283,102.50552229206919],[18.11508606892045,102.5055330611859],[18.115054972811343,102.50555054925238],[18.11502771684829,102.5055740842096],[18.11500534846066,102.50560276162156],[18.11498872725103,102.50563547943223],[18.114978491961462,102.50567098031688],[18.11497503592725,102.5057079],[18.114978491961462,102.50574481968313],[18.11498872725103,102.50578032056778],[18.11500534846066,102.50581303837843],[18.11502771684829,102.5058417157904],[18.115054972811343,102.50586525074762],[18.11508606892045,102.5058827388141],[18.115119810171283,102.50589350793081],[18.11515489990764,102.50589714424306]]}]}]}