{"id":152,"ref":"Trạm thu phí","highways":[{"ways":[{"nodes":[[108.9056809,22.5315768]],"buffer_geometry":[[22.531576799882878,108.90587562795172],[22.531611889627207,108.90587188635725],[22.531645630900748,108.90586080525865],[22.531676727043834,108.90584281049166],[22.531703983046967,108.90581859358194],[22.531726351474678,108.90578908517064],[22.53174297271829,108.9057554192506],[22.53175320803057,108.90571888958732],[22.53175666407274,108.9056809],[22.53175320803057,108.90564291041267],[22.53174297271829,108.90560638074939],[22.531726351474678,108.90557271482933],[22.531703983046967,108.90554320641805],[22.531676727043834,108.90551898950832],[22.531645630900748,108.90550099474133],[22.531611889627207,108.90548991364274],[22.531576799882878,108.90548617204827],[22.53154171014747,108.9054899137398],[22.531507968899312,108.90550099492066],[22.531476872794222,108.90551898974262],[22.53144961683591,108.90554320667165],[22.531427248453017,108.90557271506363],[22.531410627247404,108.90560638092872],[22.53140039196052,108.9056429105097],[22.531396935927255,108.9056809],[22.53140039196052,108.90571888949027],[22.531410627247404,108.90575541907127],[22.531427248453017,108.90578908493636],[22.53144961683591,108.90581859332833],[22.531476872794222,108.90584281025737],[22.531507968899312,108.90586080507933],[22.53154171014747,108.90587188626019],[22.531576799882878,108.90587562795172]]}]}]}