{"id":306,"ref":"Trạm thu phí","highways":[{"ways":[{"nodes":[[103.854911,13.4125754]],"buffer_geometry":[[13.412575399932678,103.85509590742457],[13.412610489675114,103.85509235450674],[13.412644230943254,103.8550818322339],[13.412675327078263,103.85506474496856],[13.412702583071868,103.85504174936301],[13.412724951490052,103.8550137291249],[13.412741572725585,103.85498176105685],[13.412751808032462,103.8549470736755],[13.412755264072745,103.854911],[13.412751808032462,103.85487492632451],[13.412741572725585,103.85484023894317],[13.412724951490052,103.85480827087511],[13.412702583071868,103.854780250637],[13.412675327078263,103.85475725503146],[13.412644230943254,103.85474016776611],[13.412610489675114,103.85472964549328],[13.412575399932678,103.85472609257545],[13.41254031019537,103.85472964554626],[13.41250656894182,103.854740167864],[13.412475472828651,103.85475725515934],[13.41244821686081,103.85478025077542],[13.412425848468388,103.854808271003],[13.412409227254697,103.85484023904104],[13.412398991962418,103.85487492637749],[13.412395535927256,103.854911],[13.412398991962418,103.85494707362253],[13.412409227254697,103.85498176095896],[13.412425848468388,103.85501372899702],[13.41244821686081,103.85504174922458],[13.412475472828651,103.85506474484066],[13.41250656894182,103.85508183213602],[13.41254031019537,103.85509235445376],[13.412575399932678,103.85509590742457]]}]}]}