{"id":908,"ref":"Trạm thu phí","highways":[{"ways":[{"nodes":[[107.6983893,16.3943747]],"buffer_geometry":[[16.39437469991694,107.6985767869763],[16.39440978965997,107.69857318449976],[16.39444353092982,107.69856251544124],[16.394474627067382,107.6985451898035],[16.394501883064002,107.69852187339892],[16.394524251485194,107.69849346226312],[16.394540872723283,107.69846104822085],[16.394551108031862,107.69842587692771],[16.394554564072745,107.6983893],[16.394551108031862,107.69835272307229],[16.394540872723283,107.69831755177916],[16.394524251485194,107.69828513773689],[16.394501883064002,107.69825672660109],[16.394474627067382,107.69823341019651],[16.39444353092982,107.69821608455877],[16.39440978965997,107.69820541550024],[16.39437469991694,107.6982018130237],[16.394339610180232,107.69820541556649],[16.394305868928384,107.6982160846812],[16.394274772817774,107.6982334103565],[16.394247516852943,107.69825672677426],[16.39422514846353,107.69828513789687],[16.394208527252392,107.69831755190161],[16.394198291961818,107.69835272313856],[16.394194835927255,107.6983893],[16.394198291961818,107.69842587686146],[16.394208527252392,107.6984610480984],[16.39422514846353,107.69849346210313],[16.394247516852943,107.69852187322574],[16.394274772817774,107.69854518964351],[16.394305868928384,107.69856251531881],[16.394339610180232,107.69857318443351],[16.39437469991694,107.6985767869763]]}]}]}