{"id":650,"ref":"Trạm thu phí","highways":[{"ways":[{"nodes":[[104.2037989,11.2578199]],"buffer_geometry":[[11.257819899943803,104.20398229279873],[11.257854989685814,104.20397876897944],[11.25788873095275,104.20396833289367],[11.257919827085955,104.20395138559219],[11.25794708307743,104.2039285783489],[11.257969451493485,104.20390078763286],[11.257986072727212,104.20386908142619],[11.257996308032885,104.20383467818208],[11.257999764072744,104.2037989],[11.257996308032885,104.2037631218179],[11.257986072727212,104.20372871857379],[11.257969451493485,104.20369701236713],[11.25794708307743,104.20366922165108],[11.257919827085955,104.2036464144078],[11.25788873095275,104.20362946710631],[11.257854989685814,104.20361903102054],[11.257819899943803,104.20361550720126],[11.257784810206072,104.20361903106439],[11.257751068951315,104.20362946718734],[11.257719972836341,104.20364641451367],[11.257692716866371,104.2036692217657],[11.257670348471821,104.203697012473],[11.257653727256326,104.20372871865482],[11.25764349196284,104.20376312186175],[11.257640035927254,104.2037989],[11.25764349196284,104.20383467813822],[11.257653727256326,104.20386908134516],[11.257670348471821,104.20390078752699],[11.257692716866371,104.2039285782343],[11.257719972836341,104.2039513854863],[11.257751068951315,104.20396833281264],[11.257784810206072,104.2039787689356],[11.257819899943803,104.20398229279873]]}]}]}