{"id":988,"ref":"Trạm thu phí","highways":[{"ways":[{"nodes":[[106.7949671,11.0567631]],"buffer_geometry":[[11.056763099944831,106.79515036591575],[11.056798189686804,106.79514684453407],[11.056831930953628,106.79513641566831],[11.056863027086665,106.79511948009184],[11.056890283077946,106.79509668862799],[11.056912651493803,106.79506891713945],[11.056929272727363,106.79503723286942],[11.056939508032922,106.79500285342803],[11.056942964072743,106.7949671],[11.056939508032922,106.79493134657196],[11.056929272727363,106.79489696713057],[11.056912651493803,106.79486528286054],[11.056890283077946,106.794837511372],[11.056863027086665,106.79481471990815],[11.056831930953628,106.79479778433168],[11.056798189686804,106.79478735546591],[11.056763099944831,106.79478383408424],[11.056728010207062,106.79478735550894],[11.056694268952194,106.79479778441116],[11.056663172837053,106.794814720012],[11.056635916866885,106.79483751148442],[11.05661354847214,106.79486528296441],[11.056596927256475,106.79489696721005],[11.05658669196288,106.79493134661499],[11.056583235927254,106.7949671],[11.05658669196288,106.795002853385],[11.056596927256475,106.79503723278992],[11.05661354847214,106.79506891703558],[11.056635916866885,106.79509668851557],[11.056663172837053,106.79511947998799],[11.056694268952194,106.79513641558881],[11.056728010207062,106.79514684449104],[11.056763099944831,106.79515036591575]]}]}]}