{"id":621,"ref":"Trạm thu phí","highways":[{"ways":[{"nodes":[[103.14751,23.4518908]],"buffer_geometry":[[23.451890799877532,103.14770605966653],[23.451925889622064,103.1477022924861],[23.451959630896184,103.14769113560746],[23.45199072704014,103.14767301777826],[23.452017983044296,103.14764863525322],[23.452040351473034,103.14761892503796],[23.45205697271751,103.14758502888053],[23.452067208030364,103.14754824939456],[23.452070664072746,103.14751],[23.452067208030364,103.14747175060543],[23.45205697271751,103.14743497111947],[23.452040351473034,103.14740107496203],[23.452017983044296,103.14737136474677],[23.45199072704014,103.14734698222173],[23.451959630896184,103.14732886439255],[23.451925889622064,103.14731770751389],[23.451890799877532,103.14731394033346],[23.451855710142326,103.14731770761607],[23.45182196889475,103.14732886458134],[23.451790872790525,103.14734698246842],[23.45176361683324,103.14737136501377],[23.45174124845137,103.14740107520872],[23.451724627246623,103.14743497130826],[23.451714391960326,103.14747175070761],[23.45171093592726,103.14751],[23.451714391960326,103.1475482492924],[23.451724627246623,103.14758502869174],[23.45174124845137,103.14761892479127],[23.45176361683324,103.14764863498623],[23.451790872790525,103.14767301753157],[23.45182196889475,103.14769113541865],[23.451855710142326,103.14770229238393],[23.451890799877532,103.14770605966653]]}]}]}