{"id":73,"ref":"Trạm thu phí","highways":[{"ways":[{"nodes":[[103.2154433,23.5088067]],"buffer_geometry":[[23.508806699877194,103.21563944428934],[23.50884178962174,103.21563567548307],[23.508875530895896,103.21562451378905],[23.508906627039906,103.21560638813995],[23.50893388304413,103.21558199509101],[23.508956251472927,103.21555227205226],[23.50897287271746,103.2155183612646],[23.50898310803035,103.21548156590383],[23.508986564072746,103.2154433],[23.50898310803035,103.21540503409618],[23.50897287271746,103.21536823873542],[23.508956251472927,103.21533432794774],[23.50893388304413,103.21530460490901],[23.508906627039906,103.21528021186008],[23.508875530895896,103.21526208621097],[23.50884178962174,103.21525092451694],[23.508806699877194,103.21524715571067],[23.508771610142002,103.21525092461944],[23.50873786889446,103.21526208640036],[23.50870677279029,103.21528021210752],[23.50867951683307,103.21530460517684],[23.508657148451263,103.21533432819521],[23.508640527246573,103.21536823892481],[23.508630291960305,103.21540503419868],[23.508626835927256,103.2154433],[23.508630291960305,103.21548156580133],[23.508640527246573,103.2155183610752],[23.508657148451263,103.21555227180481],[23.50867951683307,103.21558199482317],[23.50870677279029,103.21560638789249],[23.50873786889446,103.21562451359965],[23.508771610142002,103.21563567538058],[23.508806699877194,103.21563944428934]]}]}]}