{"id":462,"ref":"Trạm thu phí","highways":[{"ways":[{"nodes":[[109.2136344,12.0116879]],"buffer_geometry":[[12.01168789993993,109.21381829032043],[12.01172298968209,109.21381475694298],[12.011756730949445,109.2138042925467],[12.011787827083278,109.21378729927017],[12.011815083075495,109.21376443015399],[12.011837451492292,109.21373656404491],[12.011854072726646,109.21370477182244],[12.011864308032736,109.21367027524533],[12.011867764072745,109.2136344],[12.011864308032736,109.21359852475469],[12.011854072726646,109.21356402817759],[12.011837451492292,109.21353223595511],[12.011815083075495,109.21350436984604],[12.011787827083278,109.21348150072986],[12.011756730949445,109.21346450745332],[12.01172298968209,109.21345404305703],[12.01168789993993,109.21345050967959],[12.011652810202348,109.21345404310404],[12.01161906894801,109.21346450754018],[12.011587972833665,109.21348150084332],[12.011560716864436,109.21350436996886],[12.011538348470626,109.21353223606857],[12.011521727255758,109.21356402826444],[12.011511491962693,109.2135985248017],[12.011508035927255,109.2136344],[12.011511491962693,109.21367027519833],[12.011521727255758,109.21370477173558],[12.011538348470626,109.21373656393145],[12.011560716864436,109.21376443003116],[12.011587972833665,109.2137872991567],[12.01161906894801,109.21380429245984],[12.011652810202348,109.21381475689599],[12.01168789993993,109.21381829032043]]}]}]}