{"id":230,"ref":"Trạm thu phí","highways":[{"ways":[{"nodes":[[105.3300138,21.3904881]],"buffer_geometry":[[21.39048809988941,105.3302069703459],[21.390523189633495,105.33020325867733],[21.390556930906325,105.33019226621286],[21.390588027048352,105.33017441538234],[21.390615283050234,105.33015039218029],[21.3906376514767,105.33012111980382],[21.390654272719246,105.33008772317498],[21.39066450803081,105.33005148571044],[21.390667964072744,105.3300138],[21.39066450803081,105.32997611428958],[21.390654272719246,105.32993987682504],[21.3906376514767,105.3299064801962],[21.390615283050234,105.32987720781973],[21.390588027048352,105.32985318461768],[21.390556930906325,105.32983533378716],[21.390523189633495,105.32982434132269],[21.39048809988941,105.32982062965412],[21.390453010153752,105.3298243414136],[21.390419268904893,105.32983533395513],[21.39038817279874,105.32985318483712],[21.390360916839178,105.32987720805727],[21.390338548455034,105.32990648041566],[21.39032192724836,105.329939876993],[21.390311691960772,105.32997611438047],[21.39030823592725,105.3300138],[21.390311691960772,105.33005148561955],[21.39032192724836,105.33008772300703],[21.390338548455034,105.33012111958436],[21.390360916839178,105.33015039194275],[21.39038817279874,105.33017441516289],[21.390419268904893,105.33019226604489],[21.390453010153752,105.33020325858642],[21.39048809988941,105.3302069703459]]}]}]}