{"id":536,"ref":"Trạm thu phí","highways":[{"ways":[{"nodes":[[109.6671595,18.4512473]],"buffer_geometry":[[18.4512472999058,109.66734911136646],[18.451282389649258,109.66734546807521],[18.45131613092031,109.66733467813081],[18.45134722705968,109.6673171561811],[18.451374483058427,109.66729357558232],[18.451396851481753,109.66726484252278],[18.451413472721644,109.66723206119875],[18.451423708031438,109.66719649138054],[18.45142716407274,109.6671595],[18.451423708031438,109.66712250861946],[18.451413472721644,109.66708693880125],[18.451396851481753,109.66705415747721],[18.451374483058427,109.66702542441769],[18.45134722705968,109.6670018438189],[18.45131613092031,109.6669843218692],[18.451282389649258,109.66697353192478],[18.4512472999058,109.66696988863355],[18.45121221016952,109.66697353200078],[18.45117846891888,109.66698432200961],[18.45114737281007,109.66700184400239],[18.45112011684737,109.66702542461628],[18.45109774846009,109.6670541576607],[18.451081127250756,109.6670869389417],[18.45107089196139,109.66712250869547],[18.45106743592725,109.6671595],[18.45107089196139,109.66719649130454],[18.451081127250756,109.66723206105831],[18.45109774846009,109.6672648423393],[18.45112011684737,109.66729357538371],[18.45114737281007,109.66731715599762],[18.45117846891888,109.66733467799038],[18.45121221016952,109.66734546799921],[18.4512472999058,109.66734911136646]]}]}]}