{"id":897,"ref":"Trạm thu phí","highways":[{"ways":[{"nodes":[[105.1336042,9.9609607]],"buffer_geometry":[[9.960960699950418,105.13378681686825],[9.960995789692177,105.1337833079556],[9.961029530958395,105.13377291602247],[9.961060627090527,105.13375604042315],[9.961087883080738,105.13373332967623],[9.961110251495528,105.13370565654256],[9.961126872728183,105.13367408448555],[9.961137108033133,105.13363982680289],[9.961140564072744,105.1336042],[9.961137108033133,105.1335685731971],[9.961126872728183,105.13353431551445],[9.961110251495528,105.13350274345744],[9.961087883080738,105.13347507032375],[9.961060627090527,105.13345235957685],[9.961029530958395,105.13343548397754],[9.960995789692177,105.13342509204439],[9.960960699950418,105.13342158313174],[9.960925610212433,105.13342509208292],[9.960891868956962,105.13343548404872],[9.960860772840915,105.13345235966986],[9.960833516869677,105.13347507042444],[9.960811148473862,105.13350274355047],[9.960794527257294,105.13353431558565],[9.96078429196309,105.13356857323564],[9.960780835927254,105.1336042],[9.96078429196309,105.13363982676437],[9.960794527257294,105.13367408441435],[9.960811148473862,105.13370565644954],[9.960833516869677,105.13373332957555],[9.960860772840915,105.13375604033014],[9.960891868956962,105.13377291595128],[9.960925610212433,105.13378330791707],[9.960960699950418,105.13378681686825]]}]}]}