{"id":104,"ref":"Trạm thu phí","highways":[{"ways":[{"nodes":[[106.6155028,10.6952531]],"buffer_geometry":[[10.695253099946678,106.6156858438789],[10.695288189688581,106.61568232676285],[10.695321930955204,106.61567191053163],[10.695353027087942,106.61565499547316],[10.695380283078867,106.61563223162229],[10.695402651494373,106.61560449378058],[10.695419272727634,106.61557284789822],[10.695429508032992,106.61553851011004],[10.695432964072744,106.6155028],[10.695429508032992,106.61546708988996],[10.695419272727634,106.61543275210178],[10.695402651494373,106.61540110621942],[10.695380283078867,106.61537336837773],[10.695353027087942,106.61535060452685],[10.695321930955204,106.61533368946839],[10.695288189688581,106.61532327323715],[10.695253099946678,106.61531975612111],[10.695218010208839,106.61532327327869],[10.69518426895377,106.61533368954511],[10.695153172838332,106.61535060462712],[10.69512591686781,106.61537336848625],[10.695103548472709,106.6154011063197],[10.695086927256746,106.61543275217852],[10.69507669196295,106.6154670899315],[10.695073235927254,106.6155028],[10.69507669196295,106.61553851006852],[10.695086927256746,106.61557284782148],[10.695103548472709,106.61560449368032],[10.69512591686781,106.61563223151376],[10.695153172838332,106.61565499537288],[10.69518426895377,106.6156719104549],[10.695218010208839,106.61568232672131],[10.695253099946678,106.6156858438789]]}]}]}