{"id":347,"ref":"Trạm thu phí","highways":[{"ways":[{"nodes":[[108.2941228,22.9285676]],"buffer_geometry":[[22.92856759988058,108.29431809400305],[22.928602689625,108.29431434153317],[22.928636430898784,108.29430322822392],[22.928667527042244,108.2942851811488],[22.92869478304582,108.29426089384356],[22.92871715147397,108.29423129965458],[22.92873377271795,108.29419753587109],[22.92874400803048,108.29416090001956],[22.928747464072746,108.2941228],[22.92874400803048,108.29408469998044],[22.92873377271795,108.29404806412892],[22.92871715147397,108.29401430034542],[22.92869478304582,108.29398470615645],[22.928667527042244,108.2939604188512],[22.928636430898784,108.29394237177608],[22.928602689625,108.29393125846684],[22.92856759988058,108.29392750599696],[22.928532510145256,108.29393125856609],[22.928498768897352,108.29394237195946],[22.928467672792635,108.29396041909081],[22.92844041683476,108.29398470641578],[22.928418048452308,108.29401430058502],[22.928401427247067,108.29404806431229],[22.928391191960436,108.2940847000797],[22.928387735927256,108.2941228],[22.928391191960436,108.29416089992031],[22.928401427247067,108.29419753568772],[22.928418048452308,108.29423129941499],[22.92844041683476,108.29426089358422],[22.928467672792635,108.2942851809092],[22.928498768897352,108.29430322804055],[22.928532510145256,108.29431434143392],[22.92856759988058,108.29431809400305]]}]}]}