{"id":922,"ref":"Trạm thu phí","highways":[{"ways":[{"nodes":[[106.643292,10.9840508]],"buffer_geometry":[[10.984050799945205,106.64347522062697],[10.984085889687162,106.64347170011537],[10.984119630953947,106.64346127382666],[10.984150727086924,106.64344434243525],[10.984177983078132,106.64342155660361],[10.98420035149392,106.64339379197799],[10.984216972727419,106.6433621155379],[10.984227208032937,106.64332774459248],[10.984230664072744,106.64329200000002],[10.984227208032937,106.64325625540754],[10.984216972727419,106.64322188446212],[10.98420035149392,106.64319020802203],[10.984177983078132,106.6431624433964],[10.984150727086924,106.64313965756477],[10.984119630953947,106.64312272617336],[10.984085889687162,106.64311229988465],[10.984050799945205,106.64310877937305],[10.984015710207421,106.64311229992737],[10.983981968952513,106.6431227262523],[10.983950872837312,106.64313965766792],[10.983923616867074,106.64316244350805],[10.983901248472254,106.64319020812516],[10.983884627256533,106.64322188454106],[10.983874391962893,106.64325625545025],[10.983870935927255,106.64329200000002],[10.983874391962893,106.64332774454977],[10.983884627256533,106.64336211545896],[10.983901248472254,106.64339379187486],[10.983923616867074,106.64342155649197],[10.983950872837312,106.6434443423321],[10.983981968952513,106.64346127374772],[10.984015710207421,106.64347170007265],[10.984050799945205,106.64347522062697]]}]}]}