{"id":702,"ref":"Trạm thu phí","highways":[{"ways":[{"nodes":[[106.7910083,10.9075825]],"buffer_geometry":[[10.907582499945596,106.79119147334107],[10.907617589687538,106.79118795373789],[10.90765133095428,106.7911775301399],[10.907682427087195,106.79116060311809],[10.907709683078327,106.79113782316702],[10.90773205149404,106.79111006570697],[10.907748672727475,106.79107839744206],[10.907758908032953,106.7910440353673],[10.907762364072745,106.7910083],[10.907758908032953,106.79097256463271],[10.907748672727475,106.79093820255795],[10.90773205149404,106.79090653429304],[10.907709683078327,106.790878776833],[10.907682427087195,106.79085599688193],[10.90765133095428,106.79083906986011],[10.907617589687538,106.79082864626213],[10.907582499945596,106.79082512665894],[10.907547410207798,106.79082864630453],[10.907513668952845,106.79083906993847],[10.907482572837582,106.7908559969843],[10.907455316867267,106.79087877694381],[10.907432948472374,106.79090653439542],[10.90741632725659,106.79093820263631],[10.907406091962908,106.79097256467512],[10.907402635927255,106.7910083],[10.907406091962908,106.7910440353249],[10.90741632725659,106.7910783973637],[10.907432948472374,106.7911100656046],[10.907455316867267,106.7911378230562],[10.907482572837582,106.79116060301571],[10.907513668952845,106.79117753006155],[10.907547410207798,106.79118795369548],[10.907582499945596,106.79119147334107]]}]}]}