{"id":747,"ref":"Trạm thu phí","highways":[{"ways":[{"nodes":[[105.7863068,21.6441157]],"buffer_geometry":[[21.644115699887973,105.78650030777007],[21.64415078963211,105.78649658961865],[21.644184530905093,105.78648557795339],[21.644215627047355,105.78646769594191],[21.644242883049518,105.78644363077696],[21.644265251476256,105.78641430726826],[21.644281872719038,105.78638085230287],[21.64429210803076,105.7863445515393],[21.64429556407275,105.7863068],[21.64429210803076,105.7862690484607],[21.644281872719038,105.78623274769714],[21.644265251476256,105.78619929273175],[21.644242883049518,105.78616996922305],[21.644215627047355,105.7861459040581],[21.644184530905093,105.78612802204663],[21.64415078963211,105.78611701038136],[21.644115699887973,105.78611329222994],[21.644080610152372,105.7861170104736],[21.644046868903665,105.78612802221708],[21.644015772797747,105.7861459042808],[21.64398851683846,105.78616996946411],[21.64396614845459,105.78619929295445],[21.64394952724815,105.7862327478676],[21.64393929196072,105.78626904855295],[21.643935835927255,105.7863068],[21.64393929196072,105.78634455144706],[21.64394952724815,105.78638085213241],[21.64396614845459,105.78641430704556],[21.64398851683846,105.7864436305359],[21.644015772797747,105.78646769571921],[21.644046868903665,105.78648557778293],[21.644080610152372,105.78649658952641],[21.644115699887973,105.78650030777007]]}]}]}