{"id":176,"ref":"Trạm thu phí","highways":[{"ways":[{"nodes":[[109.1331764,22.3228401]],"buffer_geometry":[[22.322840099884083,109.13337083537463],[22.32287518962837,109.13336709940138],[22.322908930901775,109.13335603495162],[22.32294002704467,109.13333806722133],[22.322967283047575,109.13331388669721],[22.322989651475055,109.13328442262215],[22.323006272718466,109.13325080728514],[22.323016508030612,109.1332143325078],[22.323019964072746,109.1331764],[22.323016508030612,109.1331384674922],[22.323006272718466,109.13310199271486],[22.322989651475055,109.13306837737784],[22.322967283047575,109.13303891330278],[22.32294002704467,109.13301473277868],[22.322908930901775,109.13299676504838],[22.32287518962837,109.13298570059862],[22.322840099884083,109.13298196462536],[22.322805010148628,109.13298570069453],[22.322771268900343,109.13299676522558],[22.322740172795058,109.13301473301021],[22.32271291683651,109.1330389135534],[22.322690548453387,109.13306837760938],[22.322673927247585,109.13310199289207],[22.322663691960575,109.1331384675881],[22.322660235927255,109.1331764],[22.322663691960575,109.1332143324119],[22.322673927247585,109.13325080710793],[22.322690548453387,109.13328442239062],[22.32271291683651,109.1333138864466],[22.322740172795058,109.13333806698978],[22.322771268900343,109.13335603477441],[22.322805010148628,109.13336709930546],[22.322840099884083,109.13337083537463]]}]}]}