{"id":393,"ref":"Trạm thu phí","highways":[{"ways":[{"nodes":[[106.6566731,23.9293835]],"buffer_geometry":[[23.929383499874724,106.65686987790878],[23.929418589619363,106.6568660969289],[23.929452330893785,106.6568548991793],[23.9294834270382,106.65683671497816],[23.929510683042892,106.65681224313076],[23.929533051472166,106.65678242407527],[23.929549672717094,106.65674840374247],[23.929559908030257,106.65671148951805],[23.92956336407275,106.6566731],[23.929559908030257,106.65663471048197],[23.929549672717094,106.65659779625754],[23.929533051472166,106.65656377592474],[23.929510683042892,106.65653395686925],[23.9294834270382,106.65650948502184],[23.929452330893785,106.65649130082072],[23.929418589619363,106.6564801030711],[23.929383499874724,106.65647632209122],[23.92934841013962,106.65648010317602],[23.92931466889235,106.65649130101455],[23.92928357278858,106.65650948527511],[23.92925631683183,106.65653395714338],[23.929233948450502,106.656563776178],[23.92921732724621,106.65659779645138],[23.929207091960215,106.65663471058686],[23.929203635927255,106.6566731],[23.929207091960215,106.65671148941315],[23.92921732724621,106.65674840354863],[23.929233948450502,106.65678242382201],[23.92925631683183,106.65681224285663],[23.92928357278858,106.6568367147249],[23.92931466889235,106.65685489898546],[23.92934841013962,106.65686609682399],[23.929383499874724,106.65686987790878]]}]}]}