{"id":436,"ref":"Trạm thu phí","highways":[{"ways":[{"nodes":[[106.4511059,17.8901553]],"buffer_geometry":[[17.890155299908862,106.45129490289166],[17.890190389652208,106.45129127129074],[17.890224130922928,106.45128051597091],[17.8902552270618,106.45126305024952],[17.89028248305996,106.45123954532212],[17.890304851482703,106.45121090446904],[17.890321472722093,106.45117822834303],[17.890331708031553,106.45114277267164],[17.89033516407274,106.4511059],[17.890331708031553,106.45106902732837],[17.890321472722093,106.45103357165699],[17.890304851482703,106.45100089553098],[17.89028248305996,106.4509722546779],[17.8902552270618,106.4509487497505],[17.890224130922928,106.45093128402911],[17.890190389652208,106.45092052870928],[17.890155299908862,106.45091689710836],[17.890120210172462,106.45092052878256],[17.890086468921492,106.45093128416453],[17.890055372812185,106.45094874992743],[17.8900281168489,106.45097225486941],[17.890005748461032,106.45100089570794],[17.88998912725121,106.45103357179242],[17.88997889196151,106.45106902740166],[17.88997543592725,106.4511059],[17.88997889196151,106.45114277259836],[17.88998912725121,106.4511782282076],[17.890005748461032,106.45121090429208],[17.8900281168489,106.45123954513059],[17.890055372812185,106.45126305007258],[17.890086468921492,106.45128051583548],[17.890120210172462,106.45129127121744],[17.890155299908862,106.45129490289166]]}]}]}