{"id":96,"ref":"Trạm thu phí","highways":[{"ways":[{"nodes":[[107.028202,23.614409]],"buffer_geometry":[[23.614408999876574,107.02839830200642],[23.614444089621145,107.02839453016996],[23.614477830895368,107.02838335950118],[23.614508927039477,107.02836521927763],[23.614536183043818,107.02834080661461],[23.614558551472733,107.0283110596759],[23.614575172717366,107.02827712162085],[23.614585408030322,107.02824029667319],[23.614588864072743,107.028202],[23.614585408030322,107.02816370332681],[23.614575172717366,107.02812687837914],[23.614558551472733,107.02809294032409],[23.614536183043818,107.02806319338539],[23.614508927039477,107.02803878072237],[23.614477830895368,107.02802064049882],[23.614444089621145,107.02800946983004],[23.614408999876574,107.02800569799358],[23.614373910141403,107.02800946993314],[23.614340168893932,107.02802064068932],[23.61430907278986,107.02803878097127],[23.614281816832754,107.0280631936548],[23.61425944845107,107.028092940573],[23.614242827246482,107.02812687856965],[23.614232591960285,107.02816370342991],[23.614229135927253,107.028202],[23.614232591960285,107.02824029657009],[23.614242827246482,107.02827712143035],[23.61425944845107,107.028311059427],[23.614281816832754,107.0283408063452],[23.61430907278986,107.02836521902873],[23.614340168893932,107.02838335931068],[23.614373910141403,107.02839453006686],[23.614408999876574,107.02839830200642]]}]}]}