{"id":317,"ref":"Trạm thu phí","highways":[{"ways":[{"nodes":[[109.6423209,22.5735671]],"buffer_geometry":[[22.573567099882634,109.64251568722666],[22.573602189626975,109.64251194449336],[22.573635930900537,109.64250086002178],[22.573667027043665,109.64248285977726],[22.573694283046848,109.64245863549597],[22.573716651474605,109.64242911810234],[22.573733272718254,109.64239544193437],[22.57374350803056,109.64235890115141],[22.573746964072743,109.6423209],[22.57374350803056,109.64228289884859],[22.573733272718254,109.64224635806565],[22.573716651474605,109.64221268189767],[22.573694283046848,109.64218316450405],[22.573667027043665,109.64215894022274],[22.573635930900537,109.64214093997823],[22.573602189626975,109.64212985550665],[22.573567099882634,109.64212611277334],[22.573532010147233,109.64212985560393],[22.573498268899105,109.64214094015797],[22.573467172794054,109.6421589404576],[22.573439916835785,109.64218316475825],[22.573417548452944,109.64221268213252],[22.573400927247366,109.6422463582454],[22.573390691960512,109.64228289894587],[22.573387235927257,109.6423209],[22.573390691960512,109.64235890105414],[22.573400927247366,109.64239544175462],[22.573417548452944,109.6424291178675],[22.573439916835785,109.64245863524177],[22.573467172794054,109.64248285954241],[22.573498268899105,109.64250085984204],[22.573532010147233,109.64251194439609],[22.573567099882634,109.64251568722666]]}]}]}