{"id":188,"ref":"Trạm thu phí","highways":[{"ways":[{"nodes":[[107.7050675,22.2779382]],"buffer_geometry":[[22.277938199884343,107.7052618728894],[22.277973289628616,107.70525813811666],[22.278007030901996,107.70524707722257],[22.278038127044848,107.70522911526646],[22.278065383047704,107.70520494251316],[22.278087751475137,107.70517548790693],[22.27810437271851,107.70514188337286],[22.278114608030627,107.70510542031741],[22.278118064072746,107.7050675],[22.278114608030627,107.7050295796826],[22.27810437271851,107.70499311662715],[22.278087751475137,107.70495951209308],[22.278065383047704,107.70493005748685],[22.278038127044848,107.70490588473355],[22.278007030901996,107.70488792277743],[22.277973289628616,107.70487686188335],[22.277938199884343,107.70487312711062],[22.277903110148877,107.70487686197902],[22.277869368900568,107.7048879229542],[22.27783827279524,107.70490588496449],[22.27781101683664,107.70493005773682],[22.27778864845347,107.70495951232402],[22.27777202724762,107.70499311680392],[22.27776179196058,107.70502957977826],[22.27775833592726,107.7050675],[22.27776179196058,107.70510542022176],[22.27777202724762,107.70514188319609],[22.27778864845347,107.70517548767599],[22.27781101683664,107.7052049422632],[22.27783827279524,107.70522911503552],[22.277869368900568,107.70524707704581],[22.277903110148877,107.705258138021],[22.277938199884343,107.7052618728894]]}]}]}