{"id":321,"ref":"Trạm thu phí","highways":[{"ways":[{"nodes":[[103.7783429,10.6223807]],"buffer_geometry":[[10.622380699947051,103.7785259000681],[10.62241578968894,103.77852238379373],[10.622449530955523,103.77851197005548],[10.622480627088201,103.77849505904545],[10.622507883079056,103.778472300643],[10.62253025149449,103.77844456944025],[10.622546872727689,103.77841293113228],[10.622557108033007,103.77837860156284],[10.622560564072744,103.7783429],[10.622557108033007,103.77830719843716],[10.622546872727689,103.77827286886772],[10.62253025149449,103.77824123055974],[10.622507883079056,103.778213499357],[10.622480627088201,103.77819074095454],[10.622449530955523,103.77817382994452],[10.62241578968894,103.77816341620627],[10.622380699947051,103.77815989993188],[10.622345610209198,103.7781634162475],[10.622311868954089,103.77817383002072],[10.622280772838588,103.77819074105408],[10.622253516867996,103.77821349946474],[10.622231148472824,103.77824123065928],[10.622214527256801,103.7782728689439],[10.622204291962966,103.7783071984784],[10.622200835927254,103.7783429],[10.622204291962966,103.7783786015216],[10.622214527256801,103.77841293105608],[10.622231148472824,103.7784445693407],[10.622253516867996,103.77847230053526],[10.622280772838588,103.77849505894592],[10.622311868954089,103.77851196997928],[10.622345610209198,103.7785223837525],[10.622380699947051,103.7785259000681]]}]}]}