{"id":200,"ref":"Trạm thu phí","highways":[{"ways":[{"nodes":[[106.8255043,11.3881657]],"buffer_geometry":[[11.388165699943135,106.8256877763591],[11.388200789685172,106.82568425093451],[11.38823453095218,106.82567381009389],[11.388265627085495,106.82565685507076],[11.388292883077096,106.82563403743572],[11.388315251493282,106.82560623405718],[11.388331872727116,106.82557451340388],[11.388342108032859,106.82554009448418],[11.388345564072745,106.8255043],[11.388342108032859,106.82546850551584],[11.388331872727116,106.82543408659615],[11.388315251493282,106.82540236594285],[11.388292883077096,106.82537456256429],[11.388265627085495,106.82535174492926],[11.38823453095218,106.82533478990614],[11.388200789685172,106.82532434906551],[11.388165699943135,106.82532082364092],[11.388130610205431,106.82532434910992],[11.388096868950747,106.82533478998816],[11.38806577283588,106.82535174503644],[11.388038516866038,106.82537456268031],[11.388016148471618,106.82540236605003],[11.387999527256229,106.82543408667817],[11.387989291962816,106.82546850556024],[11.387985835927255,106.8255043],[11.387989291962816,106.82554009443979],[11.387999527256229,106.82557451332184],[11.388016148471618,106.82560623395],[11.388038516866038,106.82563403731972],[11.38806577283588,106.82565685496357],[11.388096868950747,106.82567381001186],[11.388130610205431,106.8256842508901],[11.388165699943135,106.8256877763591]]}]}]}