{"id":454,"ref":"Trạm thu phí","highways":[{"ways":[{"nodes":[[106.8438016,10.9030636]],"buffer_geometry":[[10.903063599945618,106.84398477055768],[10.90309868968756,106.84398125100799],[10.903132430954297,106.84397082756837],[10.90316352708721,106.84395390080375],[10.903190783078339,106.84393112119885],[10.903213151494045,106.8439033641606],[10.903229772727478,106.8438716963769],[10.903240008032952,106.84383733482429],[10.903243464072744,106.8438016],[10.903240008032952,106.84376586517574],[10.903229772727478,106.84373150362313],[10.903213151494045,106.84369983583943],[10.903190783078339,106.84367207880118],[10.90316352708721,106.84364929919626],[10.903132430954297,106.84363237243164],[10.90309868968756,106.84362194899204],[10.903063599945618,106.84361842944233],[10.903028510207818,106.84362194903443],[10.902994768952864,106.84363237250997],[10.902963672837595,106.8436492992986],[10.902936416867279,106.84367207891194],[10.90291404847238,106.84369983594176],[10.902897427256592,106.84373150370145],[10.90288719196291,106.84376586521812],[10.902883735927254,106.8438016],[10.90288719196291,106.84383733478191],[10.902897427256592,106.84387169629858],[10.90291404847238,106.84390336405825],[10.902936416867279,106.84393112108809],[10.902963672837595,106.84395390070142],[10.902994768952864,106.84397082749005],[10.903028510207818,106.8439812509656],[10.903063599945618,106.84398477055768]]}]}]}