{"id":746,"ref":"Trạm thu phí","highways":[{"ways":[{"nodes":[[105.7711477,21.6364207]],"buffer_geometry":[[21.63642069988801,105.77134119745955],[21.636455789632148,105.77133747950623],[21.63648953090513,105.77132646842766],[21.636520627047386,105.77130858736898],[21.636547883049538,105.77128452348627],[21.636570251476265,105.77125520154],[21.63658687271904,105.77122174835716],[21.63659710803076,105.77118544952779],[21.636600564072744,105.7711477],[21.63659710803076,105.77110995047221],[21.63658687271904,105.77107365164284],[21.636570251476265,105.77104019846001],[21.636547883049538,105.77101087651373],[21.636520627047386,105.77098681263102],[21.63648953090513,105.77096893157234],[21.636455789632148,105.77095792049377],[21.63642069988801,105.77095420254045],[21.63638561015241,105.77095792058599],[21.63635186890369,105.77096893174271],[21.63632077279777,105.77098681285362],[21.636293516838474,105.77101087675467],[21.636271148454597,105.77104019868261],[21.636254527248155,105.77107365181321],[21.63624429196072,105.77110995056441],[21.63624083592725,105.7711477],[21.63624429196072,105.77118544943559],[21.636254527248155,105.77122174818679],[21.636271148454597,105.77125520131739],[21.636293516838474,105.77128452324533],[21.63632077279777,105.77130858714638],[21.63635186890369,105.77132646825729],[21.63638561015241,105.77133747941402],[21.63642069988801,105.77134119745955]]}]}]}