{"id":14,"ref":"Trạm thu phí","highways":[{"ways":[{"nodes":[[103.3723769,23.9710406]],"buffer_geometry":[[23.971040599874474,103.37257374146816],[23.971075689619127,103.37256995926711],[23.971109430893573,103.37255875790072],[23.971140527038024,103.37254056782614],[23.971167783042766,103.37251608807432],[23.971190151472086,103.37248625938726],[23.97120677271706,103.37245222806581],[23.971217008030248,103.37241530191798],[23.971220464072747,103.3723769],[23.971217008030248,103.37233849808203],[23.97120677271706,103.37230157193422],[23.971190151472086,103.37226754061277],[23.971167783042766,103.37223771192569],[23.971140527038024,103.37221323217388],[23.971109430893573,103.37219504209929],[23.971075689619127,103.3721838407329],[23.971040599874474,103.37218005853185],[23.971005510139385,103.37218384083803],[23.970971768892138,103.37219504229357],[23.970940672788416,103.37221323242771],[23.970913416831706,103.37223771220043],[23.970891048450422,103.3722675408666],[23.97087442724617,103.37230157212848],[23.970864191960203,103.37233849818716],[23.970860735927253,103.3723769],[23.970864191960203,103.37241530181285],[23.97087442724617,103.37245222787153],[23.970891048450422,103.37248625913342],[23.970913416831706,103.37251608779958],[23.970940672788416,103.3725405675723],[23.970971768892138,103.37255875770646],[23.971005510139385,103.37256995916198],[23.971040599874474,103.37257374146816]]}]}]}