{"id":934,"ref":"Trạm thu phí","highways":[{"ways":[{"nodes":[[108.8209711,11.4681469]],"buffer_geometry":[[11.468146899942726,108.82115462814048],[11.468181989684778,108.82115110172109],[11.46821573095183,108.82114065793395],[11.46824682708521,108.8211236981258],[11.46827408307689,108.82110087405111],[11.468296451493154,108.82107306282576],[11.468313072727057,108.82104133322005],[11.468323308032842,108.82100690458638],[11.468326764072744,108.8209711],[11.468323308032842,108.8209352954136],[11.468313072727057,108.82090086677994],[11.468296451493154,108.82086913717423],[11.46827408307689,108.82084132594889],[11.46824682708521,108.82081850187419],[11.46821573095183,108.82080154206604],[11.468181989684778,108.8207910982789],[11.468146899942726,108.82078757185951],[11.468111810205036,108.82079109832364],[11.468078068950396,108.82080154214869],[11.468046972835598,108.82081850198217],[11.468019716865832,108.82084132606576],[11.46799734847149,108.82086913728222],[11.467980727256167,108.82090086686257],[11.4679704919628,108.82093529545834],[11.467967035927254,108.8209711],[11.4679704919628,108.82100690454166],[11.467980727256167,108.82104133313742],[11.46799734847149,108.82107306271777],[11.468019716865832,108.82110087393423],[11.468046972835598,108.82112369801781],[11.468078068950396,108.8211406578513],[11.468111810205036,108.82115110167635],[11.468146899942726,108.82115462814048]]}]}]}