{"id":755,"ref":"Trạm thu phí","highways":[{"ways":[{"nodes":[[102.8595065,23.93845]],"buffer_geometry":[[23.93844999987467,102.85970329172986],[23.93848508961931,102.85969951048445],[23.938518830893738,102.85968831194836],[23.93854992703816,102.85967012647004],[23.938577183042863,102.85964565290381],[23.938599551472148,102.85961583175391],[23.93861617271709,102.85958180903161],[23.938626408030252,102.85954489221442],[23.938629864072745,102.8595065],[23.938626408030252,102.85946810778557],[23.93861617271709,102.85943119096838],[23.938599551472148,102.85939716824609],[23.938577183042863,102.85936734709618],[23.93854992703816,102.85934287352997],[23.938518830893738,102.85932468805163],[23.93848508961931,102.85931348951556],[23.93844999987467,102.85930970827013],[23.938414910139567,102.8593134896205],[23.938381168892306,102.85932468824556],[23.93835007278855,102.85934287378335],[23.938322816831803,102.85936734737045],[23.938300448450484,102.85939716849946],[23.938283827246202,102.8594311911623],[23.938273591960208,102.85946810789052],[23.938270135927258,102.8595065],[23.938273591960208,102.85954489210947],[23.938283827246202,102.85958180883769],[23.938300448450484,102.85961583150053],[23.938322816831803,102.85964565262954],[23.93835007278855,102.85967012621664],[23.938381168892306,102.85968831175444],[23.938414910139567,102.85969951037949],[23.93844999987467,102.85970329172986]]}]}]}