{"id":64,"ref":"Trạm thu phí","highways":[{"ways":[{"nodes":[[107.8976471,23.047783]],"buffer_geometry":[[23.04778299987988,107.89784256646496],[23.047818089624332,107.89783881068159],[23.04785183089819,107.89782768755856],[23.047882927041766,107.89780962454644],[23.04791018304547,107.8977853157934],[23.047932551473757,107.89775569547008],[23.04794917271785,107.89772190187003],[23.047959408030454,107.89768523366554],[23.047962864072744,107.8976471],[23.047959408030454,107.89760896633446],[23.04794917271785,107.89757229812997],[23.047932551473757,107.89753850452992],[23.04791018304547,107.8975088842066],[23.047882927041766,107.89748457545356],[23.04785183089819,107.89746651244144],[23.047818089624332,107.89745538931841],[23.04778299987988,107.89745163353504],[23.047747910144587,107.89745538941831],[23.047714168896757,107.89746651262604],[23.04768307279215,107.89748457569476],[23.04765581683441,107.89750888446767],[23.04763344845209,107.89753850477112],[23.047616827246962,107.89757229831457],[23.047606591960406,107.89760896643436],[23.04760313592725,107.8976471],[23.047606591960406,107.89768523356564],[23.047616827246962,107.89772190168543],[23.04763344845209,107.89775569522888],[23.04765581683441,107.89778531553233],[23.04768307279215,107.89780962430524],[23.047714168896757,107.89782768737396],[23.047747910144587,107.89783881058169],[23.04778299987988,107.89784256646496]]}]}]}