{"id":788,"ref":"Trạm thu phí","highways":[{"ways":[{"nodes":[[108.8662586,22.6985276]],"buffer_geometry":[[22.698527599881913,108.86645356445878],[22.698562689626275,108.86644981832036],[22.698596430899922,108.86643872376355],[22.698627527043165,108.8664207071412],[22.698654783046482,108.86639646081889],[22.69867715147438,108.86636691656805],[22.698693772718148,108.86633320975879],[22.69870400803053,108.86629663572803],[22.698707464072744,108.8662586],[22.69870400803053,108.86622056427197],[22.698693772718148,108.8661839902412],[22.69867715147438,108.86615028343194],[22.698654783046482,108.8661207391811],[22.698627527043165,108.86609649285879],[22.698596430899922,108.86607847623645],[22.698562689626275,108.86606738167963],[22.698527599881913,108.86606363554121],[22.698492510146536,108.8660673817776],[22.698458768898487,108.86607847641747],[22.698427672793553,108.86609649309528],[22.698400416835426,108.8661207394371],[22.698378048452717,108.86615028366846],[22.69836142724726,108.86618399042223],[22.698351191960484,108.86622056436994],[22.698347735927253,108.8662586],[22.698351191960484,108.86629663563005],[22.69836142724726,108.86633320957776],[22.698378048452717,108.86636691633153],[22.698400416835426,108.8663964605629],[22.698427672793553,108.8664207069047],[22.698458768898487,108.86643872358252],[22.698492510146536,108.86644981822239],[22.698527599881913,108.86645356445878]]}]}]}