{"id":392,"ref":"Trạm thu phí","highways":[{"ways":[{"nodes":[[106.6568162,23.9297105]],"buffer_geometry":[[23.92971049987472,106.65701297840714],[23.929745589619362,106.65700919741768],[23.929779330893783,106.65699799963971],[23.929810427038195,106.65697981539253],[23.92983768304289,106.65695534348313],[23.92986005147216,106.65692552435213],[23.929876672717096,106.65689150393317],[23.92988690803026,106.65685458961525],[23.929890364072744,106.6568162],[23.92988690803026,106.65677781038474],[23.929876672717096,106.65674089606682],[23.92986005147216,106.65670687564786],[23.92983768304289,106.65667705651686],[23.929810427038195,106.65665258460746],[23.929779330893783,106.65663440036028],[23.929745589619362,106.65662320258231],[23.92971049987472,106.65661942159285],[23.929675410139623,106.65662320268721],[23.929641668892348,106.65663440055411],[23.92961057278858,106.65665258486072],[23.92958331683183,106.65667705679098],[23.9295609484505,106.65670687590112],[23.92954432724621,106.65674089626064],[23.929534091960214,106.65677781048963],[23.929530635927254,106.6568162],[23.929534091960214,106.65685458951036],[23.92954432724621,106.65689150373935],[23.9295609484505,106.65692552409887],[23.92958331683183,106.65695534320902],[23.92961057278858,106.65697981513927],[23.929641668892348,106.65699799944588],[23.929675410139623,106.65700919731277],[23.92971049987472,106.65701297840714]]}]}]}