{"id":225,"ref":"Trạm thu phí","highways":[{"ways":[{"nodes":[[106.3723624,10.5473223]],"buffer_geometry":[[10.547322299947435,106.37254535527437],[10.547357389689306,106.37254183986053],[10.54739113095585,106.37253142867117],[10.547422227088466,106.37251452180045],[10.547449483079246,106.37249176896863],[10.547471851494608,106.37246404455382],[10.547488472727744,106.37243241399018],[10.547498708033022,106.37239809282386],[10.547502164072743,106.3723624],[10.547498708033022,106.37232670717616],[10.547488472727744,106.37229238600983],[10.547471851494608,106.37226075544619],[10.547449483079246,106.37223303103137],[10.547422227088466,106.37221027819955],[10.54739113095585,106.37219337132883],[10.547357389689306,106.37218296013947],[10.547322299947435,106.37217944472565],[10.547287210209566,106.3721829601804],[10.547253468954416,106.37219337140446],[10.547222372838853,106.37221027829835],[10.547195116868188,106.37223303113832],[10.547172748472942,106.37226075554499],[10.547156127256859,106.37229238608545],[10.547145891962979,106.37232670721707],[10.547142435927256,106.3723624],[10.547145891962979,106.37239809278294],[10.547156127256859,106.37243241391455],[10.547172748472942,106.37246404445501],[10.547195116868188,106.37249176886169],[10.547222372838853,106.37251452170166],[10.547253468954416,106.37253142859555],[10.547287210209566,106.37254183981962],[10.547322299947435,106.37254535527437]]}]}]}