{"id":411,"ref":"Trạm thu phí","highways":[{"ways":[{"nodes":[[105.9087955,20.7715962]],"buffer_geometry":[[20.77159619989292,105.9089878676626],[20.77163128963687,105.90898417141574],[20.77166503090932,105.90897322462719],[20.771696127050777,105.90895544797165],[20.771723383051988,105.90893152459323],[20.77174575147778,105.90890237385294],[20.77176237271976,105.90886911599839],[20.77177260803095,105.90883302911307],[20.771776064072746,105.9087955],[20.77177260803095,105.90875797088692],[20.77176237271976,105.90872188400161],[20.77174575147778,105.90868862614705],[20.771723383051988,105.90865947540676],[20.771696127050777,105.90863555202834],[20.77166503090932,105.90861777537282],[20.77163128963687,105.90860682858427],[20.77159619989292,105.90860313233739],[20.77156111015713,105.90860682867192],[20.771527368907883,105.90861777553478],[20.771496272801166,105.90863555223996],[20.771469016840932,105.90865947563582],[20.771446648456116,105.90868862635867],[20.771430027248876,105.90872188416357],[20.77141979196091,105.90875797097458],[20.771416335927256,105.9087955],[20.77141979196091,105.90883302902542],[20.771430027248876,105.90886911583642],[20.771446648456116,105.90890237364134],[20.771469016840932,105.90893152436418],[20.771496272801166,105.90895544776004],[20.771527368907883,105.90897322446521],[20.77156111015713,105.90898417132807],[20.77159619989292,105.9089878676626]]}]}]}