{"id":170,"ref":"Trạm thu phí","highways":[{"ways":[{"nodes":[[106.9617237,10.7656604]],"buffer_geometry":[[10.76566039994632,106.96190678650893],[10.765695489688236,106.96190326857393],[10.765729230954898,106.96189284991694],[10.765760327087694,106.96187593091909],[10.765787583078689,106.96185316176665],[10.765809951494262,106.96182541746492],[10.76582657272758,106.9617937642123],[10.76583680803298,106.9617594184269],[10.765840264072743,106.9617237],[10.76583680803298,106.96168798157309],[10.76582657272758,106.96165363578768],[10.765809951494262,106.96162198253506],[10.765787583078689,106.96159423823332],[10.765760327087694,106.9615714690809],[10.765729230954898,106.96155455008305],[10.765695489688236,106.96154413142605],[10.76566039994632,106.96154061349104],[10.765625310208494,106.96154413146789],[10.765591568953464,106.96155455016033],[10.765560472838082,106.96157146918186],[10.76553321686763,106.96159423834261],[10.765510848472598,106.96162198263603],[10.765494227256694,106.96165363586496],[10.765483991962935,106.96168798161492],[10.765480535927255,106.9617237],[10.765483991962935,106.96175941838507],[10.765494227256694,106.96179376413502],[10.765510848472598,106.96182541736395],[10.76553321686763,106.96185316165737],[10.765560472838082,106.96187593081812],[10.765591568953464,106.96189284983966],[10.765625310208494,106.9619032685321],[10.76566039994632,106.96190678650893]]}]}]}