{"id":300,"ref":"Trạm thu phí","highways":[{"ways":[{"nodes":[[109.011708,23.0878038]],"buffer_geometry":[[23.08780379987965,109.01190352461887],[23.087838889624106,109.01189976771822],[23.08787263089799,109.01188864128599],[23.087903727041606,109.01187057289992],[23.087930983045354,109.01184625691472],[23.087953351473686,109.01181662777893],[23.08796997271782,109.01178282412477],[23.08798020803044,109.01174614501092],[23.087983664072745,109.011708],[23.08798020803044,109.01166985498908],[23.08796997271782,109.01163317587523],[23.087953351473686,109.01159937222107],[23.087930983045354,109.01156974308527],[23.087903727041606,109.01154542710007],[23.08787263089799,109.011527358714],[23.087838889624106,109.01151623228178],[23.08780379987965,109.01151247538112],[23.087768710144363,109.01151623238191],[23.08773496889656,109.01152735889903],[23.087703872791987,109.01154542734182],[23.087676616834298,109.01156974334693],[23.08765424845202,109.01159937246278],[23.08763762724693,109.01163317606023],[23.0876273919604,109.01166985508921],[23.087623935927255,109.011708],[23.0876273919604,109.01174614491079],[23.08763762724693,109.01178282393977],[23.08765424845202,109.01181662753721],[23.087676616834298,109.01184625665307],[23.087703872791987,109.01187057265818],[23.08773496889656,109.01188864110097],[23.087768710144363,109.01189976761809],[23.08780379987965,109.01190352461887]]}]}]}