{"id":373,"ref":"Trạm thu phí","highways":[{"ways":[{"nodes":[[108.2287068,15.9303724]],"buffer_geometry":[[15.930372399919419,108.22889384745265],[15.930407489662361,108.22889025342036],[15.930441230931939,108.22887960937236],[15.930472327069097,108.22886232435035],[15.930499583065242,108.22883906260597],[15.93052195148596,108.22881071807427],[15.930538572723647,108.22877838002044],[15.930548808031958,108.22874329117985],[15.930552264072746,108.2287068],[15.930548808031958,108.22867030882016],[15.930538572723647,108.22863521997957],[15.93052195148596,108.22860288192574],[15.930499583065242,108.22857453739404],[15.930472327069097,108.22855127564966],[15.930441230931939,108.22853399062764],[15.930407489662361,108.22852334657965],[15.930372399919419,108.22851975254736],[15.93033731018262,108.2285233466438],[15.930303568930503,108.22853399074616],[15.930272472819485,108.2285512758045],[15.930245216854182,108.22857453756164],[15.930222848464297,108.22860288208058],[15.930206227252755,108.22863522009807],[15.930195991961918,108.2286703088843],[15.930192535927258,108.2287068],[15.930195991961918,108.2287432911157],[15.930206227252755,108.22877837990194],[15.930222848464297,108.22881071791943],[15.930245216854182,108.22883906243837],[15.930272472819485,108.2288623241955],[15.930303568930503,108.22887960925385],[15.93033731018262,108.22889025335621],[15.930372399919419,108.22889384745265]]}]}]}