{"id":712,"ref":"Trạm thu phí","highways":[{"ways":[{"nodes":[[106.0607232,10.4100881]],"buffer_geometry":[[10.410088099948132,106.06090607424287],[10.41012318968998,106.06090256038574],[10.410156930956445,106.06089215380729],[10.410188027088946,106.06087525442453],[10.410215283079594,106.06085251166996],[10.410237651494821,106.06082479953443],[10.410254272727846,106.06079318298023],[10.410264508033046,106.0607588770151],[10.410267964072744,106.0607232],[10.410264508033046,106.06068752298489],[10.410254272727846,106.06065321701976],[10.410237651494821,106.06062160046557],[10.410215283079594,106.06059388833003],[10.410188027088946,106.06057114557547],[10.410156930956445,106.0605542461927],[10.41012318968998,106.06054383961425],[10.410088099948132,106.06054032575713],[10.410053010210238,106.06054383965461],[10.41001926895501,106.06055424626727],[10.409988172839334,106.0605711456729],[10.409960916868535,106.06059388843549],[10.409938548473155,106.060621600563],[10.409921927256958,106.06065321709434],[10.409911691963003,106.06068752302525],[10.409908235927253,106.0607232],[10.409911691963003,106.06075887697475],[10.409921927256958,106.06079318290566],[10.409938548473155,106.060824799437],[10.409960916868535,106.0608525115645],[10.409988172839334,106.06087525432709],[10.41001926895501,106.06089215373272],[10.410053010210238,106.06090256034538],[10.410088099948132,106.06090607424287]]}]}]}