{"id":386,"ref":"Trạm thu phí","highways":[{"ways":[{"nodes":[[106.2943524,20.8566592]],"buffer_geometry":[[20.856659199892437,106.29454487626109],[20.856694289636405,106.29454117792775],[20.856728030908904,106.29453022495952],[20.85675912705044,106.29451243826854],[20.856786383051748,106.29448850138454],[20.85680875147763,106.29445933418756],[20.85682537271969,106.29442605755763],[20.85683560803093,106.2943899502998],[20.856839064072744,106.2943524],[20.85683560803093,106.29431484970019],[20.85682537271969,106.29427874244234],[20.85680875147763,106.29424546581242],[20.856786383051748,106.29421629861544],[20.85675912705044,106.29419236173145],[20.856728030908904,106.29417457504046],[20.856694289636405,106.29416362207222],[20.856659199892437,106.29415992373889],[20.856624110156663,106.29416362216031],[20.85659036890747,106.29417457520324],[20.856559272800833,106.29419236194414],[20.856532016840685,106.29421629884565],[20.856509648455965,106.2942454660251],[20.856493027248803,106.29427874260513],[20.856482791960886,106.29431484978828],[20.85647933592725,106.2943524],[20.856482791960886,106.29438995021171],[20.856493027248803,106.29442605739484],[20.856509648455965,106.29445933397488],[20.856532016840685,106.29448850115433],[20.856559272800833,106.29451243805585],[20.85659036890747,106.29453022479673],[20.856624110156663,106.29454117783966],[20.856659199892437,106.29454487626109]]}]}]}