{"id":435,"ref":"Trạm thu phí","highways":[{"ways":[{"nodes":[[106.5910343,10.7689125]],"buffer_geometry":[[10.768912499946305,106.5912173884852],[10.76894758968822,106.59121387051222],[10.768981330954885,106.59120345174277],[10.769012427087684,106.5911865325623],[10.769039683078683,106.5911637631641],[10.76906205149426,106.59113601856289],[10.76907867272758,106.5911043649686],[10.76908890803298,106.59107001881246],[10.769092364072744,106.5910343],[10.76908890803298,106.59099858118755],[10.76907867272758,106.59096423503142],[10.76906205149426,106.59093258143713],[10.769039683078683,106.59090483683592],[10.769012427087684,106.5908820674377],[10.768981330954885,106.59086514825725],[10.76894758968822,106.5908547294878],[10.768912499946305,106.59085121151482],[10.76887741020848,106.59085472952964],[10.768843668953451,106.59086514833456],[10.768812572838073,106.59088206753871],[10.768785316867623,106.59090483694523],[10.768762948472594,106.59093258153813],[10.768746327256693,106.59096423510871],[10.768736091962937,106.5909985812294],[10.768732635927256,106.5910343],[10.768736091962937,106.59107001877062],[10.768746327256693,106.5911043648913],[10.768762948472594,106.5911360184619],[10.768785316867623,106.5911637630548],[10.768812572838073,106.59118653246131],[10.768843668953451,106.59120345166546],[10.76887741020848,106.59121387047037],[10.768912499946305,106.5912173884852]]}]}]}