{"id":867,"ref":"Trạm thu phí","highways":[{"ways":[{"nodes":[[105.7131119,10.0787837]],"buffer_geometry":[[10.078783699949819,105.71329458323129],[10.078818789691603,105.71329107304373],[10.078852530957885,105.71328067733435],[10.078883627090116,105.71326379560257],[10.07891088308044,105.71324107660263],[10.078933251495343,105.71321339341246],[10.078949872728096,105.71318180988203],[10.078960108033113,105.71314753974993],[10.078963564072746,105.7131119],[10.078960108033113,105.71307626025009],[10.078949872728096,105.71304199011799],[10.078933251495343,105.71301040658756],[10.07891088308044,105.71298272339739],[10.078883627090116,105.71296000439743],[10.078852530957885,105.71294312266566],[10.078818789691603,105.71293272695628],[10.078783699949819,105.71292921676873],[10.07874861021186,105.71293272699529],[10.078714868956451,105.71294312273773],[10.0786837728405,105.7129600044916],[10.078656516869382,105.71298272349934],[10.07863414847368,105.71301040668172],[10.078617527257208,105.71304199019006],[10.07860729196307,105.71307626028909],[10.078603835927256,105.7131119],[10.07860729196307,105.71314753971092],[10.078617527257208,105.71318180980994],[10.07863414847368,105.7132133933183],[10.078656516869382,105.71324107650068],[10.0786837728405,105.71326379550841],[10.078714868956451,105.71328067726229],[10.07874861021186,105.71329107300473],[10.078783699949819,105.71329458323129]]}]}]}