{"id":244,"ref":"Trạm thu phí","highways":[{"ways":[{"nodes":[[104.8027413,23.7373067]],"buffer_geometry":[[23.73730669987585,104.802937786715],[23.73734178962045,104.80293401132978],[23.737375530894752,104.80292283015031],[23.73740662703898,104.80290467285805],[23.737433883043458,104.80288023722422],[23.737456251472516,104.80285046229534],[23.737472872717262,104.80281649230642],[23.7374831080303,104.80277963270841],[23.737486564072746,104.8027413],[23.7374831080303,104.8027029672916],[23.737472872717262,104.80266610769358],[23.737456251472516,104.80263213770466],[23.737433883043458,104.80260236277579],[23.73740662703898,104.80257792714195],[23.737375530894752,104.8025597698497],[23.73734178962045,104.80254858867022],[23.73730669987585,104.802544813285],[23.737271610140706,104.80254858877402],[23.73723786889332,104.8025597700415],[23.737206772789367,104.80257792739255],[23.737179516832395,104.80260236304703],[23.737157148450848,104.80263213795526],[23.73714052724638,104.80266610788539],[23.737130291960252,104.80270296739539],[23.737126835927256,104.8027413],[23.737130291960252,104.80277963260461],[23.73714052724638,104.80281649211462],[23.737157148450848,104.80285046204474],[23.737179516832395,104.80288023695297],[23.737206772789367,104.80290467260745],[23.73723786889332,104.8029228299585],[23.737271610140706,104.80293401122597],[23.73730669987585,104.802937786715]]}]}]}