{"id":219,"ref":"Trạm thu phí","highways":[{"ways":[{"nodes":[[104.842011,11.335482]],"buffer_geometry":[[11.335481999943408,104.84219444246183],[11.335517089685434,104.84219091768847],[11.33555083095241,104.84218047877671],[11.335581927085682,104.84216352688595],[11.335609183077233,104.84214071346645],[11.335631551493364,104.8421129152246],[11.335648172727156,104.84208120043175],[11.33565840803287,104.84204678787104],[11.335661864072748,104.842011],[11.33565840803287,104.84197521212897],[11.335648172727156,104.84194079956826],[11.335631551493364,104.84190908477541],[11.335609183077233,104.84188128653356],[11.335581927085682,104.84185847311406],[11.33555083095241,104.8418415212233],[11.335517089685434,104.84183108231154],[11.335481999943408,104.84182755753817],[11.335446910205691,104.84183108235572],[11.335413168950979,104.84184152130493],[11.335382072836067,104.84185847322071],[11.335354816866175,104.841881286649],[11.3353324484717,104.84190908488206],[11.335315827256268,104.84194079964989],[11.335305591962827,104.84197521217314],[11.335302135927256,104.842011],[11.335305591962827,104.84204678782687],[11.335315827256268,104.84208120035012],[11.3353324484717,104.84211291511794],[11.335354816866175,104.842140713351],[11.335382072836067,104.8421635267793],[11.335413168950979,104.84218047869508],[11.335446910205691,104.84219091764429],[11.335481999943408,104.84219444246183]]}]}]}