{"id":798,"ref":"Trạm thu phí","highways":[{"ways":[{"nodes":[[106.7239001,20.7762]],"buffer_geometry":[[20.77619999989289,106.72409247352621],[20.776235089636838,106.72408877716668],[20.776268830909295,106.72407783004448],[20.776299927050758,106.7240600528471],[20.776327183051976,106.72403612873946],[20.77634955147777,106.72400697711062],[20.776366172719758,106.7239737182423],[20.776376408030945,106.72393763025703],[20.776379864072744,106.72390010000001],[20.776376408030945,106.72386256974298],[20.776366172719758,106.7238264817577],[20.77634955147777,106.72379322288938],[20.776327183051976,106.72376407126055],[20.776299927050758,106.72374014715291],[20.776268830909295,106.72372236995552],[20.776235089636838,106.72371142283332],[20.77619999989289,106.72370772647379],[20.776164910157096,106.723711422921],[20.77613116890786,106.72372237011754],[20.776100072801146,106.72374014736458],[20.776072816840916,106.72376407148965],[20.776050448456107,106.72379322310105],[20.77603382724887,106.7238264819197],[20.7760235919609,106.72386256983066],[20.776020135927258,106.72390010000001],[20.7760235919609,106.72393763016935],[20.77603382724887,106.7239737180803],[20.776050448456107,106.72400697689895],[20.776072816840916,106.72403612851035],[20.776100072801146,106.72406005263542],[20.77613116890786,106.72407782988246],[20.776164910157096,106.724088777079],[20.77619999989289,106.72409247352621]]}]}]}