{"id":601,"ref":"Trạm thu phí","highways":[{"ways":[{"nodes":[[109.078686,23.9370323]],"buffer_geometry":[[23.937032299874677,109.07888278956827],[23.93706738961932,109.07887900836437],[23.937101130893748,109.07886780995129],[23.937132227038163,109.07884962467271],[23.93715948304287,109.0788251513753],[23.93718185147215,109.07879533055298],[23.93719847271709,109.07876130820439],[23.93720870803025,109.0787243917927],[23.937212164072744,109.078686],[23.93720870803025,109.07864760820729],[23.93719847271709,109.07861069179562],[23.93718185147215,109.07857666944703],[23.93715948304287,109.07854684862471],[23.937132227038163,109.0785223753273],[23.937101130893748,109.07850419004872],[23.93706738961932,109.07849299163564],[23.937032299874677,109.07848921043174],[23.936997210139577,109.07849299174059],[23.936963468892312,109.07850419024264],[23.936932372788554,109.07852237558066],[23.93690511683181,109.07854684889894],[23.936882748450486,109.0785766697004],[23.9368661272462,109.07861069198952],[23.93685589196021,109.07864760831222],[23.936852435927253,109.078686],[23.93685589196021,109.07872439168779],[23.9368661272462,109.07876130801048],[23.936882748450486,109.07879533029961],[23.93690511683181,109.07882515110107],[23.936932372788554,109.07884962441935],[23.936963468892312,109.07886780975737],[23.936997210139577,109.07887900825942],[23.937032299874677,109.07888278956827]]}]}]}