{"id":475,"ref":"Trạm thu phí","highways":[{"ways":[{"nodes":[[108.0845597,16.2287427]],"buffer_geometry":[[16.22874269991783,108.08474702843507],[16.22877778966083,108.08474342900448],[16.228811530930578,108.08473276896754],[16.228842627067998,108.08471545798035],[16.228869883064448,108.08469216129234],[16.22889225148547,108.0846637741814],[16.228908872723412,108.08463138754904],[16.228919108031896,108.08459624599747],[16.228922564072747,108.0845597],[16.228919108031896,108.08452315400254],[16.228908872723412,108.08448801245098],[16.22889225148547,108.0844556258186],[16.228869883064448,108.08442723870768],[16.228842627067998,108.08440394201965],[16.228811530930578,108.08438663103246],[16.22877778966083,108.08437597099554],[16.22874269991783,108.08437237156494],[16.228707610181086,108.08437597106105],[16.228673868929146,108.0843866311535],[16.228642772818386,108.08440394217779],[16.228615516853385,108.08442723887885],[16.22859314846381,108.08445562597674],[16.228576527252525,108.08448801257201],[16.228566291961855,108.08452315406804],[16.228562835927256,108.0845597],[16.228566291961855,108.08459624593198],[16.228576527252525,108.08463138742799],[16.22859314846381,108.08466377402326],[16.228615516853385,108.08469216112115],[16.228642772818386,108.08471545782223],[16.228673868929146,108.08473276884651],[16.228707610181086,108.08474342893896],[16.22874269991783,108.08474702843507]]}]}]}