{"id":492,"ref":"Trạm thu phí","highways":[{"ways":[{"nodes":[[105.2309367,21.4235569]],"buffer_geometry":[[21.42355689988923,105.2311299140591],[21.42359198963332,105.23112620155067],[21.423625730906167,105.23111520659873],[21.423656827048227,105.23109735172875],[21.423684083050144,105.2310733230904],[21.423706451476644,105.23104404408977],[21.423723072719223,105.23101063990346],[21.42373330803081,105.23097439423854],[21.423736764072746,105.2309367],[21.42373330803081,105.23089900576146],[21.423723072719223,105.23086276009654],[21.423706451476644,105.23082935591023],[21.423684083050144,105.2308000769096],[21.423656827048227,105.23077604827127],[21.423625730906167,105.23075819340127],[21.42359198963332,105.23074719844935],[21.42355689988923,105.2307434859409],[21.423521810153577,105.23074719854041],[21.423488068904735,105.23075819356956],[21.423456972798615,105.23077604849112],[21.423429716839088,105.23080007714759],[21.423407348454976,105.2308293561301],[21.423390727248336,105.23086276026484],[21.423380491960767,105.23089900585254],[21.423377035927253,105.2309367],[21.423380491960767,105.23097439414747],[21.423390727248336,105.23101063973517],[21.423407348454976,105.2310440438699],[21.423429716839088,105.23107332285242],[21.423456972798615,105.23109735150888],[21.423488068904735,105.23111520643046],[21.423521810153577,105.2311262014596],[21.42355689988923,105.2311299140591]]}]}]}