{"id":372,"ref":"Trạm thu phí","highways":[{"ways":[{"nodes":[[109.9150014,23.9423904]],"buffer_geometry":[[23.942390399874643,109.9151981977388],[23.942425489619286,109.91519441637793],[23.942459230893718,109.91518321749992],[23.942490327038144,109.9151650314663],[23.94251758304285,109.91514055715278],[23.94253995147214,109.91511073509231],[23.942556572717084,109.91507671133115],[23.942566808030254,109.91503979338671],[23.942570264072742,109.9150014],[23.942566808030254,109.91496300661326],[23.942556572717084,109.91492608866884],[23.94253995147214,109.91489206490766],[23.94251758304285,109.9148622428472],[23.942490327038144,109.91483776853369],[23.942459230893718,109.91481958250007],[23.942425489619286,109.91480838362206],[23.942390399874643,109.91480460226119],[23.94235531013955,109.91480838372703],[23.942321568892286,109.91481958269405],[23.942290472788528,109.91483776878711],[23.942263216831794,109.9148622431215],[23.942240848450474,109.9148920651611],[23.942224227246196,109.91492608886281],[23.94221399196021,109.91496300671824],[23.942210535927256,109.9150014],[23.94221399196021,109.91503979328175],[23.942224227246196,109.91507671113717],[23.942240848450474,109.91511073483889],[23.942263216831794,109.91514055687847],[23.942290472788528,109.91516503121287],[23.942321568892286,109.91518321730594],[23.94235531013955,109.91519441627294],[23.942390399874643,109.9151981977388]]}]}]}