{"id":369,"ref":"Trạm thu phí","highways":[{"ways":[{"nodes":[[104.5534919,23.6696007]],"buffer_geometry":[[23.669600699876256,104.55368828480182],[23.669635789620834,104.55368451137463],[23.669669530895096,104.55367333599443],[23.669700627039255,104.55365518811986],[23.669727883043656,104.5536307651602],[23.66975025147264,104.55360100567493],[23.66976687271732,104.55356705330557],[23.669777108030313,104.55353021282593],[23.66978056407275,104.5534919],[23.669777108030313,104.55345358717408],[23.66976687271732,104.55341674669444],[23.66975025147264,104.55338279432507],[23.669727883043656,104.5533530348398],[23.669700627039255,104.55332861188015],[23.669669530895096,104.55331046400558],[23.669635789620834,104.55329928862538],[23.669600699876256,104.55329551519819],[23.669565610141092,104.5532992887288],[23.669531868893657,104.55331046419666],[23.669500772789643,104.55332861212982],[23.669473516832596,104.55335303511004],[23.669451148450975,104.55338279457473],[23.669434527246437,104.55341674688553],[23.66942429196027,104.55345358727749],[23.66942083592726,104.5534919],[23.66942429196027,104.55353021272252],[23.669434527246437,104.55356705311448],[23.669451148450975,104.55360100542528],[23.669473516832596,104.55363076488997],[23.669500772789643,104.55365518787019],[23.669531868893657,104.55367333580335],[23.669565610141092,104.55368451127121],[23.669600699876256,104.55368828480182]]}]}]}