{"id":984,"ref":"Trạm thu phí","highways":[{"ways":[{"nodes":[[108.8222212,23.2024202]],"buffer_geometry":[[23.202420199878983,108.82241689188736],[23.20245528962346,108.822413131773],[23.202489030897425,108.8224019958225],[23.20252012704114,108.82238391197936],[23.20254738304502,108.82235957519224],[23.202569751473476,108.82232992070911],[23.202586372717718,108.82229608813624],[23.20259660803041,108.8222593776437],[23.20260006407274,108.8222212],[23.20259660803041,108.82218302235628],[23.202586372717718,108.82214631186375],[23.202569751473476,108.8221124792909],[23.20254738304502,108.82208282480777],[23.20252012704114,108.82205848802064],[23.202489030897425,108.8220404041775],[23.20245528962346,108.822029268227],[23.202420199878983,108.82202550811265],[23.202385110143716,108.82202926832777],[23.20235136889599,108.82204040436369],[23.202320272791525,108.82205848826393],[23.20229301683396,108.82208282507109],[23.20227064845181,108.82211247953418],[23.202254027246834,108.82214631204995],[23.20224379196037,108.82218302245707],[23.202240335927254,108.8222212],[23.20224379196037,108.82225937754293],[23.202254027246834,108.82229608795004],[23.20227064845181,108.82232992046582],[23.20229301683396,108.82235957492891],[23.202320272791525,108.82238391173607],[23.20235136889599,108.82240199563631],[23.202385110143716,108.82241313167222],[23.202420199878983,108.82241689188736]]}]}]}