{"id":586,"ref":"Trạm thu phí","highways":[{"ways":[{"nodes":[[108.2683851,22.6989242]],"buffer_geometry":[[22.69892419988191,108.26858006502329],[22.698959289626277,108.26857631887401],[22.69899303089992,108.26856522428508],[22.699024127043167,108.26854720761058],[22.69905138304648,108.26852296121807],[22.69907375147438,108.26849341688168],[22.699090372718146,108.26845970997482],[22.69910060803053,108.26842313583816],[22.699104064072746,108.2683851],[22.69910060803053,108.26834706416184],[22.699090372718146,108.26831049002519],[22.69907375147438,108.26827678311834],[22.69905138304648,108.26824723878195],[22.699024127043167,108.26822299238944],[22.69899303089992,108.26820497571494],[22.698959289626277,108.268193881126],[22.69892419988191,108.26819013497672],[22.698889110146535,108.26819388122397],[22.698855368898485,108.26820497589596],[22.69882427279355,108.26822299262595],[22.698797016835425,108.26824723903796],[22.698774648452716,108.26827678335485],[22.698758027247262,108.26831049020622],[22.698747791960486,108.26834706425983],[22.698744335927252,108.2683851],[22.698747791960486,108.26842313574019],[22.698758027247262,108.2684597097938],[22.698774648452716,108.26849341664516],[22.698797016835425,108.26852296096206],[22.69882427279355,108.26854720737406],[22.698855368898485,108.26856522410405],[22.698889110146535,108.26857631877604],[22.69892419988191,108.26858006502329]]}]}]}