{"id":32,"ref":"Trạm thu phí","highways":[{"ways":[{"nodes":[[105.6342237,21.2837861]],"buffer_geometry":[[21.283786099890023,105.63441672987098],[21.28382118963408,105.63441302090129],[21.283854930906845,105.63440203643043],[21.283886027048773,105.63438419858103],[21.283913283050538,105.63436019284877],[21.283935651476884,105.63433094175944],[21.28395227271934,105.63429756941704],[21.283962508030836,105.63426135830487],[21.283965964072745,105.6342237],[21.283962508030836,105.63418604169516],[21.28395227271934,105.63414983058297],[21.283935651476884,105.63411645824057],[21.283913283050538,105.63408720715125],[21.283886027048773,105.63406320141898],[21.283854930906845,105.6340453635696],[21.28382118963408,105.63403437909872],[21.283786099890023,105.63403067012905],[21.283751010154337,105.63403437918906],[21.28371726890541,105.63404536373652],[21.28368617279916,105.63406320163708],[21.283658916839478,105.6340872073873],[21.28363654845522,105.63411645845866],[21.283619927248452,105.6341498307499],[21.28360969196079,105.6341860417855],[21.283606235927255,105.6342237],[21.28360969196079,105.63426135821453],[21.283619927248452,105.63429756925012],[21.28363654845522,105.63433094154136],[21.283658916839478,105.63436019261272],[21.28368617279916,105.63438419836294],[21.28371726890541,105.6344020362635],[21.283751010154337,105.63441302081097],[21.283786099890023,105.63441672987098]]}]}]}