{"id":451,"ref":"Trạm thu phí","highways":[{"ways":[{"nodes":[[105.4734262,15.1296666]],"buffer_geometry":[[15.129666599923667,105.47361252245288],[15.129701689666447,105.47360894234946],[15.12973543093556,105.47359833955659],[15.129766527072032,105.47358112153071],[15.129793783067361,105.473557949949],[15.129816151487267,105.47352971528163],[15.129832772724262,105.47349750257172],[15.129843008032118,105.47346254973759],[15.129846464072742,105.4734262],[15.129843008032118,105.47338985026242],[15.129832772724262,105.47335489742831],[15.129816151487267,105.4733226847184],[15.129793783067361,105.47329445005101],[15.129766527072032,105.4732712784693],[15.12973543093556,105.47325406044344],[15.129701689666447,105.47324345765057],[15.129666599923667,105.47323987754713],[15.129631510186703,105.47324345771108],[15.12959776893413,105.47325406055526],[15.12956667282242,105.4732712786154],[15.129539416856302,105.47329445020917],[15.129517048465607,105.4733226848645],[15.129500427253378,105.47335489754012],[15.129490191962073,105.47338985032295],[15.129486735927252,105.4734262],[15.129490191962073,105.47346254967708],[15.129500427253378,105.47349750245989],[15.129517048465607,105.47352971513553],[15.129539416856302,105.47355794979084],[15.12956667282242,105.47358112138461],[15.12959776893413,105.47359833944476],[15.129631510186703,105.47360894228893],[15.129666599923667,105.47361252245288]]}]}]}