{"id":983,"ref":"Trạm thu phí","highways":[{"ways":[{"nodes":[[109.1395818,12.3912422]],"buffer_geometry":[[12.391242199937974,109.13976595392182],[12.391277289680207,109.13976241548015],[12.391311030947776,109.13975193608411],[12.391342127081925,109.13973491844865],[12.391369383074517,109.1397120165504],[12.391391751491689,109.13968411049593],[12.39140837272636,109.13965227269979],[12.391418608032662,109.13961772667221],[12.391422064072744,109.1395818],[12.391418608032662,109.13954587332779],[12.39140837272636,109.1395113273002],[12.391391751491689,109.13947948950407],[12.391369383074517,109.13945158344958],[12.391342127081925,109.13942868155134],[12.391311030947776,109.13941166391588],[12.391277289680207,109.13940118451984],[12.391242199937974,109.13939764607817],[12.391207110200467,109.13940118456844],[12.391173368946342,109.13941166400569],[12.391142272832314,109.13942868166869],[12.391115016863457,109.13945158357659],[12.391092648470023,109.13947948962141],[12.391076027255474,109.13951132739003],[12.39106579196262,109.13954587337638],[12.391062335927256,109.1395818],[12.39106579196262,109.13961772662361],[12.391076027255474,109.13965227260998],[12.391092648470023,109.13968411037858],[12.391115016863457,109.1397120164234],[12.391142272832314,109.13973491833131],[12.391173368946342,109.13975193599431],[12.391207110200467,109.13976241543155],[12.391242199937974,109.13976595392182]]}]}]}