{"id":132,"ref":"Trạm thu phí","highways":[{"ways":[{"nodes":[[107.1365471,23.5782289]],"buffer_geometry":[[23.578228899876784,107.13674334786779],[23.578263989621348,107.1367395770715],[23.578297730895542,107.13672840948341],[23.578328827039623,107.13671027426275],[23.57835608304392,107.13668586833255],[23.578378451472794,107.13665612959784],[23.578395072717395,107.1366222009027],[23.57840530803033,107.13658538611116],[23.57840876407274,107.1365471],[23.57840530803033,107.13650881388882],[23.578395072717395,107.1364719990973],[23.578378451472794,107.13643807040215],[23.57835608304392,107.13640833166745],[23.578328827039623,107.13638392573725],[23.578297730895542,107.13636579051658],[23.578263989621348,107.13635462292851],[23.578228899876784,107.13635085213221],[23.578193810141606,107.13635462303141],[23.57816006889411,107.13636579070672],[23.578128972790008,107.13638392598564],[23.578101716832858,107.13640833193632],[23.578079348451134,107.13643807065057],[23.57806272724651,107.13647199928741],[23.57805249196029,107.13650881399172],[23.57804903592725,107.1365471],[23.57805249196029,107.13658538600826],[23.57806272724651,107.13662220071258],[23.578079348451134,107.13665612934943],[23.578101716832858,107.13668586806368],[23.578128972790008,107.13671027401435],[23.57816006889411,107.13672840929328],[23.578193810141606,107.1367395769686],[23.578228899876784,107.13674334786779]]}]}]}