{"id":959,"ref":"Trạm thu phí","highways":[{"ways":[{"nodes":[[105.8035589,21.2134308]],"buffer_geometry":[[21.21343079989042,105.80375183772463],[21.213465889634467,105.80374813052534],[21.213499630907187,105.80373715129795],[21.21353072704905,105.8037193219637],[21.21355798305074,105.80369532769099],[21.21358035147701,105.80366609056523],[21.213596972719397,105.80363273415382],[21.213607208030854,105.80359654032782],[21.21361066407275,105.8035589],[21.213607208030854,105.8035212596722],[21.213596972719397,105.80348506584617],[21.21358035147701,105.80345170943477],[21.21355798305074,105.80342247230901],[21.21353072704905,105.8033984780363],[21.213499630907187,105.80338064870205],[21.213465889634467,105.80336966947466],[21.21343079989042,105.80336596227536],[21.21339571015472,105.80336966956463],[21.21336196890575,105.80338064886827],[21.213330872799435,105.80339847825348],[21.21330361683968,105.80342247254411],[21.213281248455345,105.80345170965197],[21.21326462724851,105.80348506601243],[21.213254391960813,105.80352125976215],[21.213250935927256,105.8035589],[21.213254391960813,105.80359654023785],[21.21326462724851,105.80363273398758],[21.213281248455345,105.80366609034803],[21.21330361683968,105.8036953274559],[21.213330872799435,105.80371932174651],[21.21336196890575,105.80373715113173],[21.21339571015472,105.80374813043537],[21.21343079989042,105.80375183772463]]}]}]}