{"id":753,"ref":"Trạm thu phí","highways":[{"ways":[{"nodes":[[106.8996425,11.0236646]],"buffer_geometry":[[11.023664599945002,106.89982574526103],[11.023699689686966,106.89982222427615],[11.023733430953772,106.89981179658571],[11.023764527086783,106.8997948629179],[11.023791783078028,106.89977207402272],[11.023814151493855,106.89974430566413],[11.023830772727388,106.89971262496508],[11.02384100803293,106.89967824939843],[11.023844464072745,106.8996425],[11.02384100803293,106.89960675060158],[11.023830772727388,106.89957237503494],[11.023814151493855,106.89954069433588],[11.023791783078028,106.89951292597729],[11.023764527086783,106.89949013708211],[11.023733430953772,106.8994732034143],[11.023699689686966,106.89946277572385],[11.023664599945002,106.89945925473899],[11.023629510207225,106.89946277576674],[11.023595768952339,106.89947320349354],[11.023564672837171,106.89949013718564],[11.02353741686697,106.89951292608936],[11.023515048472191,106.89954069443941],[11.023498427256502,106.89957237511418],[11.023488191962885,106.89960675064447],[11.023484735927255,106.8996425],[11.023488191962885,106.89967824935555],[11.023498427256502,106.89971262488582],[11.023515048472191,106.89974430556059],[11.02353741686697,106.89977207391065],[11.023564672837171,106.89979486281436],[11.023595768952339,106.89981179650646],[11.023629510207225,106.89982222423326],[11.023664599945002,106.89982574526103]]}]}]}