{"id":308,"ref":"Trạm thu phí","highways":[{"ways":[{"nodes":[[108.0751888,21.6497667]],"buffer_geometry":[[21.649766699887937,108.07538231534477],[21.649801789632075,108.07537859704782],[21.649835530905065,108.07536758495151],[21.64986662704733,108.07534970224006],[21.649893883049497,108.0753256361331],[21.64991625147624,108.07529631147658],[21.64993287271903,108.0752628552016],[21.649943108030758,108.07522655301707],[21.649946564072742,108.0751888],[21.649943108030758,108.07515104698294],[21.64993287271903,108.07511474479841],[21.64991625147624,108.07508128852345],[21.649893883049497,108.07505196386691],[21.64986662704733,108.07502789775995],[21.649835530905065,108.0750100150485],[21.649801789632075,108.07499900295221],[21.649766699887937,108.07499528465526],[21.649731610152333,108.07499900304448],[21.64969786890363,108.07501001521902],[21.64966677279772,108.07502789798272],[21.64963951683844,108.07505196410804],[21.649617148454578,108.07508128874622],[21.649600527248143,108.07511474496891],[21.649590291960713,108.07515104707524],[21.649586835927252,108.0751888],[21.649590291960713,108.07522655292479],[21.649600527248143,108.0752628550311],[21.649617148454578,108.0752963112538],[21.64963951683844,108.07532563589199],[21.64966677279772,108.07534970201729],[21.64969786890363,108.07536758478099],[21.649731610152333,108.07537859695553],[21.649766699887937,108.07538231534477]]}]}]}