{"id":89,"ref":"Trạm thu phí","highways":[{"ways":[{"nodes":[[106.663255,10.8146623]],"buffer_geometry":[[10.81466229994607,106.66343811635348],[10.814697389687995,106.66343459784511],[10.814731130954685,106.66342417748987],[10.814762227087522,106.66340725573416],[10.814789483078565,106.6633844828702],[10.814811851494186,106.6633567340459],[10.814828472727546,106.6633250756335],[10.81483870803297,106.66329072424939],[10.814842164072745,106.66325500000002],[10.81483870803297,106.66321927575065],[10.814828472727546,106.66318492436653],[10.814811851494186,106.66315326595412],[10.814789483078565,106.66312551712983],[10.814762227087522,106.66310274426587],[10.814731130954685,106.66308582251015],[10.814697389687995,106.66307540215492],[10.81466229994607,106.66307188364655],[10.814627210208254,106.66307540219694],[10.814593468953252,106.6630858225878],[10.81456237283791,106.66310274436732],[10.814535116867507,106.66312551723964],[10.814512748472522,106.66315326605557],[10.814496127256659,106.66318492444417],[10.814485891962928,106.66321927579267],[10.814482435927255,106.66325500000002],[10.814485891962928,106.66329072420737],[10.814496127256659,106.66332507555586],[10.814512748472522,106.66335673394445],[10.814535116867507,106.66338448276039],[10.81456237283791,106.6634072556327],[10.814593468953252,106.66342417741222],[10.814627210208254,106.66343459780309],[10.81466229994607,106.66343811635348]]}]}]}