{"id":511,"ref":"Trạm thu phí","highways":[{"ways":[{"nodes":[[108.1626868,15.9726757]],"buffer_geometry":[[15.972675699919193,108.16287388693081],[15.972710789662143,108.16287029214007],[15.972744530931745,108.16285964584561],[15.972775627068943,108.16284235717549],[15.972802883065127,108.16281909052151],[15.972825251485892,108.16279074000741],[15.97284187272361,108.16275839512828],[15.972852108031953,108.16272329888176],[15.972855564072743,108.1626868],[15.972852108031953,108.16265030111826],[15.97284187272361,108.16261520487174],[15.972825251485892,108.16258285999261],[15.972802883065127,108.16255450947851],[15.972775627068943,108.16253124282451],[15.972744530931745,108.16251395415439],[15.972710789662143,108.16250330785995],[15.972675699919193,108.1624997130692],[15.9726406101824,108.16250330792428],[15.97260686893031,108.16251395427327],[15.972575772819331,108.16253124297984],[15.972548516854067,108.16255450964661],[15.972526148464228,108.16258286014792],[15.972509527252724,108.1626152049906],[15.972499291961906,108.1626503011826],[15.97249583592726,108.1626868],[15.972499291961906,108.16272329881741],[15.972509527252724,108.16275839500942],[15.972526148464228,108.1627907398521],[15.972548516854067,108.16281909035341],[15.972575772819331,108.16284235702018],[15.97260686893031,108.16285964572675],[15.9726406101824,108.16287029207574],[15.972675699919193,108.16287388693081]]}]}]}