{"id":121,"ref":"Trạm thu phí","highways":[{"ways":[{"nodes":[[106.7646709,10.7601664]],"buffer_geometry":[[10.760166399946348,106.76485398317179],[10.760201489688262,106.7648504653009],[10.760235230954923,106.76484004683378],[10.760266327087715,106.76482312814433],[10.760293583078704,106.76480035940692],[10.760315951494272,106.76477261561088],[10.760332572727586,106.7647409629352],[10.76034280803298,106.76470661777583],[10.760346264072744,106.7646709],[10.76034280803298,106.76463518222417],[10.760332572727586,106.76460083706479],[10.760315951494272,106.76456918438912],[10.760293583078704,106.76454144059308],[10.760266327087715,106.76451867185567],[10.760235230954923,106.76450175316621],[10.760201489688262,106.7644913346991],[10.760166399946348,106.76448781682821],[10.760131310208521,106.76449133474091],[10.760097568953489,106.76450175324345],[10.7600664728381,106.76451867195658],[10.760039216867643,106.7645414407023],[10.760016848472608,106.76456918449003],[10.760000227256699,106.76460083714203],[10.759989991962938,106.76463518226595],[10.759986535927254,106.7646709],[10.759989991962938,106.76470661773405],[10.760000227256699,106.76474096285797],[10.760016848472608,106.76477261550997],[10.760039216867643,106.7648003592977],[10.7600664728381,106.76482312804342],[10.760097568953489,106.76484004675655],[10.760131310208521,106.76485046525909],[10.760166399946348,106.76485398317179]]}]}]}