{"id":333,"ref":"Trạm thu phí","highways":[{"ways":[{"nodes":[[104.1618919,23.4272896]],"buffer_geometry":[[23.42728959987767,104.16208792317181],[23.4273246896222,104.16208415669256],[23.427358430896305,104.1620730018906],[23.427389527040237,104.16205488743384],[23.427416783044368,104.16203050944738],[23.427439151473074,104.16200080476241],[23.427455772717533,104.16196691491449],[23.427466008030372,104.16193014227473],[23.427469464072747,104.1618919],[23.427466008030372,104.16185365772527],[23.427455772717533,104.16181688508551],[23.427439151473074,104.16178299523759],[23.427416783044368,104.16175329055262],[23.427389527040237,104.16172891256616],[23.427358430896305,104.16171079810938],[23.4273246896222,104.16169964330744],[23.42728959987767,104.16169587682819],[23.42725451014246,104.16169964340948],[23.42722076889487,104.16171079829793],[23.42718967279062,104.16172891281249],[23.427162416833305,104.16175329081925],[23.427140048451413,104.16178299548393],[23.42712342724664,104.16181688527405],[23.427113191960327,104.16185365782731],[23.427109735927257,104.1618919],[23.427113191960327,104.1619301421727],[23.42712342724664,104.16196691472595],[23.427140048451413,104.16200080451607],[23.427162416833305,104.16203050918074],[23.42718967279062,104.1620548871875],[23.42722076889487,104.16207300170207],[23.42725451014246,104.16208415659052],[23.42728959987767,104.16208792317181]]}]}]}