{"id":905,"ref":"Trạm thu phí","highways":[{"ways":[{"nodes":[[108.786149,22.0950245]],"buffer_geometry":[[22.095024499885394,108.786343119993],[22.095059589629628,108.78633939007912],[22.09509333090289,108.78632834357587],[22.095124427045576,108.7863104049896],[22.095151683048226,108.78628626368712],[22.09517405147546,108.78625684740403],[22.095190672718658,108.78622328659269],[22.095200908030662,108.7861868709793],[22.095204364072746,108.78614900000001],[22.095200908030662,108.78611112902072],[22.095190672718658,108.78607471340732],[22.09517405147546,108.78604115259597],[22.095151683048226,108.78601173631289],[22.095124427045576,108.7859875950104],[22.09509333090289,108.78596965642414],[22.095059589629628,108.78595860992088],[22.095024499885394,108.785954880007],[22.094989410149886,108.78595861001557],[22.09495566890146,108.78596965659906],[22.094924572795957,108.78598759523895],[22.094897316837166,108.78601173656027],[22.094874948453793,108.78604115282452],[22.09485832724777,108.78607471358225],[22.09484809196062,108.78611112911538],[22.094844635927252,108.78614900000001],[22.09484809196062,108.78618687088462],[22.09485832724777,108.78622328641775],[22.094874948453793,108.78625684717548],[22.094897316837166,108.78628626343973],[22.094924572795957,108.78631040476105],[22.09495566890146,108.78632834340094],[22.094989410149886,108.78633938998443],[22.095024499885394,108.786343119993]]}]}]}