{"id":489,"ref":"Trạm thu phí","highways":[{"ways":[{"nodes":[[106.5731948,23.8966012]],"buffer_geometry":[[23.89660119987491,106.57339152799231],[23.896636289619547,106.57338774797147],[23.896670030893947,106.57337655306232],[23.89670112703833,106.57335837347391],[23.896728383042984,106.57333390783423],[23.896750751472222,106.57330409634292],[23.896767372717125,106.57327008464009],[23.896777608030263,106.57323317977973],[23.896781064072744,106.57319480000001],[23.896777608030263,106.57315642022027],[23.896767372717125,106.57311951535992],[23.896750751472222,106.57308550365708],[23.896728383042984,106.57305569216578],[23.89670112703833,106.5730312265261],[23.896670030893947,106.57301304693769],[23.896636289619547,106.57300185202855],[23.89660119987491,106.57299807200769],[23.89656611013981,106.57300185213325],[23.89653236889251,106.57301304713117],[23.89650127278871,106.57303122677891],[23.896474016831924,106.57305569243941],[23.896451648450554,106.57308550390987],[23.896435027246234,106.5731195155534],[23.896424791960218,106.57315642032499],[23.89642133592725,106.57319480000001],[23.896424791960218,106.57323317967501],[23.896435027246234,106.5732700844466],[23.896451648450554,106.57330409609014],[23.896474016831924,106.5733339075606],[23.89650127278871,106.5733583732211],[23.89653236889251,106.57337655286884],[23.89656611013981,106.57338774786676],[23.89660119987491,106.57339152799231]]}]}]}