{"id":982,"ref":"Trạm thu phí","highways":[{"ways":[{"nodes":[[106.8455661,11.0375694]],"buffer_geometry":[[11.037569399944932,106.84574935393013],[11.0376044896869,106.84574583277872],[11.037638230953712,106.84573540459498],[11.037669327086736,106.84571847012607],[11.037696583077997,106.84569568015279],[11.037718951493837,106.8456679104805],[11.037735572727378,106.84563622828264],[11.037745808032927,106.84560185108973],[11.037749264072746,106.8455661],[11.037745808032927,106.84553034891029],[11.037735572727378,106.84549597171736],[11.037718951493837,106.8454642895195],[11.037696583077997,106.84543651984723],[11.037669327086736,106.84541372987393],[11.037638230953712,106.84539679540504],[11.0376044896869,106.8453863672213],[11.037569399944932,106.84538284606988],[11.037534310207159,106.84538636726423],[11.037500568952279,106.84539679548438],[11.037469472837122,106.84541372997761],[11.037442216866935,106.84543651995943],[11.03741984847217,106.84546428962318],[11.037403227256492,106.8454959717967],[11.037392991962886,106.84553034895323],[11.037389535927256,106.8455661],[11.037392991962886,106.84560185104677],[11.037403227256492,106.84563622820332],[11.03741984847217,106.84566791037683],[11.037442216866935,106.84569568004058],[11.037469472837122,106.8457184700224],[11.037500568952279,106.84573540451562],[11.037534310207159,106.84574583273579],[11.037569399944932,106.84574935393013]]}]}]}