{"id":424,"ref":"Trạm thu phí","highways":[{"ways":[{"nodes":[[104.1060012,22.3433682]],"buffer_geometry":[[22.34336819988396,104.1061956639946],[22.343403289628256,104.10619192747147],[22.343437030901676,104.10618086139311],[22.343468127044588,104.1061628910181],[22.34349538304751,104.10613870693473],[22.34351775147502,104.10610923852269],[22.34353437271845,104.10607561823764],[22.34354460803061,104.10603913809133],[22.343548064072746,104.1060012],[22.34354460803061,104.10596326190866],[22.34353437271845,104.10592678176236],[22.34351775147502,104.1058931614773],[22.34349538304751,104.10586369306527],[22.343468127044588,104.1058395089819],[22.343437030901676,104.10582153860688],[22.343403289628256,104.10581047252852],[22.34336819988396,104.10580673600539],[22.343333110148514,104.10581047262454],[22.34329936890024,104.10582153878428],[22.343268272794976,104.10583950921371],[22.343241016836455,104.10586369331618],[22.34321864845335,104.10589316170912],[22.343202027247564,104.10592678193979],[22.343191791960567,104.10596326200468],[22.343188335927255,104.1060012],[22.343191791960567,104.10603913799531],[22.343202027247564,104.1060756180602],[22.34321864845335,104.10610923829088],[22.343241016836455,104.10613870668381],[22.343268272794976,104.10616289078628],[22.34329936890024,104.1061808612157],[22.343333110148514,104.10619192737545],[22.34336819988396,104.1061956639946]]}]}]}