{"id":141,"ref":"Trạm thu phí","highways":[{"ways":[{"nodes":[[109.8593904,22.8173438]],"buffer_geometry":[[22.817343799881222,109.85958553413741],[22.81737888962562,109.85958178473898],[22.817412630899334,109.85957068052676],[22.817443727042694,109.85955264822462],[22.817470983046142,109.85952838080065],[22.81749335147417,109.85949881083724],[22.81750997271805,109.85946507469258],[22.817520208030505,109.85942846883101],[22.81752366407274,109.8593904],[22.817520208030505,109.85935233116898],[22.81750997271805,109.8593157253074],[22.81749335147417,109.85928198916275],[22.817470983046142,109.85925241919934],[22.817443727042694,109.85922815177537],[22.817412630899334,109.85921011947323],[22.81737888962562,109.85919901526101],[22.817343799881222,109.85919526586258],[22.817308710145877,109.85919901535964],[22.8172749688979,109.85921011965546],[22.81724387279308,109.85922815201347],[22.817216616835083,109.85925241945705],[22.817194248452505,109.85928198940086],[22.817177627247162,109.85931572548964],[22.81716739196046,109.8593523312676],[22.817163935927255,109.8593904],[22.81716739196046,109.85942846873239],[22.817177627247162,109.85946507451035],[22.817194248452505,109.85949881059913],[22.817216616835083,109.85952838054294],[22.81724387279308,109.85955264798652],[22.8172749688979,109.85957068034453],[22.817308710145877,109.85958178464035],[22.817343799881222,109.85958553413741]]}]}]}