{"id":784,"ref":"Trạm thu phí","highways":[{"ways":[{"nodes":[[103.793713,10.9534246]],"buffer_geometry":[[10.953424599945363,103.79389620164645],[10.953459689687312,103.79389268149949],[10.953493430954081,103.79388225629083],[10.953524527087033,103.79386532665337],[10.95355178307821,103.79384254318218],[10.953574151493969,103.79381478143281],[10.953590772727441,103.79378310827423],[10.953601008032942,103.7937487408895],[10.953604464072745,103.793713],[10.953601008032942,103.7936772591105],[10.953590772727441,103.79364289172577],[10.953574151493969,103.79361121856716],[10.95355178307821,103.7935834568178],[10.953524527087033,103.79356067334662],[10.953493430954081,103.79354374370917],[10.953459689687312,103.7935333185005],[10.953424599945363,103.79352979835355],[10.95338951020757,103.79353331854311],[10.953355768952646,103.79354374378786],[10.95332467283742,103.79356067344945],[10.953297416867152,103.79358345692911],[10.953275048472303,103.79361121867001],[10.953258427256555,103.79364289180447],[10.9532481919629,103.79367725915309],[10.953244735927257,103.793713],[10.9532481919629,103.7937487408469],[10.953258427256555,103.79378310819553],[10.953275048472303,103.79381478132998],[10.953297416867152,103.79384254307088],[10.95332467283742,103.79386532655053],[10.953355768952646,103.79388225621213],[10.95338951020757,103.79389268145688],[10.953424599945363,103.79389620164645]]}]}]}