{"id":193,"ref":"Trạm thu phí","highways":[{"ways":[{"nodes":[[106.5912505,10.7688956]],"buffer_geometry":[[10.768895599946303,106.59143358847491],[10.768930689688219,106.59143007050214],[10.768964430954883,106.59141965173328],[10.768995527087682,106.59140273255376],[10.76902278307868,106.59137996315684],[10.76904515149426,106.59135221855718],[10.769061772727579,106.59132056496466],[10.769072008032978,106.59128621881045],[10.769075464072746,106.5912505],[10.769072008032978,106.59121478118956],[10.769061772727579,106.59118043503535],[10.76904515149426,106.59114878144284],[10.76902278307868,106.59112103684318],[10.768995527087682,106.59109826744626],[10.768964430954883,106.59108134826674],[10.768930689688219,106.59107092949787],[10.768895599946303,106.59106741152509],[10.768860510208478,106.59107092953971],[10.768826768953451,106.59108134834405],[10.76879567283807,106.59109826754724],[10.768768416867623,106.59112103695249],[10.768746048472593,106.59114878154384],[10.768729427256693,106.59118043511265],[10.768719191962935,106.59121478123139],[10.768715735927254,106.5912505],[10.768719191962935,106.59128621876862],[10.768729427256693,106.59132056488737],[10.768746048472593,106.59135221845618],[10.768768416867623,106.59137996304753],[10.76879567283807,106.59140273245276],[10.768826768953451,106.59141965165597],[10.768860510208478,106.59143007046029],[10.768895599946303,106.59143358847491]]}]}]}