{"id":7,"ref":"Trạm thu phí","highways":[{"ways":[{"nodes":[[104.1738928,20.4591355]],"buffer_geometry":[[20.459135499894675,104.17408477342508],[20.459170589638557,104.17408108475256],[20.459204330910815,104.1740701603977],[20.45923542705199,104.17405242017318],[20.459262683052867,104.1740285458231],[20.45928505147832,104.17399945482437],[20.459301672720017,104.17396626512873],[20.45931190803101,104.17393025220034],[20.459315364072747,104.17389280000002],[20.45931190803101,104.17385534779969],[20.459301672720017,104.1738193348713],[20.45928505147832,104.17378614517565],[20.459262683052867,104.17375705417692],[20.45923542705199,104.17373317982684],[20.459204330910815,104.17371543960232],[20.459170589638557,104.17370451524746],[20.459135499894675,104.17370082657494],[20.459100410158815,104.1737045153335],[20.459066668909383,104.1737154397613],[20.459035572802378,104.17373318003456],[20.459008316841807,104.17375705440175],[20.458985948456657,104.17378614538337],[20.45896932724913,104.17381933503027],[20.45895909196097,104.17385534788572],[20.458955635927254,104.17389280000002],[20.45895909196097,104.1739302521143],[20.45896932724913,104.17396626496975],[20.458985948456657,104.17399945461665],[20.459008316841807,104.17402854559828],[20.459035572802378,104.17405241996546],[20.459066668909383,104.17407016023873],[20.459100410158815,104.17408108466653],[20.459135499894675,104.17408477342508]]}]}]}