{"id":294,"ref":"Trạm thu phí","highways":[{"ways":[{"nodes":[[104.005635,10.1601833]],"buffer_geometry":[[10.160183299949406,104.00581772955869],[10.160218389691204,104.00581421848113],[10.160252130957533,104.00580382013561],[10.16028322708983,104.00578693412281],[10.160310483080233,104.00576420936147],[10.160332851495218,104.00573651915099],[10.160349472728035,104.00570492761106],[10.1603597080331,104.00567064878811],[10.160363164072747,104.005635],[10.1603597080331,104.00559935121188],[10.160349472728035,104.00556507238893],[10.160332851495218,104.00553348084901],[10.160310483080233,104.00550579063852],[10.16028322708983,104.00548306587719],[10.160252130957533,104.00546617986438],[10.160218389691204,104.00545578151886],[10.160183299949406,104.00545227044131],[10.160148210211464,104.0054557815582],[10.160114468956097,104.00546617993707],[10.160083372840218,104.00548306597216],[10.160056116869175,104.00550579074132],[10.160033748473552,104.00553348094398],[10.160017127257147,104.00556507246162],[10.160006891963056,104.00559935125122],[10.160003435927255,104.005635],[10.160006891963056,104.00567064874878],[10.160017127257147,104.00570492753837],[10.160033748473552,104.00573651905601],[10.160056116869175,104.00576420925867],[10.160083372840218,104.00578693402784],[10.160114468956097,104.00580382006292],[10.160148210211464,104.0058142184418],[10.160183299949406,104.00581772955869]]}]}]}