{"id":951,"ref":"Trạm thu phí","highways":[{"ways":[{"nodes":[[106.6640175,10.8140151]],"buffer_geometry":[[10.814015099946072,106.66420061595835],[10.814050189687999,106.66419709745757],[10.814083930954688,106.66418667712482],[10.814115027087526,106.66416975540562],[10.814142283078567,106.6641469825908],[10.814164651494188,106.66411923382637],[10.814181272727547,106.66408757548228],[10.814191508032971,106.66405322417229],[10.814194964072744,106.6640175],[10.814191508032971,106.66398177582771],[10.814181272727547,106.66394742451772],[10.814164651494188,106.66391576617363],[10.814142283078567,106.6638880174092],[10.814115027087526,106.66386524459439],[10.814083930954688,106.66384832287518],[10.814050189687999,106.66383790254243],[10.814015099946072,106.66383438404165],[10.813980010208256,106.66383790258445],[10.813946268953254,106.66384832295283],[10.81391517283791,106.66386524469581],[10.813887916867506,106.663888017519],[10.813865548472524,106.66391576627508],[10.81384892725666,106.66394742459536],[10.813838691962928,106.66398177586973],[10.813835235927256,106.6640175],[10.813838691962928,106.66405322413027],[10.81384892725666,106.66408757540464],[10.813865548472524,106.66411923372493],[10.813887916867506,106.664146982481],[10.81391517283791,106.66416975530419],[10.813946268953254,106.66418667704717],[10.813980010208256,106.66419709741555],[10.814015099946072,106.66420061595835]]}]}]}