{"id":571,"ref":"Trạm thu phí","highways":[{"ways":[{"nodes":[[106.6450859,22.4718468]],"buffer_geometry":[[22.47184679988323,106.64528054387699],[22.471881889627547,106.64527680389783],[22.471915630901044,106.64526572758345],[22.471946727044074,106.6452477405857],[22.471973983047146,106.64522353413172],[22.471996351474793,106.64519403846086],[22.472012972718343,106.64516038707629],[22.472023208030585,106.645123873185],[22.47202666407275,106.64508590000001],[22.472023208030585,106.64504792681501],[22.472012972718343,106.64501141292372],[22.471996351474793,106.64497776153915],[22.471973983047146,106.6449482658683],[22.471946727044074,106.64492405941431],[22.471915630901044,106.64490607241656],[22.471881889627547,106.64489499610218],[22.47184679988323,106.64489125612302],[22.471811710147804,106.6448949961989],[22.47177796889961,106.64490607259529],[22.47174687279447,106.64492405964782],[22.471719616836086,106.64494826612105],[22.471697248453125,106.64497776177267],[22.471680627247462,106.64501141310242],[22.47167039196054,106.64504792691173],[22.47166693592726,106.64508590000001],[22.47167039196054,106.64512387308828],[22.471680627247462,106.64516038689759],[22.471697248453125,106.64519403822736],[22.471719616836086,106.64522353387896],[22.47174687279447,106.64524774035219],[22.47177796889961,106.64526572740472],[22.471811710147804,106.64527680380112],[22.47184679988323,106.64528054387699]]}]}]}