{"id":886,"ref":"Trạm thu phí","highways":[{"ways":[{"nodes":[[106.6442439,10.4628794]],"buffer_geometry":[[10.462879399947866,106.64442680528143],[10.462914489689721,106.64442329082802],[10.462948230956219,106.64441288248338],[10.462979327088764,106.64439598023242],[10.463006583079464,106.64437323361783],[10.46302895149474,106.6443455167788],[10.46304557272781,106.64431389485839],[10.463055808033038,106.64427958307056],[10.463059264072745,106.6442439],[10.463055808033038,106.64420821692947],[10.46304557272781,106.64417390514163],[10.46302895149474,106.64414228322121],[10.463006583079464,106.64411456638219],[10.462979327088764,106.6440918197676],[10.462948230956219,106.64407491751665],[10.462914489689721,106.64406450917201],[10.462879399947866,106.6440609947186],[10.462844310209979,106.64406450921258],[10.462810568954781,106.64407491759161],[10.46277947283915,106.64409181986557],[10.462752216868402,106.64411456648823],[10.462729848473076,106.64414228331918],[10.462713227256922,106.6441739052166],[10.462702991962997,106.64420821697006],[10.462699535927255,106.6442439],[10.462702991962997,106.64427958302997],[10.462713227256922,106.64431389478341],[10.462729848473076,106.64434551668084],[10.462752216868402,106.64437323351179],[10.46277947283915,106.64439598013446],[10.462810568954781,106.6444128824084],[10.462844310209979,106.64442329078744],[10.462879399947866,106.64442680528143]]}]}]}