{"id":314,"ref":"Trạm thu phí","highways":[{"ways":[{"nodes":[[109.4204271,22.0178618]],"buffer_geometry":[[22.017861799885832,109.4206211140977],[22.017896889630055,109.42061738621834],[22.01793063090327,109.42060634574095],[22.01796172704588,109.42058841694038],[22.017988983048447,109.42056428880727],[22.01801135147559,109.42053488857124],[22.018027972718723,109.42050134606791],[22.018038208030678,109.42046495031992],[22.01804166407274,109.4204271],[22.018038208030678,109.42038924968007],[22.018027972718723,109.42035285393209],[22.01801135147559,109.42031931142874],[22.017988983048447,109.42028991119273],[22.01796172704588,109.42026578305962],[22.01793063090327,109.42024785425903],[22.017896889630055,109.42023681378164],[22.017861799885832,109.4202330859023],[22.01782671015031,109.4202368138759],[22.017792968901837,109.42024785443319],[22.017761872796264,109.42026578328716],[22.017734616837384,109.42028991143901],[22.01771224845393,109.4203193116563],[22.017695627247836,109.42035285410624],[22.017685391960637,109.42038924977433],[22.017681935927254,109.4204271],[22.017685391960637,109.42046495022566],[22.017695627247836,109.42050134589375],[22.01771224845393,109.4205348883437],[22.017734616837384,109.42056428856098],[22.017761872796264,109.42058841671282],[22.017792968901837,109.4206063455668],[22.01782671015031,109.42061738612408],[22.017861799885832,109.4206211140977]]}]}]}