{"id":563,"ref":"Trạm thu phí","highways":[{"ways":[{"nodes":[[102.4092077,23.7657573]],"buffer_geometry":[[23.765757299875684,102.40940422965322],[23.765792389620287,102.40940045344303],[23.76582613089461,102.40938926982018],[23.76585722703886,102.40937110856007],[23.765884483043372,102.40934666758633],[23.765906851472458,102.40931688615072],[23.765923472717237,102.4092829087383],[23.765933708030293,102.40924604108531],[23.765937164072742,102.4092077],[23.765933708030293,102.40916935891468],[23.765923472717237,102.40913249126169],[23.765906851472458,102.40909851384927],[23.765884483043372,102.40906873241366],[23.76585722703886,102.40904429143993],[23.76582613089461,102.40902613017981],[23.765792389620287,102.40901494655697],[23.765757299875684,102.40901117034677],[23.76572221014055,102.40901494666093],[23.76568846889317,102.4090261303719],[23.76565737278925,102.4090442916909],[23.765630116832313,102.40906873268533],[23.765607748450794,102.40909851410025],[23.76559112724635,102.40913249145378],[23.76558089196025,102.40916935901865],[23.765577435927252,102.4092077],[23.76558089196025,102.40924604098134],[23.76559112724635,102.4092829085462],[23.765607748450794,102.40931688589974],[23.765630116832313,102.40934666731467],[23.76565737278925,102.40937110830907],[23.76568846889317,102.4093892696281],[23.76572221014055,102.40940045333906],[23.765757299875684,102.40940422965322]]}]}]}