{"id":938,"ref":"Trạm thu phí","highways":[{"ways":[{"nodes":[[107.365848,10.8855681]],"buffer_geometry":[[10.885568099945708,107.36603115979298],[10.885603189687648,107.36602764045007],[10.885636930954377,107.36601721762301],[10.885668027087272,107.36600029185314],[10.885695283078384,107.36597751358694],[10.885717651494076,107.36594975817995],[10.885734272727493,107.36591809225735],[10.885744508032957,107.36588373272416],[10.885747964072745,107.36584800000001],[10.885744508032957,107.36581226727586],[10.885734272727493,107.36577790774267],[10.885717651494076,107.36574624182006],[10.885695283078384,107.36571848641307],[10.885668027087272,107.36569570814687],[10.885636930954377,107.365678782377],[10.885603189687648,107.36566835954994],[10.885568099945708,107.36566484020703],[10.885533010207904,107.36566835959226],[10.885499268952943,107.3656787824552],[10.88546817283766,107.36569570824904],[10.885440916867324,107.36571848652365],[10.88541854847241,107.36574624192222],[10.885401927256606,107.36577790782086],[10.885391691962914,107.36581226731818],[10.885388235927255,107.36584800000001],[10.885391691962914,107.36588373268185],[10.885401927256606,107.36591809217916],[10.88541854847241,107.36594975807779],[10.885440916867324,107.36597751347637],[10.88546817283766,107.36600029175098],[10.885499268952943,107.36601721754481],[10.885533010207904,107.36602764040775],[10.885568099945708,107.36603115979298]]}]}]}