{"id":636,"ref":"Trạm thu phí","highways":[{"ways":[{"nodes":[[107.1473464,10.8390588]],"buffer_geometry":[[10.839058799945946,107.14752953126569],[10.839093889687874,107.14752601247085],[10.839127630954579,107.14751559126707],[10.839158727087435,107.14749866813334],[10.839185983078501,107.14747589341486],[10.839208351494149,107.1474481423308],[10.839224972727527,107.14741648134024],[10.839235208032964,107.14738212715866],[10.839238664072743,107.1473464],[10.839235208032964,107.14731067284136],[10.839224972727527,107.14727631865976],[10.839208351494149,107.14724465766922],[10.839185983078501,107.14721690658516],[10.839158727087435,107.14719413186667],[10.839127630954579,107.14717720873296],[10.839093889687874,107.14716678752917],[10.839058799945946,107.14716326873432],[10.839023710208131,107.1471667875713],[10.838989968953143,107.14717720881079],[10.838958872837823,107.14719413196838],[10.838931616867443,107.14721690669522],[10.838909248472483,107.1472446577709],[10.83889262725664,107.1472763187376],[10.83888239196292,107.14731067288348],[10.838878935927255,107.1473464],[10.83888239196292,107.14738212711653],[10.83889262725664,107.14741648126241],[10.838909248472483,107.14744814222911],[10.838931616867443,107.14747589330479],[10.838958872837823,107.14749866803164],[10.838989968953143,107.14751559118922],[10.839023710208131,107.14752601242871],[10.839058799945946,107.14752953126569]]}]}]}