{"id":147,"ref":"Trạm thu phí","highways":[{"ways":[{"nodes":[[102.9952681,11.5618745]],"buffer_geometry":[[11.561874499942245,102.99545168931417],[11.561909589684316,102.99544816171954],[11.56194333095142,102.99543771445144],[11.561974427084877,102.99542074899034],[11.562001683076653,102.99539791730795],[11.562024051493006,102.99537009681252],[11.562040672726985,102.99533835663058],[11.562050908032825,102.99530391652098],[11.562054364072745,102.9952681],[11.562050908032825,102.99523228347903],[11.562040672726985,102.99519784336944],[11.562024051493006,102.9951661031875],[11.562001683076653,102.99513828269205],[11.561974427084877,102.99511545100968],[11.56194333095142,102.99509848554858],[11.561909589684316,102.99508803828049],[11.561874499942245,102.99508451068584],[11.561839410204573,102.99508803832559],[11.561805668949985,102.99509848563194],[11.561774572835265,102.99511545111861],[11.561747316865594,102.99513828280996],[11.56172494847134,102.99516610329643],[11.561708327256099,102.9951978434528],[11.561698091962782,102.99523228352415],[11.561694635927255,102.9952681],[11.561698091962782,102.99530391647588],[11.561708327256099,102.99533835654721],[11.56172494847134,102.99537009670358],[11.561747316865594,102.99539791719005],[11.561774572835265,102.99542074888141],[11.561805668949985,102.99543771436807],[11.561839410204573,102.99544816167442],[11.561874499942245,102.99545168931417]]}]}]}