{"id":186,"ref":"Trạm thu phí","highways":[{"ways":[{"nodes":[[109.7463319,21.8311902]],"buffer_geometry":[[21.831190199886905,109.74652565984543],[21.831225289631085,109.74652193685097],[21.83125903090419,109.74651091084158],[21.831290127046625,109.74649300553612],[21.831317383048983,109.74646890902247],[21.831339751475927,109.74643954731505],[21.831356372718883,109.74640604876886],[21.831366608030724,109.74636970071728],[21.83137006407275,109.7463319],[21.831366608030724,109.74629409928274],[21.831356372718883,109.74625775123116],[21.831339751475927,109.74622425268497],[21.831317383048983,109.74619489097755],[21.831290127046625,109.74617079446388],[21.83125903090419,109.74615288915844],[21.831225289631085,109.74614186314905],[21.831190199886905,109.74613814015459],[21.831155110151343,109.7461418632423],[21.83112136890275,109.74615288933074],[21.831090272797006,109.74617079468901],[21.831063016837923,109.74619489122121],[21.831040648454263,109.74622425291008],[21.831024027247995,109.74625775140345],[21.83101379196068,109.74629409937599],[21.831010335927257,109.7463319],[21.83101379196068,109.74636970062402],[21.831024027247995,109.74640604859657],[21.831040648454263,109.74643954708993],[21.831063016837923,109.74646890877881],[21.831090272797006,109.74649300531101],[21.83112136890275,109.74651091066927],[21.831155110151343,109.74652193675772],[21.831190199886905,109.74652565984543]]}]}]}