{"id":708,"ref":"Trạm thu phí","highways":[{"ways":[{"nodes":[[106.8074201,10.7915328]],"buffer_geometry":[[10.79153279994619,106.8076032022486],[10.791567889688109,106.80759968401121],[10.791601630954785,106.80758926445857],[10.791632727087604,106.80757234400626],[10.791659983078624,106.80754957289642],[10.791682351494224,106.80752182620954],[10.791698972727561,106.80749017023571],[10.791709208032975,106.80745582149761],[10.791712664072746,106.80742010000002],[10.791709208032975,106.8073843785024],[10.791698972727561,106.80735002976431],[10.791682351494224,106.80731837379048],[10.791659983078624,106.8072906271036],[10.791632727087604,106.80726785599376],[10.791601630954785,106.80725093554145],[10.791567889688109,106.80724051598881],[10.79153279994619,106.80723699775143],[10.791497710208368,106.80724051603075],[10.791463968953353,106.80725093561891],[10.791432872837992,106.80726785609497],[10.791405616867564,106.80729062721316],[10.791383248472558,106.80731837389172],[10.791366627256677,106.80735002984179],[10.791356391962932,106.80738437854434],[10.791352935927256,106.80742010000002],[10.791356391962932,106.80745582145569],[10.791366627256677,106.80749017015823],[10.791383248472558,106.80752182610831],[10.791405616867564,106.80754957278685],[10.791432872837992,106.80757234390505],[10.791463968953353,106.80758926438111],[10.791497710208368,106.80759968396927],[10.79153279994619,106.8076032022486]]}]}]}