{"id":958,"ref":"Trạm thu phí","highways":[{"ways":[{"nodes":[[106.7578522,10.8190271]],"buffer_geometry":[[10.819027099946048,106.75803531901882],[10.819062189687974,106.75803180045924],[10.819095930954669,106.75802137995232],[10.819127027087509,106.75800445795032],[10.819154283078554,106.7579816847549],[10.81917665149418,106.7579539355267],[10.819193272727544,106.75792227665349],[10.819203508032968,106.75788792476936],[10.819206964072745,106.7578522],[10.819203508032968,106.75781647523064],[10.819193272727544,106.75778212334652],[10.81917665149418,106.7577504644733],[10.819154283078554,106.75772271524511],[10.819127027087509,106.75769994204968],[10.819095930954669,106.75768302004766],[10.819062189687974,106.75767259954077],[10.819027099946048,106.75766908098119],[10.818992010208232,106.7576725995828],[10.818958268953233,106.75768302012536],[10.818927172837896,106.75769994215118],[10.818899916867494,106.75772271535496],[10.818877548472516,106.7577504645748],[10.818860927256656,106.75778212342419],[10.818850691962925,106.75781647527266],[10.818847235927256,106.7578522],[10.818850691962925,106.75788792472733],[10.818860927256656,106.75792227657581],[10.818877548472516,106.7579539354252],[10.818899916867494,106.75798168464503],[10.818927172837896,106.75800445784883],[10.818958268953233,106.75802137987465],[10.818992010208232,106.7580318004172],[10.819027099946048,106.75803531901882]]}]}]}