{"id":288,"ref":"Trạm thu phí","highways":[{"ways":[{"nodes":[[106.515639,23.1762674]],"buffer_geometry":[[23.176267399879137,106.51583465362643],[23.17630248962361,106.51583089424716],[23.176336230897554,106.51581976047387],[23.17636732704125,106.51580168016636],[23.1763945830451,106.51577734813748],[23.176416951473527,106.51574769945229],[23.176433572717745,106.51571387349428],[23.176443808030424,106.51567717017929],[23.176447264072745,106.515639],[23.176443808030424,106.51560082982071],[23.176433572717745,106.51556412650572],[23.176416951473527,106.51553030054771],[23.1763945830451,106.51550065186251],[23.17636732704125,106.51547631983362],[23.176336230897554,106.51545823952611],[23.17630248962361,106.51544710575284],[23.176267399879137,106.51544334637357],[23.17623231014387,106.51544710585345],[23.17619856889612,106.51545823971205],[23.176167472791636,106.51547632007654],[23.176140216834035,106.51550065212545],[23.17611784845186,106.51553030079064],[23.176101227246853,106.51556412669166],[23.176090991960383,106.51560082992133],[23.176087535927255,106.515639],[23.176090991960383,106.51567717007867],[23.176101227246853,106.51571387330834],[23.17611784845186,106.51574769920936],[23.176140216834035,106.51577734787453],[23.176167472791636,106.51580167992344],[23.17619856889612,106.51581976028794],[23.17623231014387,106.51583089414655],[23.176267399879137,106.51583465362643]]}]}]}