{"id":312,"ref":"Trạm thu phí","highways":[{"ways":[{"nodes":[[109.4811362,22.1912396]],"buffer_geometry":[[22.191239599884838,109.48133045269104],[22.191274689629097,109.48132672022764],[22.191308430902424,109.48131566617334],[22.19133952704519,109.48129771532462],[22.19136678304795,109.48127355751947],[22.19138915147529,109.48124412112774],[22.19140577271858,109.4812105373745],[22.191416008030643,109.48117409686765],[22.191419464072748,109.4811362],[22.191416008030643,109.48109830313234],[22.19140577271858,109.4810618626255],[22.19138915147529,109.48102827887224],[22.19136678304795,109.48099884248052],[22.19133952704519,109.48097468467536],[22.191308430902424,109.48095673382664],[22.191274689629097,109.48094567977233],[22.191239599884838,109.48094194730893],[22.19120451014936,109.48094567986753],[22.19117076890099,109.48095673400255],[22.191139672795583,109.48097468490518],[22.19111241683689,109.48099884272926],[22.191090048453624,109.48102827910206],[22.191073427247694,109.48106186280138],[22.191063191960602,109.48109830322754],[22.191059735927254,109.4811362],[22.191063191960602,109.48117409677245],[22.191073427247694,109.4812105371986],[22.191090048453624,109.48124412089793],[22.19111241683689,109.48127355727073],[22.191139672795583,109.48129771509481],[22.19117076890099,109.48131566599744],[22.19120451014936,109.48132672013246],[22.191239599884838,109.48133045269104]]}]}]}