{"id":513,"ref":"Trạm thu phí","highways":[{"ways":[{"nodes":[[102.8761607,23.5871433]],"buffer_geometry":[[23.587143299876736,102.87635696119695],[23.5871783896213,102.87635319014456],[23.58721213089551,102.876342021798],[23.58724322703959,102.8763238853456],[23.587270483043902,102.87629947775775],[23.58729285147279,102.87626973700318],[23.587309472717397,102.87623580600359],[23.587319708030332,102.87619898871158],[23.58732316407275,102.8761607],[23.587319708030332,102.87612241128842],[23.587309472717397,102.87608559399641],[23.58729285147279,102.87605166299683],[23.587270483043902,102.87602192224226],[23.58724322703959,102.8759975146544],[23.58721213089551,102.87597937820202],[23.5871783896213,102.87596820985546],[23.587143299876736,102.87596443880305],[23.587108210141558,102.8759682099584],[23.587074468894073,102.87597937839222],[23.587043372789974,102.87599751490293],[23.58701611683284,102.87602192251127],[23.58699374845112,102.87605166324535],[23.586977127246506,102.87608559418662],[23.586966891960287,102.87612241139136],[23.586963435927256,102.8761607],[23.586966891960287,102.87619898860865],[23.586977127246506,102.87623580581338],[23.58699374845112,102.87626973675467],[23.58701611683284,102.87629947748874],[23.587043372789974,102.87632388509708],[23.587074468894073,102.87634202160778],[23.587108210141558,102.87635319004161],[23.587143299876736,102.87635696119695]]}]}]}