{"id":11,"ref":"Trạm thu phí","highways":[{"ways":[{"nodes":[[106.6154699,10.6953859]],"buffer_geometry":[[10.695385899946679,106.61565294395902],[10.69542098968858,106.61564942684143],[10.695454730955204,106.61563901060565],[10.695485827087943,106.61562209553976],[10.695513083078868,106.61559933167894],[10.695535451494374,106.6155715938251],[10.695552072727633,106.61553994792888],[10.695562308032994,106.61550561012568],[10.695565764072743,106.6154699],[10.695562308032994,106.61543418987432],[10.695552072727633,106.61539985207112],[10.695535451494374,106.6153682061749],[10.695513083078868,106.61534046832107],[10.695485827087943,106.61531770446024],[10.695454730955204,106.61530078939434],[10.69542098968858,106.61529037315856],[10.695385899946679,106.61528685604098],[10.69535081020884,106.61529037320008],[10.69531706895377,106.61530078947109],[10.69528597283833,106.6153177045605],[10.695258716867809,106.61534046842958],[10.69523634847271,106.61536820627516],[10.695219727256747,106.61539985214786],[10.695209491962949,106.61543418991585],[10.695206035927255,106.6154699],[10.695209491962949,106.61550561008414],[10.695219727256747,106.61553994785214],[10.69523634847271,106.61557159372484],[10.695258716867809,106.61559933157042],[10.69528597283833,106.6156220954395],[10.69531706895377,106.61563901052891],[10.69535081020884,106.6156494267999],[10.695385899946679,106.61565294395902]]}]}]}