{"id":896,"ref":"Trạm thu phí","highways":[{"ways":[{"nodes":[[105.1758708,9.1751426]],"buffer_geometry":[[9.175142599954398,105.17605299516227],[9.175177689696007,105.17604949435099],[9.175211430961793,105.17603912641401],[9.175242527093282,105.1760222897836],[9.17526978308273,105.17599963148093],[9.175292151496757,105.17597202225143],[9.175308772728766,105.17594052310271],[9.175319008033284,105.17590634453055],[9.175322464072744,105.1758708],[9.175319008033284,105.17583525546945],[9.175308772728766,105.17580107689729],[9.175292151496757,105.17576957774857],[9.17526978308273,105.17574196851906],[9.175242527093282,105.1757193102164],[9.175211430961793,105.17570247358599],[9.175177689696007,105.175692105649],[9.175142599954398,105.17568860483773],[9.175107510216263,105.17569210568436],[9.175073768960361,105.17570247365131],[9.175042672843666,105.17571931030173],[9.17501541687167,105.17574196861145],[9.174993048475093,105.17576957783392],[9.174976427257878,105.1758010769626],[9.174966191963243,105.1758352555048],[9.174962735927254,105.1758708],[9.174966191963243,105.17590634449519],[9.174976427257878,105.1759405230374],[9.174993048475093,105.17597202216608],[9.17501541687167,105.17599963138854],[9.175042672843666,105.17602228969825],[9.175073768960361,105.17603912634867],[9.175107510216263,105.17604949431563],[9.175142599954398,105.17605299516227]]}]}]}