{"id":697,"ref":"Trạm thu phí","highways":[{"ways":[{"nodes":[[106.7448961,10.9779259]],"buffer_geometry":[[10.977925899945236,106.74507931682658],[10.977960989687194,106.74507579638798],[10.977994730953974,106.74506537031553],[10.978025827086945,106.7450484392753],[10.978053083078148,106.74502565391629],[10.978075451493929,106.74499788986658],[10.978092072727422,106.7449662140835],[10.978102308032938,106.74493184385105],[10.978105764072744,106.7448961],[10.978102308032938,106.74486035614896],[10.978092072727422,106.7448259859165],[10.978075451493929,106.74479431013343],[10.978053083078148,106.74476654608372],[10.978025827086945,106.74474376072472],[10.977994730953974,106.74472682968448],[10.977960989687194,106.74471640361203],[10.977925899945236,106.74471288317343],[10.97789081020745,106.74471640365472],[10.977857068952538,106.74472682976337],[10.977825972837334,106.74474376082779],[10.977798716867088,106.7447665461953],[10.977776348472263,106.74479431023651],[10.977759727256538,106.74482598599539],[10.977749491962896,106.74486035619167],[10.977746035927256,106.7448961],[10.977749491962896,106.74493184380836],[10.977759727256538,106.74496621400462],[10.977776348472263,106.7449978897635],[10.977798716867088,106.74502565380472],[10.977825972837334,106.74504843917222],[10.977857068952538,106.74506537023665],[10.97789081020745,106.74507579634529],[10.977925899945236,106.74507931682658]]}]}]}