{"id":812,"ref":"Trạm thu phí","highways":[{"ways":[{"nodes":[[108.0081077,13.8743617]],"buffer_geometry":[[13.874361699930269,108.00829296951846],[13.874396789672794,108.00828940964409],[13.874430530941197,108.0082788667669],[13.874461627076599,108.00826174604104],[13.874488883070665,108.00823870540468],[13.874511251489308,108.00821063029589],[13.874527872725231,108.00817859962602],[13.874538108032368,108.0081438443175],[13.874541564072743,108.0081077],[13.874538108032368,108.00807155568249],[13.874527872725231,108.00803680037396],[13.874511251489308,108.00800476970409],[13.874488883070665,108.0079766945953],[13.874461627076599,108.00795365395895],[13.874430530941197,108.00793653323309],[13.874396789672794,108.00792599035589],[13.874361699930269,108.00792243048153],[13.874326610193053,108.00792599041085],[13.874292868939763,108.00793653333467],[13.874261772826985,108.00795365409166],[13.874234516859604,108.00797669473896],[13.874212148467645,108.0080047698368],[13.874195527254345,108.00803680047555],[13.874185291962327,108.00807155573746],[13.874181835927255,108.0081077],[13.874185291962327,108.00814384426252],[13.874195527254345,108.00817859952444],[13.874212148467645,108.00821063016318],[13.874234516859604,108.00823870526102],[13.874261772826985,108.00826174590831],[13.874292868939763,108.00827886666531],[13.874326610193053,108.00828940958912],[13.874361699930269,108.00829296951846]]}]}]}