{"id":572,"ref":"Trạm thu phí","highways":[{"ways":[{"nodes":[[106.3669326,23.0112907]],"buffer_geometry":[[23.011290699880096,106.3671280135515],[23.011325789624536,106.36712425878476],[23.01135953089838,106.36711313867272],[23.011390627041912,106.36709508055026],[23.011417883045578,106.36707077837767],[23.011440251473818,106.3670411660727],[23.011456872717883,106.36700738162074],[23.01146710803046,106.36697072334255],[23.01147056407274,106.3669326],[23.01146710803046,106.36689447665746],[23.011456872717883,106.36685781837927],[23.011440251473818,106.36682403392732],[23.011417883045578,106.36679442162233],[23.011390627041912,106.36677011944975],[23.01135953089838,106.36675206132729],[23.011325789624536,106.36674094121526],[23.011290699880096,106.36673718644852],[23.011255610144794,106.36674094131496],[23.01122186889694,106.36675206151152],[23.011190772792297,106.36677011969046],[23.011163516834518,106.36679442188287],[23.011141148452158,106.36682403416802],[23.011124527247,106.3668578185635],[23.011114291960418,106.36689447675717],[23.011110835927255,106.3669326],[23.011114291960418,106.36697072324284],[23.011124527247,106.36700738143651],[23.011141148452158,106.36704116583199],[23.011163516834518,106.36707077811714],[23.011190772792297,106.36709508030955],[23.01122186889694,106.36711313848849],[23.011255610144794,106.36712425868505],[23.011290699880096,106.3671280135515]]}]}]}