{"id":756,"ref":"Trạm thu phí","highways":[{"ways":[{"nodes":[[102.8462751,23.8372951]],"buffer_geometry":[[23.83729509987526,102.8464717379168],[23.837330189619884,102.84646795962655],[23.83736393089424,102.84645676984307],[23.83739502703857,102.84643859857843],[23.83742228304316,102.84641414414078],[23.837444651472328,102.84638434629925],[23.837461272717174,102.84635035016936],[23.837471508030276,102.8463134622067],[23.837474964072744,102.8462751],[23.837471508030276,102.8462367377933],[23.837461272717174,102.84619984983064],[23.837444651472328,102.84616585370077],[23.83742228304316,102.84613605585923],[23.83739502703857,102.84611160142157],[23.83736393089424,102.84609343015693],[23.837330189619884,102.84608224037345],[23.83729509987526,102.8460784620832],[23.83726001014014,102.84608224047783],[23.83722626889281,102.84609343034978],[23.837195172788952,102.84611160167356],[23.837167916832097,102.84613605613195],[23.83714554845066,102.84616585395274],[23.837128927246287,102.8461998500235],[23.837118691960228,102.84623673789768],[23.83711523592725,102.8462751],[23.837118691960228,102.84631346210232],[23.837128927246287,102.84635034997652],[23.83714554845066,102.84638434604727],[23.837167916832097,102.84641414386805],[23.837195172788952,102.84643859832646],[23.83722626889281,102.84645676965022],[23.83726001014014,102.84646795952219],[23.83729509987526,102.8464717379168]]}]}]}