{"id":793,"ref":"Trạm thu phí","highways":[{"ways":[{"nodes":[[105.3981318,20.9652305]],"buffer_geometry":[[20.965230499891824,105.39832441566769],[20.965265589635813,105.39832071465598],[20.965299330908383,105.39830975375493],[20.96533042705002,105.39829195418156],[20.965357683051444,105.39826799996062],[20.965380051477442,105.39823881163841],[20.965396672719603,105.39820551090676],[20.96540690803091,105.39816937749697],[20.965410364072742,105.3981318],[20.96540690803091,105.39809422250303],[20.965396672719603,105.39805808909325],[20.965380051477442,105.3980247883616],[20.965357683051444,105.39799560003938],[20.96533042705002,105.39797164581844],[20.965299330908383,105.39795384624507],[20.965265589635813,105.39794288534404],[20.965230499891824,105.39793918433232],[20.965195410156078,105.3979428854327],[20.96516166890695,105.3979538464089],[20.96513057280041,105.3979716460325],[20.96510331684038,105.39799560027106],[20.96508094845578,105.39802478857565],[20.965064327248715,105.39805808925708],[20.965054091960862,105.39809422259171],[20.965050635927255,105.3981318],[20.965054091960862,105.39816937740831],[20.965064327248715,105.39820551074294],[20.96508094845578,105.39823881142436],[20.96510331684038,105.39826799972894],[20.96513057280041,105.39829195396752],[20.96516166890695,105.3983097535911],[20.965195410156078,105.39832071456732],[20.965230499891824,105.39832441566769]]}]}]}