{"id":371,"ref":"Trạm thu phí","highways":[{"ways":[{"nodes":[[109.9148486,23.9423899]],"buffer_geometry":[[23.94238989987464,109.91504539773806],[23.942424989619287,109.9150416163772],[23.942458730893716,109.91503041749921],[23.94248982703814,109.91501223146567],[23.94251708304285,109.91498775715226],[23.94253945147214,109.9149579350919],[23.942556072717082,109.91492391133087],[23.94256630803025,109.91488699338657],[23.942569764072744,109.9148486],[23.94256630803025,109.91481020661344],[23.942556072717082,109.91477328866914],[23.94253945147214,109.9147392649081],[23.94251708304285,109.91470944284775],[23.94248982703814,109.91468496853433],[23.942458730893716,109.9146667825008],[23.942424989619287,109.91465558362282],[23.94238989987464,109.91465180226196],[23.94235481013955,109.91465558372781],[23.942321068892284,109.91466678269477],[23.94228997278853,109.91468496878777],[23.942262716831788,109.91470944312206],[23.942240348450472,109.91473926516154],[23.942223727246194,109.91477328886312],[23.94221349196021,109.9148102067184],[23.94221003592725,109.9148486],[23.94221349196021,109.91488699328161],[23.942223727246194,109.9149239111369],[23.942240348450472,109.91495793483847],[23.942262716831788,109.91498775687793],[23.94228997278853,109.91501223121224],[23.942321068892284,109.91503041730525],[23.94235481013955,109.9150416162722],[23.94238989987464,109.91504539773806]]}]}]}