{"id":517,"ref":"Trạm thu phí","highways":[{"ways":[{"nodes":[[102.2396802,23.4236977]],"buffer_geometry":[[23.423697699877692,102.23987621784755],[23.42373278962222,102.23987245147059],[23.42376653089632,102.23986129697163],[23.42379762704025,102.23984318300685],[23.423824883044375,102.23981880568253],[23.42384725147308,102.23978910180439],[23.42386387271753,102.23975521287696],[23.42387410803037,102.23971844123601],[23.423877564072743,102.2396802],[23.42387410803037,102.23964195876398],[23.42386387271753,102.23960518712303],[23.42384725147308,102.2395712981956],[23.423824883044375,102.23954159431744],[23.42379762704025,102.23951721699312],[23.42376653089632,102.23949910302836],[23.42373278962222,102.23948794852939],[23.423697699877692,102.23948418215242],[23.42366261014248,102.2394879486314],[23.423628868894887,102.23949910321687],[23.423597772790636,102.23951721723941],[23.423570516833315,102.23954159458404],[23.423548148451417,102.23957129844189],[23.423531527246645,102.23960518731154],[23.423521291960327,102.239641958866],[23.423517835927257,102.2396802],[23.423521291960327,102.23971844113399],[23.423531527246645,102.23975521268845],[23.423548148451417,102.23978910155809],[23.423570516833315,102.23981880541594],[23.423597772790636,102.23984318276057],[23.423628868894887,102.23986129678312],[23.42366261014248,102.23987245136857],[23.423697699877692,102.23987621784755]]}]}]}