{"id":589,"ref":"Trạm thu phí","highways":[{"ways":[{"nodes":[[108.1348872,13.6629206]],"buffer_geometry":[[13.662920599931372,108.1350723020559],[13.662955689673856,108.13506874539883],[13.662989430942138,108.13505821205081],[13.663020527077359,108.1350411067999],[13.663047783071214,108.13501808698956],[13.663070151489649,108.13499003725758],[13.663086772725393,108.13495803554002],[13.66309700803241,108.13492331164672],[13.663100464072743,108.1348872],[13.66309700803241,108.13485108835327],[13.663086772725393,108.13481636445997],[13.663070151489649,108.13478436274242],[13.663047783071214,108.13475631301044],[13.663020527077359,108.1347332932001],[13.662989430942138,108.1347161879492],[13.662955689673856,108.13470565460118],[13.662920599931372,108.1347020979441],[13.662885510194114,108.13470565465524],[13.662851768940705,108.13471618804907],[13.662820672827747,108.1347332933306],[13.662793416860156,108.13475631315168],[13.662771048467985,108.13478436287292],[13.662754427254505,108.13481636455985],[13.662744191962368,108.13485108840733],[13.662740735927255,108.1348872],[13.662744191962368,108.13492331159266],[13.662754427254505,108.13495803544015],[13.662771048467985,108.13499003712708],[13.662793416860156,108.13501808684832],[13.662820672827747,108.1350411066694],[13.662851768940705,108.13505821195092],[13.662885510194114,108.13506874534477],[13.662920599931372,108.1350723020559]]}]}]}