{"id":848,"ref":"Trạm thu phí","highways":[{"ways":[{"nodes":[[106.804478,22.4697677]],"buffer_geometry":[[22.46976769988323,106.80467264095562],[22.46980278962755,106.80466890103258],[22.46983653090105,106.80465782488443],[22.469867627044078,106.80463983815665],[22.469894883047147,106.80461563206597],[22.46991725147479,106.80458613683781],[22.46993387271834,106.80455248595833],[22.46994410803058,106.80451597261508],[22.469947564072744,106.804478],[22.46994410803058,106.80444002738494],[22.46993387271834,106.80440351404168],[22.46991725147479,106.80436986316221],[22.469894883047147,106.80434036793405],[22.469867627044078,106.80431616184337],[22.46983653090105,106.80429817511559],[22.46980278962755,106.80428709896742],[22.46976769988323,106.80428335904439],[22.469732610147812,106.80428709906414],[22.469698868899616,106.80429817529428],[22.469667772794466,106.80431616207684],[22.469640516836083,106.80434036818676],[22.469618148453122,106.80436986339569],[22.469601527247452,106.80440351422038],[22.469591291960533,106.80444002748166],[22.469587835927253,106.804478],[22.469591291960533,106.80451597251836],[22.469601527247452,106.80455248577964],[22.469618148453122,106.80458613660433],[22.469640516836083,106.80461563181326],[22.469667772794466,106.80463983792316],[22.469698868899616,106.80465782470573],[22.469732610147812,106.80466890093588],[22.46976769988323,106.80467264095562]]}]}]}