{"id":722,"ref":"Trạm thu phí","highways":[{"ways":[{"nodes":[[107.6500551,23.7195753]],"buffer_geometry":[[23.719575299875956,107.65025155998842],[23.719610389620552,107.65024778511668],[23.71964413089484,107.65023660545806],[23.719675227039048,107.65021845063558],[23.719702483043505,107.65019401832554],[23.719724851472545,107.65016424744671],[23.719741472717274,107.65013028207849],[23.719751708030305,107.65009342749426],[23.719755164072744,107.6500551],[23.719751708030305,107.65001677250577],[23.719741472717274,107.64997991792151],[23.719724851472545,107.6499459525533],[23.719702483043505,107.64991618167448],[23.719675227039048,107.64989174936444],[23.71964413089484,107.64987359454196],[23.719610389620552,107.64986241488334],[23.719575299875956,107.6498586400116],[23.71954021014081,107.64986241498704],[23.719506468893403,107.64987359473356],[23.71947537278944,107.6498917496148],[23.71944811683245,107.64991618194546],[23.71942574845088,107.64994595280365],[23.719409127246394,107.64997991811313],[23.71939889196026,107.65001677260946],[23.719395435927254,107.6500551],[23.71939889196026,107.65009342739056],[23.719409127246394,107.65013028188689],[23.71942574845088,107.65016424719637],[23.71944811683245,107.65019401805456],[23.71947537278944,107.65021845038522],[23.719506468893403,107.65023660526646],[23.71954021014081,107.65024778501298],[23.719575299875956,107.65025155998842]]}]}]}