{"id":698,"ref":"Trạm thu phí","highways":[{"ways":[{"nodes":[[106.7448845,10.9778362]],"buffer_geometry":[[10.977836199945235,106.74506771677093],[10.977871289687194,106.7450641963334],[10.977905030953975,106.74505377026412],[10.977936127086949,106.74503683922903],[10.97796338307815,106.74501405387693],[10.977985751493927,106.74498628983567],[10.978002372727424,106.74495461406221],[10.978012608032941,106.7449202438402],[10.978016064072746,106.7448845],[10.978012608032941,106.74484875615981],[10.978002372727424,106.7448143859378],[10.977985751493927,106.74478271016434],[10.97796338307815,106.74475494612307],[10.977936127086949,106.74473216077097],[10.977905030953975,106.74471522973589],[10.977871289687194,106.74470480366661],[10.977836199945235,106.74470128322908],[10.977801110207452,106.7447048037093],[10.977767368952538,106.74471522981477],[10.977736272837332,106.74473216087404],[10.977709016867088,106.74475494623464],[10.977686648472266,106.74478271026742],[10.977670027256536,106.74481438601669],[10.977659791962894,106.74484875620252],[10.977656335927255,106.7448845],[10.977659791962894,106.7449202437975],[10.977670027256536,106.74495461398332],[10.977686648472266,106.7449862897326],[10.977709016867088,106.74501405376537],[10.977736272837332,106.74503683912596],[10.977767368952538,106.74505377018522],[10.977801110207452,106.7450641962907],[10.977836199945235,106.74506771677093]]}]}]}