{"id":952,"ref":"Trạm thu phí","highways":[{"ways":[{"nodes":[[106.6657543,10.8158389]],"buffer_geometry":[[10.815838899946064,106.66593741707185],[10.815873989687988,106.66593389854967],[10.81590773095468,106.66592347815356],[10.815938827087518,106.66590655633146],[10.81596608307856,106.66588378337816],[10.815988451494182,106.66585603444501],[10.816005072727544,106.6658243759084],[10.816015308032968,106.66579002438952],[10.816018764072744,106.6657543],[10.816015308032968,106.66571857561048],[10.816005072727544,106.6656842240916],[10.815988451494182,106.665652565555],[10.81596608307856,106.66562481662184],[10.815938827087518,106.66560204366854],[10.81590773095468,106.66558512184646],[10.815873989687988,106.66557470145034],[10.815838899946064,106.66557118292816],[10.815803810208248,106.66557470149236],[10.815770068953245,106.66558512192411],[10.815738972837904,106.66560204377001],[10.8157117168675,106.66562481673166],[10.81568934847252,106.66565256565646],[10.815672727256656,106.66568422416925],[10.815662491962927,106.6657185756525],[10.815659035927252,106.6657543],[10.815662491962927,106.6657900243475],[10.815672727256656,106.66582437583075],[10.81568934847252,106.66585603434355],[10.8157117168675,106.66588378326834],[10.815738972837904,106.66590655623],[10.815770068953245,106.6659234780759],[10.815803810208248,106.66593389850765],[10.815838899946064,106.66593741707185]]}]}]}