{"id":942,"ref":"Trạm thu phí","highways":[{"ways":[{"nodes":[[109.2503717,23.8299077]],"buffer_geometry":[[23.829907699875307,109.25056832671717],[23.829942789619924,109.2505645486421],[23.82997653089428,109.25055335949592],[23.8300076270386,109.25053518926623],[23.830034883043183,109.25051073622139],[23.830057251472343,109.25048094007701],[23.830073872717183,109.25044694588341],[23.83008410803028,109.25041006002174],[23.830087564072745,109.2503717],[23.83008410803028,109.25033333997825],[23.830073872717183,109.2502964541166],[23.830057251472343,109.25026245992298],[23.830034883043183,109.25023266377862],[23.8300076270386,109.25020821073376],[23.82997653089428,109.25019004050407],[23.829942789619924,109.2501788513579],[23.829907699875307,109.25017507328283],[23.829872610140182,109.25017885146222],[23.82983886889285,109.25019004069685],[23.829807772788985,109.25020821098563],[23.829780516832123,109.25023266405124],[23.82975814845068,109.25026246017485],[23.829741527246295,109.25029645430936],[23.829731291960233,109.25033334008259],[23.829727835927255,109.2503717],[23.829731291960233,109.2504100599174],[23.829741527246295,109.25044694569064],[23.82975814845068,109.25048093982514],[23.829780516832123,109.25051073594875],[23.829807772788985,109.25053518901436],[23.82983886889285,109.25055335930315],[23.829872610140182,109.25056454853778],[23.829907699875307,109.25056832671717]]}]}]}