{"id":877,"ref":"Trạm thu phí","highways":[{"ways":[{"nodes":[[106.9119216,10.8796752]],"buffer_geometry":[[10.879675199945737,106.91210475617129],[10.879710289687676,106.91210123689797],[10.8797440309544,106.91209081427698],[10.879775127087294,106.91207388884179],[10.879802383078397,106.912051111026],[10.879824751494082,106.91202335616781],[10.879841372727496,106.91199169087136],[10.879851608032956,106.9119573320176],[10.879855064072743,106.9119216],[10.879851608032956,106.91188586798242],[10.879841372727496,106.91185150912865],[10.879824751494082,106.91181984383219],[10.879802383078397,106.91179208897401],[10.879775127087294,106.91176931115822],[10.8797440309544,106.91175238572302],[10.879710289687676,106.91174196310203],[10.879675199945737,106.91173844382871],[10.879640110207934,106.91174196314434],[10.879606368952967,106.91175238580117],[10.879575272837679,106.91176931126031],[10.879548016867338,106.91179208908453],[10.879525648472418,106.9118198439343],[10.87950902725661,106.91185150920678],[10.879498791962915,106.91188586802471],[10.879495335927254,106.9119216],[10.879498791962915,106.9119573319753],[10.87950902725661,106.91199169079322],[10.879525648472418,106.91202335606572],[10.879548016867338,106.91205111091548],[10.879575272837679,106.9120738887397],[10.879606368952967,106.91209081419885],[10.879640110207934,106.91210123685566],[10.879675199945737,106.91210475617129]]}]}]}