{"id":178,"ref":"Trạm thu phí","highways":[{"ways":[{"nodes":[[107.916718,22.5707291]],"buffer_geometry":[[22.57072909988265,107.916912783216],[22.57076418962699,107.91690904055976],[22.570797930900554,107.9168979563164],[22.57082902704368,107.9168799564425],[22.570856283046854,107.91685573265998],[22.57087865147461,107.91682621587412],[22.570895272718257,107.91679254039954],[22.57090550803056,107.91675600036898],[22.570908964072746,107.916718],[22.57090550803056,107.91667999963104],[22.570895272718257,107.91664345960046],[22.57087865147461,107.9166097841259],[22.570856283046854,107.91658026734002],[22.57082902704368,107.9165560435575],[22.570797930900554,107.9165380436836],[22.57076418962699,107.91652695944025],[22.57072909988265,107.916523216784],[22.57069401014725,107.9165269595375],[22.57066026889912,107.91653804386331],[22.570629172794064,107.91655604379233],[22.570601916835795,107.91658026759418],[22.570579548452944,107.9166097843607],[22.57056292724737,107.91664345978019],[22.570552691960515,107.9166799997283],[22.570549235927253,107.916718],[22.570552691960515,107.9167560002717],[22.57056292724737,107.91679254021982],[22.570579548452944,107.9168262156393],[22.570601916835795,107.91685573240584],[22.570629172794064,107.9168799562077],[22.57066026889912,107.9168979561367],[22.57069401014725,107.9169090404625],[22.57072909988265,107.916912783216]]}]}]}