{"id":839,"ref":"Trạm thu phí","highways":[{"ways":[{"nodes":[[102.1325457,18.7212873]],"buffer_geometry":[[18.721287299904326,102.132735612115],[18.721322389647842,102.13273196304561],[18.72135613091905,102.13272115598744],[18.72138722705866,102.13270360624595],[18.721414483057693,102.13267998824537],[18.721436851481304,102.13265120961131],[18.721453472721432,102.13261837629145],[18.721463708031383,102.13258275005433],[18.721467164072745,102.1325457],[18.721463708031383,102.13250864994566],[18.721453472721432,102.13247302370854],[18.721436851481304,102.13244019038868],[18.721414483057693,102.13241141175462],[18.72138722705866,102.13238779375403],[18.72135613091905,102.13237024401253],[18.721322389647842,102.13235943695437],[18.721287299904326,102.13235578788499],[18.721252210168096,102.13235943703168],[18.72121846891762,102.1323702441554],[18.721187372809048,102.1323877939407],[18.721160116846633,102.13241141195667],[18.721137748459636,102.13244019057534],[18.721121127250544,102.1324730238514],[18.72111089196134,102.13250865002297],[18.721107435927255,102.1325457],[18.72111089196134,102.132582749977],[18.721121127250544,102.13261837614859],[18.721137748459636,102.13265120942465],[18.721160116846633,102.13267998804332],[18.721187372809048,102.1327036060593],[18.72121846891762,102.13272115584459],[18.721252210168096,102.13273196296831],[18.721287299904326,102.132735612115]]}]}]}