{"id":196,"ref":"Trạm thu phí","highways":[{"ways":[{"nodes":[[108.9117745,22.2869032]],"buffer_geometry":[[22.28690319988429,108.91196888535231],[22.286938289628566,108.91196515034011],[22.286972030901953,108.91195408873683],[22.287003127044812,108.91193612562905],[22.287030383047675,108.91191195132583],[22.28705275147512,108.911882494831],[22.287069372718502,108.91184888814226],[22.28707960803062,108.91181242274884],[22.287083064072746,108.9117745],[22.28707960803062,108.91173657725119],[22.287069372718502,108.91170011185777],[22.28705275147512,108.91166650516902],[22.287030383047675,108.9116370486742],[22.287003127044812,108.91161287437097],[22.286972030901953,108.9115949112632],[22.286938289628566,108.9115838496599],[22.28690319988429,108.91158011464772],[22.286868110148824,108.91158384975562],[22.28683436890052,108.91159491144003],[22.2868032727952,108.91161287460204],[22.286776016836615,108.9116370489243],[22.286753648453455,108.91166650540008],[22.286737027247614,108.91170011203462],[22.286726791960575,108.9117365773469],[22.286723335927256,108.9117745],[22.286726791960575,108.91181242265313],[22.286737027247614,108.9118488879654],[22.286753648453455,108.91188249459995],[22.286776016836615,108.91191195107572],[22.2868032727952,108.91193612539799],[22.28683436890052,108.91195408855998],[22.286868110148824,108.91196515024441],[22.28690319988429,108.91196888535231]]}]}]}