{"id":62,"ref":"Trạm thu phí","highways":[{"ways":[{"nodes":[[108.2459737,22.1310734]],"buffer_geometry":[[22.13107339988518,108.2461678696256],[22.131108489629426,108.24616413875812],[22.13114223090271,108.24615308943056],[22.131173327045424,108.24613514625783],[22.13120058304812,108.24611099878291],[22.13122295147539,108.24608157497865],[22.131239572718624,108.24604800558642],[22.131249808030653,108.24601158066221],[22.13125326407274,108.2459737],[22.131249808030653,108.24593581933779],[22.131239572718624,108.24589939441358],[22.13122295147539,108.24586582502135],[22.13120058304812,108.24583640121709],[22.131173327045424,108.24581225374217],[22.13114223090271,108.24579431056944],[22.131108489629426,108.24578326124188],[22.13107339988518,108.2457795303744],[22.131038310149684,108.24578326133675],[22.13100456890128,108.24579431074473],[22.130973472795812,108.2458122539712],[22.130946216837057,108.24583640146498],[22.130923848453726,108.24586582525038],[22.13090722724774,108.24589939458886],[22.130896991960608,108.24593581943266],[22.130893535927253,108.2459737],[22.130896991960608,108.24601158056734],[22.13090722724774,108.24604800541114],[22.130923848453726,108.24608157474962],[22.130946216837057,108.24611099853502],[22.130973472795812,108.2461351460288],[22.13100456890128,108.24615308925527],[22.131038310149684,108.24616413866325],[22.13107339988518,108.2461678696256]]}]}]}